EEEEEE.....EEEEEEEEEEEEE...EEE...EEEEEEEEEEEEEEEEEEEEEEEEEEEEEEEEEEEEEEE [ 24%]
EEEE...EEEEEEEEEEEEEEEEE................................................ [ 48%]
........................................................................ [ 73%]
........................................................................ [ 97%]
......                                                                   [100%]
==================================== ERRORS ====================================
_________ ERROR at setup of test_authentication_and_csrf_are_required __________
.venv/lib/python3.12/site-packages/sqlalchemy/engine/base.py:144: in __init__
    self._dbapi_connection = engine.raw_connection()
                             ^^^^^^^^^^^^^^^^^^^^^^^
.venv/lib/python3.12/site-packages/sqlalchemy/engine/base.py:3319: in raw_connection
    return self.pool.connect()
           ^^^^^^^^^^^^^^^^^^^
.venv/lib/python3.12/site-packages/sqlalchemy/pool/base.py:448: in connect
    return _ConnectionFairy._checkout(self)
           ^^^^^^^^^^^^^^^^^^^^^^^^^^^^^^^^
.venv/lib/python3.12/site-packages/sqlalchemy/pool/base.py:1290: in _checkout
    fairy = _ConnectionRecord.checkout(pool)
            ^^^^^^^^^^^^^^^^^^^^^^^^^^^^^^^^
.venv/lib/python3.12/site-packages/sqlalchemy/pool/base.py:712: in checkout
    rec = pool._do_get()
          ^^^^^^^^^^^^^^
.venv/lib/python3.12/site-packages/sqlalchemy/pool/impl.py:178: in _do_get
    with util.safe_reraise():
         ^^^^^^^^^^^^^^^^^^^
.venv/lib/python3.12/site-packages/sqlalchemy/util/langhelpers.py:122: in __exit__
    raise exc_value.with_traceback(exc_tb)
.venv/lib/python3.12/site-packages/sqlalchemy/pool/impl.py:176: in _do_get
    return self._create_connection()
           ^^^^^^^^^^^^^^^^^^^^^^^^^
.venv/lib/python3.12/site-packages/sqlalchemy/pool/base.py:389: in _create_connection
    return _ConnectionRecord(self)
           ^^^^^^^^^^^^^^^^^^^^^^^
.venv/lib/python3.12/site-packages/sqlalchemy/pool/base.py:674: in __init__
    self.__connect()
.venv/lib/python3.12/site-packages/sqlalchemy/pool/base.py:900: in __connect
    with util.safe_reraise():
         ^^^^^^^^^^^^^^^^^^^
.venv/lib/python3.12/site-packages/sqlalchemy/util/langhelpers.py:122: in __exit__
    raise exc_value.with_traceback(exc_tb)
.venv/lib/python3.12/site-packages/sqlalchemy/pool/base.py:896: in __connect
    self.dbapi_connection = connection = pool._invoke_creator(self)
                                         ^^^^^^^^^^^^^^^^^^^^^^^^^^
.venv/lib/python3.12/site-packages/sqlalchemy/engine/create.py:667: in connect
    return dialect.connect(*cargs_tup, **cparams)
           ^^^^^^^^^^^^^^^^^^^^^^^^^^^^^^^^^^^^^^
.venv/lib/python3.12/site-packages/sqlalchemy/engine/default.py:630: in connect
    return self.loaded_dbapi.connect(*cargs, **cparams)  # type: ignore[no-any-return]  # NOQA: E501
           ^^^^^^^^^^^^^^^^^^^^^^^^^^^^^^^^^^^^^^^^^^^^
.venv/lib/python3.12/site-packages/psycopg/connection.py:126: in connect
    raise last_ex.with_traceback(None)
E   psycopg.OperationalError: connection failed: connection to server at "127.0.0.1", port 55432 failed: could not receive data from server: Connection refused

The above exception was the direct cause of the following exception:
tests/integration/conftest.py:24: in engine
    with administrative.connect() as connection:
         ^^^^^^^^^^^^^^^^^^^^^^^^
.venv/lib/python3.12/site-packages/sqlalchemy/engine/base.py:3295: in connect
    return self._connection_cls(self)
           ^^^^^^^^^^^^^^^^^^^^^^^^^^
.venv/lib/python3.12/site-packages/sqlalchemy/engine/base.py:146: in __init__
    Connection._handle_dbapi_exception_noconnection(
.venv/lib/python3.12/site-packages/sqlalchemy/engine/base.py:2450: in _handle_dbapi_exception_noconnection
    raise sqlalchemy_exception.with_traceback(exc_info[2]) from e
.venv/lib/python3.12/site-packages/sqlalchemy/engine/base.py:144: in __init__
    self._dbapi_connection = engine.raw_connection()
                             ^^^^^^^^^^^^^^^^^^^^^^^
.venv/lib/python3.12/site-packages/sqlalchemy/engine/base.py:3319: in raw_connection
    return self.pool.connect()
           ^^^^^^^^^^^^^^^^^^^
.venv/lib/python3.12/site-packages/sqlalchemy/pool/base.py:448: in connect
    return _ConnectionFairy._checkout(self)
           ^^^^^^^^^^^^^^^^^^^^^^^^^^^^^^^^
.venv/lib/python3.12/site-packages/sqlalchemy/pool/base.py:1290: in _checkout
    fairy = _ConnectionRecord.checkout(pool)
            ^^^^^^^^^^^^^^^^^^^^^^^^^^^^^^^^
.venv/lib/python3.12/site-packages/sqlalchemy/pool/base.py:712: in checkout
    rec = pool._do_get()
          ^^^^^^^^^^^^^^
.venv/lib/python3.12/site-packages/sqlalchemy/pool/impl.py:178: in _do_get
    with util.safe_reraise():
         ^^^^^^^^^^^^^^^^^^^
.venv/lib/python3.12/site-packages/sqlalchemy/util/langhelpers.py:122: in __exit__
    raise exc_value.with_traceback(exc_tb)
.venv/lib/python3.12/site-packages/sqlalchemy/pool/impl.py:176: in _do_get
    return self._create_connection()
           ^^^^^^^^^^^^^^^^^^^^^^^^^
.venv/lib/python3.12/site-packages/sqlalchemy/pool/base.py:389: in _create_connection
    return _ConnectionRecord(self)
           ^^^^^^^^^^^^^^^^^^^^^^^
.venv/lib/python3.12/site-packages/sqlalchemy/pool/base.py:674: in __init__
    self.__connect()
.venv/lib/python3.12/site-packages/sqlalchemy/pool/base.py:900: in __connect
    with util.safe_reraise():
         ^^^^^^^^^^^^^^^^^^^
.venv/lib/python3.12/site-packages/sqlalchemy/util/langhelpers.py:122: in __exit__
    raise exc_value.with_traceback(exc_tb)
.venv/lib/python3.12/site-packages/sqlalchemy/pool/base.py:896: in __connect
    self.dbapi_connection = connection = pool._invoke_creator(self)
                                         ^^^^^^^^^^^^^^^^^^^^^^^^^^
.venv/lib/python3.12/site-packages/sqlalchemy/engine/create.py:667: in connect
    return dialect.connect(*cargs_tup, **cparams)
           ^^^^^^^^^^^^^^^^^^^^^^^^^^^^^^^^^^^^^^
.venv/lib/python3.12/site-packages/sqlalchemy/engine/default.py:630: in connect
    return self.loaded_dbapi.connect(*cargs, **cparams)  # type: ignore[no-any-return]  # NOQA: E501
           ^^^^^^^^^^^^^^^^^^^^^^^^^^^^^^^^^^^^^^^^^^^^
.venv/lib/python3.12/site-packages/psycopg/connection.py:126: in connect
    raise last_ex.with_traceback(None)
E   sqlalchemy.exc.OperationalError: (psycopg.OperationalError) connection failed: connection to server at "127.0.0.1", port 55432 failed: could not receive data from server: Connection refused
E   (Background on this error at: https://sqlalche.me/e/20/e3q8)
_ ERROR at setup of test_scene_api_persists_version_and_rejects_project_escape _
.venv/lib/python3.12/site-packages/sqlalchemy/engine/base.py:144: in __init__
    self._dbapi_connection = engine.raw_connection()
                             ^^^^^^^^^^^^^^^^^^^^^^^
.venv/lib/python3.12/site-packages/sqlalchemy/engine/base.py:3319: in raw_connection
    return self.pool.connect()
           ^^^^^^^^^^^^^^^^^^^
.venv/lib/python3.12/site-packages/sqlalchemy/pool/base.py:448: in connect
    return _ConnectionFairy._checkout(self)
           ^^^^^^^^^^^^^^^^^^^^^^^^^^^^^^^^
.venv/lib/python3.12/site-packages/sqlalchemy/pool/base.py:1290: in _checkout
    fairy = _ConnectionRecord.checkout(pool)
            ^^^^^^^^^^^^^^^^^^^^^^^^^^^^^^^^
.venv/lib/python3.12/site-packages/sqlalchemy/pool/base.py:712: in checkout
    rec = pool._do_get()
          ^^^^^^^^^^^^^^
.venv/lib/python3.12/site-packages/sqlalchemy/pool/impl.py:178: in _do_get
    with util.safe_reraise():
         ^^^^^^^^^^^^^^^^^^^
.venv/lib/python3.12/site-packages/sqlalchemy/util/langhelpers.py:122: in __exit__
    raise exc_value.with_traceback(exc_tb)
.venv/lib/python3.12/site-packages/sqlalchemy/pool/impl.py:176: in _do_get
    return self._create_connection()
           ^^^^^^^^^^^^^^^^^^^^^^^^^
.venv/lib/python3.12/site-packages/sqlalchemy/pool/base.py:389: in _create_connection
    return _ConnectionRecord(self)
           ^^^^^^^^^^^^^^^^^^^^^^^
.venv/lib/python3.12/site-packages/sqlalchemy/pool/base.py:674: in __init__
    self.__connect()
.venv/lib/python3.12/site-packages/sqlalchemy/pool/base.py:900: in __connect
    with util.safe_reraise():
         ^^^^^^^^^^^^^^^^^^^
.venv/lib/python3.12/site-packages/sqlalchemy/util/langhelpers.py:122: in __exit__
    raise exc_value.with_traceback(exc_tb)
.venv/lib/python3.12/site-packages/sqlalchemy/pool/base.py:896: in __connect
    self.dbapi_connection = connection = pool._invoke_creator(self)
                                         ^^^^^^^^^^^^^^^^^^^^^^^^^^
.venv/lib/python3.12/site-packages/sqlalchemy/engine/create.py:667: in connect
    return dialect.connect(*cargs_tup, **cparams)
           ^^^^^^^^^^^^^^^^^^^^^^^^^^^^^^^^^^^^^^
.venv/lib/python3.12/site-packages/sqlalchemy/engine/default.py:630: in connect
    return self.loaded_dbapi.connect(*cargs, **cparams)  # type: ignore[no-any-return]  # NOQA: E501
           ^^^^^^^^^^^^^^^^^^^^^^^^^^^^^^^^^^^^^^^^^^^^
.venv/lib/python3.12/site-packages/psycopg/connection.py:126: in connect
    raise last_ex.with_traceback(None)
E   psycopg.OperationalError: connection failed: connection to server at "127.0.0.1", port 55432 failed: could not receive data from server: Connection refused

The above exception was the direct cause of the following exception:
tests/integration/conftest.py:24: in engine
    with administrative.connect() as connection:
         ^^^^^^^^^^^^^^^^^^^^^^^^
.venv/lib/python3.12/site-packages/sqlalchemy/engine/base.py:3295: in connect
    return self._connection_cls(self)
           ^^^^^^^^^^^^^^^^^^^^^^^^^^
.venv/lib/python3.12/site-packages/sqlalchemy/engine/base.py:146: in __init__
    Connection._handle_dbapi_exception_noconnection(
.venv/lib/python3.12/site-packages/sqlalchemy/engine/base.py:2450: in _handle_dbapi_exception_noconnection
    raise sqlalchemy_exception.with_traceback(exc_info[2]) from e
.venv/lib/python3.12/site-packages/sqlalchemy/engine/base.py:144: in __init__
    self._dbapi_connection = engine.raw_connection()
                             ^^^^^^^^^^^^^^^^^^^^^^^
.venv/lib/python3.12/site-packages/sqlalchemy/engine/base.py:3319: in raw_connection
    return self.pool.connect()
           ^^^^^^^^^^^^^^^^^^^
.venv/lib/python3.12/site-packages/sqlalchemy/pool/base.py:448: in connect
    return _ConnectionFairy._checkout(self)
           ^^^^^^^^^^^^^^^^^^^^^^^^^^^^^^^^
.venv/lib/python3.12/site-packages/sqlalchemy/pool/base.py:1290: in _checkout
    fairy = _ConnectionRecord.checkout(pool)
            ^^^^^^^^^^^^^^^^^^^^^^^^^^^^^^^^
.venv/lib/python3.12/site-packages/sqlalchemy/pool/base.py:712: in checkout
    rec = pool._do_get()
          ^^^^^^^^^^^^^^
.venv/lib/python3.12/site-packages/sqlalchemy/pool/impl.py:178: in _do_get
    with util.safe_reraise():
         ^^^^^^^^^^^^^^^^^^^
.venv/lib/python3.12/site-packages/sqlalchemy/util/langhelpers.py:122: in __exit__
    raise exc_value.with_traceback(exc_tb)
.venv/lib/python3.12/site-packages/sqlalchemy/pool/impl.py:176: in _do_get
    return self._create_connection()
           ^^^^^^^^^^^^^^^^^^^^^^^^^
.venv/lib/python3.12/site-packages/sqlalchemy/pool/base.py:389: in _create_connection
    return _ConnectionRecord(self)
           ^^^^^^^^^^^^^^^^^^^^^^^
.venv/lib/python3.12/site-packages/sqlalchemy/pool/base.py:674: in __init__
    self.__connect()
.venv/lib/python3.12/site-packages/sqlalchemy/pool/base.py:900: in __connect
    with util.safe_reraise():
         ^^^^^^^^^^^^^^^^^^^
.venv/lib/python3.12/site-packages/sqlalchemy/util/langhelpers.py:122: in __exit__
    raise exc_value.with_traceback(exc_tb)
.venv/lib/python3.12/site-packages/sqlalchemy/pool/base.py:896: in __connect
    self.dbapi_connection = connection = pool._invoke_creator(self)
                                         ^^^^^^^^^^^^^^^^^^^^^^^^^^
.venv/lib/python3.12/site-packages/sqlalchemy/engine/create.py:667: in connect
    return dialect.connect(*cargs_tup, **cparams)
           ^^^^^^^^^^^^^^^^^^^^^^^^^^^^^^^^^^^^^^
.venv/lib/python3.12/site-packages/sqlalchemy/engine/default.py:630: in connect
    return self.loaded_dbapi.connect(*cargs, **cparams)  # type: ignore[no-any-return]  # NOQA: E501
           ^^^^^^^^^^^^^^^^^^^^^^^^^^^^^^^^^^^^^^^^^^^^
.venv/lib/python3.12/site-packages/psycopg/connection.py:126: in connect
    raise last_ex.with_traceback(None)
E   sqlalchemy.exc.OperationalError: (psycopg.OperationalError) connection failed: connection to server at "127.0.0.1", port 55432 failed: could not receive data from server: Connection refused
E   (Background on this error at: https://sqlalche.me/e/20/e3q8)
_ ERROR at setup of test_logout_revokes_cookie_and_errors_do_not_echo_password _
.venv/lib/python3.12/site-packages/sqlalchemy/engine/base.py:144: in __init__
    self._dbapi_connection = engine.raw_connection()
                             ^^^^^^^^^^^^^^^^^^^^^^^
.venv/lib/python3.12/site-packages/sqlalchemy/engine/base.py:3319: in raw_connection
    return self.pool.connect()
           ^^^^^^^^^^^^^^^^^^^
.venv/lib/python3.12/site-packages/sqlalchemy/pool/base.py:448: in connect
    return _ConnectionFairy._checkout(self)
           ^^^^^^^^^^^^^^^^^^^^^^^^^^^^^^^^
.venv/lib/python3.12/site-packages/sqlalchemy/pool/base.py:1290: in _checkout
    fairy = _ConnectionRecord.checkout(pool)
            ^^^^^^^^^^^^^^^^^^^^^^^^^^^^^^^^
.venv/lib/python3.12/site-packages/sqlalchemy/pool/base.py:712: in checkout
    rec = pool._do_get()
          ^^^^^^^^^^^^^^
.venv/lib/python3.12/site-packages/sqlalchemy/pool/impl.py:178: in _do_get
    with util.safe_reraise():
         ^^^^^^^^^^^^^^^^^^^
.venv/lib/python3.12/site-packages/sqlalchemy/util/langhelpers.py:122: in __exit__
    raise exc_value.with_traceback(exc_tb)
.venv/lib/python3.12/site-packages/sqlalchemy/pool/impl.py:176: in _do_get
    return self._create_connection()
           ^^^^^^^^^^^^^^^^^^^^^^^^^
.venv/lib/python3.12/site-packages/sqlalchemy/pool/base.py:389: in _create_connection
    return _ConnectionRecord(self)
           ^^^^^^^^^^^^^^^^^^^^^^^
.venv/lib/python3.12/site-packages/sqlalchemy/pool/base.py:674: in __init__
    self.__connect()
.venv/lib/python3.12/site-packages/sqlalchemy/pool/base.py:900: in __connect
    with util.safe_reraise():
         ^^^^^^^^^^^^^^^^^^^
.venv/lib/python3.12/site-packages/sqlalchemy/util/langhelpers.py:122: in __exit__
    raise exc_value.with_traceback(exc_tb)
.venv/lib/python3.12/site-packages/sqlalchemy/pool/base.py:896: in __connect
    self.dbapi_connection = connection = pool._invoke_creator(self)
                                         ^^^^^^^^^^^^^^^^^^^^^^^^^^
.venv/lib/python3.12/site-packages/sqlalchemy/engine/create.py:667: in connect
    return dialect.connect(*cargs_tup, **cparams)
           ^^^^^^^^^^^^^^^^^^^^^^^^^^^^^^^^^^^^^^
.venv/lib/python3.12/site-packages/sqlalchemy/engine/default.py:630: in connect
    return self.loaded_dbapi.connect(*cargs, **cparams)  # type: ignore[no-any-return]  # NOQA: E501
           ^^^^^^^^^^^^^^^^^^^^^^^^^^^^^^^^^^^^^^^^^^^^
.venv/lib/python3.12/site-packages/psycopg/connection.py:126: in connect
    raise last_ex.with_traceback(None)
E   psycopg.OperationalError: connection failed: connection to server at "127.0.0.1", port 55432 failed: could not receive data from server: Connection refused

The above exception was the direct cause of the following exception:
tests/integration/conftest.py:24: in engine
    with administrative.connect() as connection:
         ^^^^^^^^^^^^^^^^^^^^^^^^
.venv/lib/python3.12/site-packages/sqlalchemy/engine/base.py:3295: in connect
    return self._connection_cls(self)
           ^^^^^^^^^^^^^^^^^^^^^^^^^^
.venv/lib/python3.12/site-packages/sqlalchemy/engine/base.py:146: in __init__
    Connection._handle_dbapi_exception_noconnection(
.venv/lib/python3.12/site-packages/sqlalchemy/engine/base.py:2450: in _handle_dbapi_exception_noconnection
    raise sqlalchemy_exception.with_traceback(exc_info[2]) from e
.venv/lib/python3.12/site-packages/sqlalchemy/engine/base.py:144: in __init__
    self._dbapi_connection = engine.raw_connection()
                             ^^^^^^^^^^^^^^^^^^^^^^^
.venv/lib/python3.12/site-packages/sqlalchemy/engine/base.py:3319: in raw_connection
    return self.pool.connect()
           ^^^^^^^^^^^^^^^^^^^
.venv/lib/python3.12/site-packages/sqlalchemy/pool/base.py:448: in connect
    return _ConnectionFairy._checkout(self)
           ^^^^^^^^^^^^^^^^^^^^^^^^^^^^^^^^
.venv/lib/python3.12/site-packages/sqlalchemy/pool/base.py:1290: in _checkout
    fairy = _ConnectionRecord.checkout(pool)
            ^^^^^^^^^^^^^^^^^^^^^^^^^^^^^^^^
.venv/lib/python3.12/site-packages/sqlalchemy/pool/base.py:712: in checkout
    rec = pool._do_get()
          ^^^^^^^^^^^^^^
.venv/lib/python3.12/site-packages/sqlalchemy/pool/impl.py:178: in _do_get
    with util.safe_reraise():
         ^^^^^^^^^^^^^^^^^^^
.venv/lib/python3.12/site-packages/sqlalchemy/util/langhelpers.py:122: in __exit__
    raise exc_value.with_traceback(exc_tb)
.venv/lib/python3.12/site-packages/sqlalchemy/pool/impl.py:176: in _do_get
    return self._create_connection()
           ^^^^^^^^^^^^^^^^^^^^^^^^^
.venv/lib/python3.12/site-packages/sqlalchemy/pool/base.py:389: in _create_connection
    return _ConnectionRecord(self)
           ^^^^^^^^^^^^^^^^^^^^^^^
.venv/lib/python3.12/site-packages/sqlalchemy/pool/base.py:674: in __init__
    self.__connect()
.venv/lib/python3.12/site-packages/sqlalchemy/pool/base.py:900: in __connect
    with util.safe_reraise():
         ^^^^^^^^^^^^^^^^^^^
.venv/lib/python3.12/site-packages/sqlalchemy/util/langhelpers.py:122: in __exit__
    raise exc_value.with_traceback(exc_tb)
.venv/lib/python3.12/site-packages/sqlalchemy/pool/base.py:896: in __connect
    self.dbapi_connection = connection = pool._invoke_creator(self)
                                         ^^^^^^^^^^^^^^^^^^^^^^^^^^
.venv/lib/python3.12/site-packages/sqlalchemy/engine/create.py:667: in connect
    return dialect.connect(*cargs_tup, **cparams)
           ^^^^^^^^^^^^^^^^^^^^^^^^^^^^^^^^^^^^^^
.venv/lib/python3.12/site-packages/sqlalchemy/engine/default.py:630: in connect
    return self.loaded_dbapi.connect(*cargs, **cparams)  # type: ignore[no-any-return]  # NOQA: E501
           ^^^^^^^^^^^^^^^^^^^^^^^^^^^^^^^^^^^^^^^^^^^^
.venv/lib/python3.12/site-packages/psycopg/connection.py:126: in connect
    raise last_ex.with_traceback(None)
E   sqlalchemy.exc.OperationalError: (psycopg.OperationalError) connection failed: connection to server at "127.0.0.1", port 55432 failed: could not receive data from server: Connection refused
E   (Background on this error at: https://sqlalche.me/e/20/e3q8)
_ ERROR at setup of test_registered_assessment_nodes_execute_real_stored_frames_as_dag[False] _
src/coastmas/adapters/storage.py:89: in ensure_bucket
    self.client.head_bucket(Bucket=self.bucket)
.venv/lib/python3.12/site-packages/botocore/client.py:606: in _api_call
    return self._make_api_call(operation_name, kwargs)
           ^^^^^^^^^^^^^^^^^^^^^^^^^^^^^^^^^^^^^^^^^^^
.venv/lib/python3.12/site-packages/botocore/context.py:123: in wrapper
    return func(*args, **kwargs)
           ^^^^^^^^^^^^^^^^^^^^^
.venv/lib/python3.12/site-packages/botocore/client.py:1094: in _make_api_call
    raise error_class(parsed_response, operation_name)
E   botocore.exceptions.ClientError: An error occurred (502) when calling the HeadBucket operation (reached max retries: 0): Bad Gateway

The above exception was the direct cause of the following exception:
tests/integration/conftest.py:83: in storage
    store.ensure_bucket()
src/coastmas/adapters/storage.py:92: in ensure_bucket
    raise CoastMASError(
E   coastmas.core.errors.CoastMASError: object storage bucket is unavailable
_ ERROR at setup of test_registered_assessment_nodes_execute_real_stored_frames_as_dag[True] _
src/coastmas/adapters/storage.py:89: in ensure_bucket
    self.client.head_bucket(Bucket=self.bucket)
.venv/lib/python3.12/site-packages/botocore/client.py:606: in _api_call
    return self._make_api_call(operation_name, kwargs)
           ^^^^^^^^^^^^^^^^^^^^^^^^^^^^^^^^^^^^^^^^^^^
.venv/lib/python3.12/site-packages/botocore/context.py:123: in wrapper
    return func(*args, **kwargs)
           ^^^^^^^^^^^^^^^^^^^^^
.venv/lib/python3.12/site-packages/botocore/client.py:1094: in _make_api_call
    raise error_class(parsed_response, operation_name)
E   botocore.exceptions.ClientError: An error occurred (502) when calling the HeadBucket operation (reached max retries: 0): Bad Gateway

The above exception was the direct cause of the following exception:
tests/integration/conftest.py:83: in storage
    store.ensure_bucket()
src/coastmas/adapters/storage.py:92: in ensure_bucket
    raise CoastMASError(
E   coastmas.core.errors.CoastMASError: object storage bucket is unavailable
_ ERROR at setup of test_scenario_a_registered_dag_reads_actual_tiff_geojson_csv _
src/coastmas/adapters/storage.py:89: in ensure_bucket
    self.client.head_bucket(Bucket=self.bucket)
.venv/lib/python3.12/site-packages/botocore/client.py:606: in _api_call
    return self._make_api_call(operation_name, kwargs)
           ^^^^^^^^^^^^^^^^^^^^^^^^^^^^^^^^^^^^^^^^^^^
.venv/lib/python3.12/site-packages/botocore/context.py:123: in wrapper
    return func(*args, **kwargs)
           ^^^^^^^^^^^^^^^^^^^^^
.venv/lib/python3.12/site-packages/botocore/client.py:1094: in _make_api_call
    raise error_class(parsed_response, operation_name)
E   botocore.exceptions.ClientError: An error occurred (502) when calling the HeadBucket operation (reached max retries: 0): Bad Gateway

The above exception was the direct cause of the following exception:
tests/integration/conftest.py:83: in storage
    store.ensure_bucket()
src/coastmas/adapters/storage.py:92: in ensure_bucket
    raise CoastMASError(
E   coastmas.core.errors.CoastMASError: object storage bucket is unavailable
_ ERROR at setup of test_upload_reads_real_csv_and_validates_versioned_catalog _
.venv/lib/python3.12/site-packages/sqlalchemy/engine/base.py:144: in __init__
    self._dbapi_connection = engine.raw_connection()
                             ^^^^^^^^^^^^^^^^^^^^^^^
.venv/lib/python3.12/site-packages/sqlalchemy/engine/base.py:3319: in raw_connection
    return self.pool.connect()
           ^^^^^^^^^^^^^^^^^^^
.venv/lib/python3.12/site-packages/sqlalchemy/pool/base.py:448: in connect
    return _ConnectionFairy._checkout(self)
           ^^^^^^^^^^^^^^^^^^^^^^^^^^^^^^^^
.venv/lib/python3.12/site-packages/sqlalchemy/pool/base.py:1290: in _checkout
    fairy = _ConnectionRecord.checkout(pool)
            ^^^^^^^^^^^^^^^^^^^^^^^^^^^^^^^^
.venv/lib/python3.12/site-packages/sqlalchemy/pool/base.py:712: in checkout
    rec = pool._do_get()
          ^^^^^^^^^^^^^^
.venv/lib/python3.12/site-packages/sqlalchemy/pool/impl.py:178: in _do_get
    with util.safe_reraise():
         ^^^^^^^^^^^^^^^^^^^
.venv/lib/python3.12/site-packages/sqlalchemy/util/langhelpers.py:122: in __exit__
    raise exc_value.with_traceback(exc_tb)
.venv/lib/python3.12/site-packages/sqlalchemy/pool/impl.py:176: in _do_get
    return self._create_connection()
           ^^^^^^^^^^^^^^^^^^^^^^^^^
.venv/lib/python3.12/site-packages/sqlalchemy/pool/base.py:389: in _create_connection
    return _ConnectionRecord(self)
           ^^^^^^^^^^^^^^^^^^^^^^^
.venv/lib/python3.12/site-packages/sqlalchemy/pool/base.py:674: in __init__
    self.__connect()
.venv/lib/python3.12/site-packages/sqlalchemy/pool/base.py:900: in __connect
    with util.safe_reraise():
         ^^^^^^^^^^^^^^^^^^^
.venv/lib/python3.12/site-packages/sqlalchemy/util/langhelpers.py:122: in __exit__
    raise exc_value.with_traceback(exc_tb)
.venv/lib/python3.12/site-packages/sqlalchemy/pool/base.py:896: in __connect
    self.dbapi_connection = connection = pool._invoke_creator(self)
                                         ^^^^^^^^^^^^^^^^^^^^^^^^^^
.venv/lib/python3.12/site-packages/sqlalchemy/engine/create.py:667: in connect
    return dialect.connect(*cargs_tup, **cparams)
           ^^^^^^^^^^^^^^^^^^^^^^^^^^^^^^^^^^^^^^
.venv/lib/python3.12/site-packages/sqlalchemy/engine/default.py:630: in connect
    return self.loaded_dbapi.connect(*cargs, **cparams)  # type: ignore[no-any-return]  # NOQA: E501
           ^^^^^^^^^^^^^^^^^^^^^^^^^^^^^^^^^^^^^^^^^^^^
.venv/lib/python3.12/site-packages/psycopg/connection.py:126: in connect
    raise last_ex.with_traceback(None)
E   psycopg.OperationalError: connection failed: connection to server at "127.0.0.1", port 55432 failed: could not receive data from server: Connection refused

The above exception was the direct cause of the following exception:
tests/integration/conftest.py:24: in engine
    with administrative.connect() as connection:
         ^^^^^^^^^^^^^^^^^^^^^^^^
.venv/lib/python3.12/site-packages/sqlalchemy/engine/base.py:3295: in connect
    return self._connection_cls(self)
           ^^^^^^^^^^^^^^^^^^^^^^^^^^
.venv/lib/python3.12/site-packages/sqlalchemy/engine/base.py:146: in __init__
    Connection._handle_dbapi_exception_noconnection(
.venv/lib/python3.12/site-packages/sqlalchemy/engine/base.py:2450: in _handle_dbapi_exception_noconnection
    raise sqlalchemy_exception.with_traceback(exc_info[2]) from e
.venv/lib/python3.12/site-packages/sqlalchemy/engine/base.py:144: in __init__
    self._dbapi_connection = engine.raw_connection()
                             ^^^^^^^^^^^^^^^^^^^^^^^
.venv/lib/python3.12/site-packages/sqlalchemy/engine/base.py:3319: in raw_connection
    return self.pool.connect()
           ^^^^^^^^^^^^^^^^^^^
.venv/lib/python3.12/site-packages/sqlalchemy/pool/base.py:448: in connect
    return _ConnectionFairy._checkout(self)
           ^^^^^^^^^^^^^^^^^^^^^^^^^^^^^^^^
.venv/lib/python3.12/site-packages/sqlalchemy/pool/base.py:1290: in _checkout
    fairy = _ConnectionRecord.checkout(pool)
            ^^^^^^^^^^^^^^^^^^^^^^^^^^^^^^^^
.venv/lib/python3.12/site-packages/sqlalchemy/pool/base.py:712: in checkout
    rec = pool._do_get()
          ^^^^^^^^^^^^^^
.venv/lib/python3.12/site-packages/sqlalchemy/pool/impl.py:178: in _do_get
    with util.safe_reraise():
         ^^^^^^^^^^^^^^^^^^^
.venv/lib/python3.12/site-packages/sqlalchemy/util/langhelpers.py:122: in __exit__
    raise exc_value.with_traceback(exc_tb)
.venv/lib/python3.12/site-packages/sqlalchemy/pool/impl.py:176: in _do_get
    return self._create_connection()
           ^^^^^^^^^^^^^^^^^^^^^^^^^
.venv/lib/python3.12/site-packages/sqlalchemy/pool/base.py:389: in _create_connection
    return _ConnectionRecord(self)
           ^^^^^^^^^^^^^^^^^^^^^^^
.venv/lib/python3.12/site-packages/sqlalchemy/pool/base.py:674: in __init__
    self.__connect()
.venv/lib/python3.12/site-packages/sqlalchemy/pool/base.py:900: in __connect
    with util.safe_reraise():
         ^^^^^^^^^^^^^^^^^^^
.venv/lib/python3.12/site-packages/sqlalchemy/util/langhelpers.py:122: in __exit__
    raise exc_value.with_traceback(exc_tb)
.venv/lib/python3.12/site-packages/sqlalchemy/pool/base.py:896: in __connect
    self.dbapi_connection = connection = pool._invoke_creator(self)
                                         ^^^^^^^^^^^^^^^^^^^^^^^^^^
.venv/lib/python3.12/site-packages/sqlalchemy/engine/create.py:667: in connect
    return dialect.connect(*cargs_tup, **cparams)
           ^^^^^^^^^^^^^^^^^^^^^^^^^^^^^^^^^^^^^^
.venv/lib/python3.12/site-packages/sqlalchemy/engine/default.py:630: in connect
    return self.loaded_dbapi.connect(*cargs, **cparams)  # type: ignore[no-any-return]  # NOQA: E501
           ^^^^^^^^^^^^^^^^^^^^^^^^^^^^^^^^^^^^^^^^^^^^
.venv/lib/python3.12/site-packages/psycopg/connection.py:126: in connect
    raise last_ex.with_traceback(None)
E   sqlalchemy.exc.OperationalError: (psycopg.OperationalError) connection failed: connection to server at "127.0.0.1", port 55432 failed: could not receive data from server: Connection refused
E   (Background on this error at: https://sqlalche.me/e/20/e3q8)
_____ ERROR at setup of test_catalog_metadata_cannot_self_certify_quality ______
.venv/lib/python3.12/site-packages/sqlalchemy/engine/base.py:144: in __init__
    self._dbapi_connection = engine.raw_connection()
                             ^^^^^^^^^^^^^^^^^^^^^^^
.venv/lib/python3.12/site-packages/sqlalchemy/engine/base.py:3319: in raw_connection
    return self.pool.connect()
           ^^^^^^^^^^^^^^^^^^^
.venv/lib/python3.12/site-packages/sqlalchemy/pool/base.py:448: in connect
    return _ConnectionFairy._checkout(self)
           ^^^^^^^^^^^^^^^^^^^^^^^^^^^^^^^^
.venv/lib/python3.12/site-packages/sqlalchemy/pool/base.py:1290: in _checkout
    fairy = _ConnectionRecord.checkout(pool)
            ^^^^^^^^^^^^^^^^^^^^^^^^^^^^^^^^
.venv/lib/python3.12/site-packages/sqlalchemy/pool/base.py:712: in checkout
    rec = pool._do_get()
          ^^^^^^^^^^^^^^
.venv/lib/python3.12/site-packages/sqlalchemy/pool/impl.py:178: in _do_get
    with util.safe_reraise():
         ^^^^^^^^^^^^^^^^^^^
.venv/lib/python3.12/site-packages/sqlalchemy/util/langhelpers.py:122: in __exit__
    raise exc_value.with_traceback(exc_tb)
.venv/lib/python3.12/site-packages/sqlalchemy/pool/impl.py:176: in _do_get
    return self._create_connection()
           ^^^^^^^^^^^^^^^^^^^^^^^^^
.venv/lib/python3.12/site-packages/sqlalchemy/pool/base.py:389: in _create_connection
    return _ConnectionRecord(self)
           ^^^^^^^^^^^^^^^^^^^^^^^
.venv/lib/python3.12/site-packages/sqlalchemy/pool/base.py:674: in __init__
    self.__connect()
.venv/lib/python3.12/site-packages/sqlalchemy/pool/base.py:900: in __connect
    with util.safe_reraise():
         ^^^^^^^^^^^^^^^^^^^
.venv/lib/python3.12/site-packages/sqlalchemy/util/langhelpers.py:122: in __exit__
    raise exc_value.with_traceback(exc_tb)
.venv/lib/python3.12/site-packages/sqlalchemy/pool/base.py:896: in __connect
    self.dbapi_connection = connection = pool._invoke_creator(self)
                                         ^^^^^^^^^^^^^^^^^^^^^^^^^^
.venv/lib/python3.12/site-packages/sqlalchemy/engine/create.py:667: in connect
    return dialect.connect(*cargs_tup, **cparams)
           ^^^^^^^^^^^^^^^^^^^^^^^^^^^^^^^^^^^^^^
.venv/lib/python3.12/site-packages/sqlalchemy/engine/default.py:630: in connect
    return self.loaded_dbapi.connect(*cargs, **cparams)  # type: ignore[no-any-return]  # NOQA: E501
           ^^^^^^^^^^^^^^^^^^^^^^^^^^^^^^^^^^^^^^^^^^^^
.venv/lib/python3.12/site-packages/psycopg/connection.py:126: in connect
    raise last_ex.with_traceback(None)
E   psycopg.OperationalError: connection failed: connection to server at "127.0.0.1", port 55432 failed: could not receive data from server: Connection refused

The above exception was the direct cause of the following exception:
tests/integration/conftest.py:24: in engine
    with administrative.connect() as connection:
         ^^^^^^^^^^^^^^^^^^^^^^^^
.venv/lib/python3.12/site-packages/sqlalchemy/engine/base.py:3295: in connect
    return self._connection_cls(self)
           ^^^^^^^^^^^^^^^^^^^^^^^^^^
.venv/lib/python3.12/site-packages/sqlalchemy/engine/base.py:146: in __init__
    Connection._handle_dbapi_exception_noconnection(
.venv/lib/python3.12/site-packages/sqlalchemy/engine/base.py:2450: in _handle_dbapi_exception_noconnection
    raise sqlalchemy_exception.with_traceback(exc_info[2]) from e
.venv/lib/python3.12/site-packages/sqlalchemy/engine/base.py:144: in __init__
    self._dbapi_connection = engine.raw_connection()
                             ^^^^^^^^^^^^^^^^^^^^^^^
.venv/lib/python3.12/site-packages/sqlalchemy/engine/base.py:3319: in raw_connection
    return self.pool.connect()
           ^^^^^^^^^^^^^^^^^^^
.venv/lib/python3.12/site-packages/sqlalchemy/pool/base.py:448: in connect
    return _ConnectionFairy._checkout(self)
           ^^^^^^^^^^^^^^^^^^^^^^^^^^^^^^^^
.venv/lib/python3.12/site-packages/sqlalchemy/pool/base.py:1290: in _checkout
    fairy = _ConnectionRecord.checkout(pool)
            ^^^^^^^^^^^^^^^^^^^^^^^^^^^^^^^^
.venv/lib/python3.12/site-packages/sqlalchemy/pool/base.py:712: in checkout
    rec = pool._do_get()
          ^^^^^^^^^^^^^^
.venv/lib/python3.12/site-packages/sqlalchemy/pool/impl.py:178: in _do_get
    with util.safe_reraise():
         ^^^^^^^^^^^^^^^^^^^
.venv/lib/python3.12/site-packages/sqlalchemy/util/langhelpers.py:122: in __exit__
    raise exc_value.with_traceback(exc_tb)
.venv/lib/python3.12/site-packages/sqlalchemy/pool/impl.py:176: in _do_get
    return self._create_connection()
           ^^^^^^^^^^^^^^^^^^^^^^^^^
.venv/lib/python3.12/site-packages/sqlalchemy/pool/base.py:389: in _create_connection
    return _ConnectionRecord(self)
           ^^^^^^^^^^^^^^^^^^^^^^^
.venv/lib/python3.12/site-packages/sqlalchemy/pool/base.py:674: in __init__
    self.__connect()
.venv/lib/python3.12/site-packages/sqlalchemy/pool/base.py:900: in __connect
    with util.safe_reraise():
         ^^^^^^^^^^^^^^^^^^^
.venv/lib/python3.12/site-packages/sqlalchemy/util/langhelpers.py:122: in __exit__
    raise exc_value.with_traceback(exc_tb)
.venv/lib/python3.12/site-packages/sqlalchemy/pool/base.py:896: in __connect
    self.dbapi_connection = connection = pool._invoke_creator(self)
                                         ^^^^^^^^^^^^^^^^^^^^^^^^^^
.venv/lib/python3.12/site-packages/sqlalchemy/engine/create.py:667: in connect
    return dialect.connect(*cargs_tup, **cparams)
           ^^^^^^^^^^^^^^^^^^^^^^^^^^^^^^^^^^^^^^
.venv/lib/python3.12/site-packages/sqlalchemy/engine/default.py:630: in connect
    return self.loaded_dbapi.connect(*cargs, **cparams)  # type: ignore[no-any-return]  # NOQA: E501
           ^^^^^^^^^^^^^^^^^^^^^^^^^^^^^^^^^^^^^^^^^^^^
.venv/lib/python3.12/site-packages/psycopg/connection.py:126: in connect
    raise last_ex.with_traceback(None)
E   sqlalchemy.exc.OperationalError: (psycopg.OperationalError) connection failed: connection to server at "127.0.0.1", port 55432 failed: could not receive data from server: Connection refused
E   (Background on this error at: https://sqlalche.me/e/20/e3q8)
____ ERROR at setup of test_corrupt_upload_does_not_create_catalog_resource ____
.venv/lib/python3.12/site-packages/sqlalchemy/engine/base.py:144: in __init__
    self._dbapi_connection = engine.raw_connection()
                             ^^^^^^^^^^^^^^^^^^^^^^^
.venv/lib/python3.12/site-packages/sqlalchemy/engine/base.py:3319: in raw_connection
    return self.pool.connect()
           ^^^^^^^^^^^^^^^^^^^
.venv/lib/python3.12/site-packages/sqlalchemy/pool/base.py:448: in connect
    return _ConnectionFairy._checkout(self)
           ^^^^^^^^^^^^^^^^^^^^^^^^^^^^^^^^
.venv/lib/python3.12/site-packages/sqlalchemy/pool/base.py:1290: in _checkout
    fairy = _ConnectionRecord.checkout(pool)
            ^^^^^^^^^^^^^^^^^^^^^^^^^^^^^^^^
.venv/lib/python3.12/site-packages/sqlalchemy/pool/base.py:712: in checkout
    rec = pool._do_get()
          ^^^^^^^^^^^^^^
.venv/lib/python3.12/site-packages/sqlalchemy/pool/impl.py:178: in _do_get
    with util.safe_reraise():
         ^^^^^^^^^^^^^^^^^^^
.venv/lib/python3.12/site-packages/sqlalchemy/util/langhelpers.py:122: in __exit__
    raise exc_value.with_traceback(exc_tb)
.venv/lib/python3.12/site-packages/sqlalchemy/pool/impl.py:176: in _do_get
    return self._create_connection()
           ^^^^^^^^^^^^^^^^^^^^^^^^^
.venv/lib/python3.12/site-packages/sqlalchemy/pool/base.py:389: in _create_connection
    return _ConnectionRecord(self)
           ^^^^^^^^^^^^^^^^^^^^^^^
.venv/lib/python3.12/site-packages/sqlalchemy/pool/base.py:674: in __init__
    self.__connect()
.venv/lib/python3.12/site-packages/sqlalchemy/pool/base.py:900: in __connect
    with util.safe_reraise():
         ^^^^^^^^^^^^^^^^^^^
.venv/lib/python3.12/site-packages/sqlalchemy/util/langhelpers.py:122: in __exit__
    raise exc_value.with_traceback(exc_tb)
.venv/lib/python3.12/site-packages/sqlalchemy/pool/base.py:896: in __connect
    self.dbapi_connection = connection = pool._invoke_creator(self)
                                         ^^^^^^^^^^^^^^^^^^^^^^^^^^
.venv/lib/python3.12/site-packages/sqlalchemy/engine/create.py:667: in connect
    return dialect.connect(*cargs_tup, **cparams)
           ^^^^^^^^^^^^^^^^^^^^^^^^^^^^^^^^^^^^^^
.venv/lib/python3.12/site-packages/sqlalchemy/engine/default.py:630: in connect
    return self.loaded_dbapi.connect(*cargs, **cparams)  # type: ignore[no-any-return]  # NOQA: E501
           ^^^^^^^^^^^^^^^^^^^^^^^^^^^^^^^^^^^^^^^^^^^^
.venv/lib/python3.12/site-packages/psycopg/connection.py:126: in connect
    raise last_ex.with_traceback(None)
E   psycopg.OperationalError: connection failed: connection to server at "127.0.0.1", port 55432 failed: could not receive data from server: Connection refused

The above exception was the direct cause of the following exception:
tests/integration/conftest.py:24: in engine
    with administrative.connect() as connection:
         ^^^^^^^^^^^^^^^^^^^^^^^^
.venv/lib/python3.12/site-packages/sqlalchemy/engine/base.py:3295: in connect
    return self._connection_cls(self)
           ^^^^^^^^^^^^^^^^^^^^^^^^^^
.venv/lib/python3.12/site-packages/sqlalchemy/engine/base.py:146: in __init__
    Connection._handle_dbapi_exception_noconnection(
.venv/lib/python3.12/site-packages/sqlalchemy/engine/base.py:2450: in _handle_dbapi_exception_noconnection
    raise sqlalchemy_exception.with_traceback(exc_info[2]) from e
.venv/lib/python3.12/site-packages/sqlalchemy/engine/base.py:144: in __init__
    self._dbapi_connection = engine.raw_connection()
                             ^^^^^^^^^^^^^^^^^^^^^^^
.venv/lib/python3.12/site-packages/sqlalchemy/engine/base.py:3319: in raw_connection
    return self.pool.connect()
           ^^^^^^^^^^^^^^^^^^^
.venv/lib/python3.12/site-packages/sqlalchemy/pool/base.py:448: in connect
    return _ConnectionFairy._checkout(self)
           ^^^^^^^^^^^^^^^^^^^^^^^^^^^^^^^^
.venv/lib/python3.12/site-packages/sqlalchemy/pool/base.py:1290: in _checkout
    fairy = _ConnectionRecord.checkout(pool)
            ^^^^^^^^^^^^^^^^^^^^^^^^^^^^^^^^
.venv/lib/python3.12/site-packages/sqlalchemy/pool/base.py:712: in checkout
    rec = pool._do_get()
          ^^^^^^^^^^^^^^
.venv/lib/python3.12/site-packages/sqlalchemy/pool/impl.py:178: in _do_get
    with util.safe_reraise():
         ^^^^^^^^^^^^^^^^^^^
.venv/lib/python3.12/site-packages/sqlalchemy/util/langhelpers.py:122: in __exit__
    raise exc_value.with_traceback(exc_tb)
.venv/lib/python3.12/site-packages/sqlalchemy/pool/impl.py:176: in _do_get
    return self._create_connection()
           ^^^^^^^^^^^^^^^^^^^^^^^^^
.venv/lib/python3.12/site-packages/sqlalchemy/pool/base.py:389: in _create_connection
    return _ConnectionRecord(self)
           ^^^^^^^^^^^^^^^^^^^^^^^
.venv/lib/python3.12/site-packages/sqlalchemy/pool/base.py:674: in __init__
    self.__connect()
.venv/lib/python3.12/site-packages/sqlalchemy/pool/base.py:900: in __connect
    with util.safe_reraise():
         ^^^^^^^^^^^^^^^^^^^
.venv/lib/python3.12/site-packages/sqlalchemy/util/langhelpers.py:122: in __exit__
    raise exc_value.with_traceback(exc_tb)
.venv/lib/python3.12/site-packages/sqlalchemy/pool/base.py:896: in __connect
    self.dbapi_connection = connection = pool._invoke_creator(self)
                                         ^^^^^^^^^^^^^^^^^^^^^^^^^^
.venv/lib/python3.12/site-packages/sqlalchemy/engine/create.py:667: in connect
    return dialect.connect(*cargs_tup, **cparams)
           ^^^^^^^^^^^^^^^^^^^^^^^^^^^^^^^^^^^^^^
.venv/lib/python3.12/site-packages/sqlalchemy/engine/default.py:630: in connect
    return self.loaded_dbapi.connect(*cargs, **cparams)  # type: ignore[no-any-return]  # NOQA: E501
           ^^^^^^^^^^^^^^^^^^^^^^^^^^^^^^^^^^^^^^^^^^^^
.venv/lib/python3.12/site-packages/psycopg/connection.py:126: in connect
    raise last_ex.with_traceback(None)
E   sqlalchemy.exc.OperationalError: (psycopg.OperationalError) connection failed: connection to server at "127.0.0.1", port 55432 failed: could not receive data from server: Connection refused
E   (Background on this error at: https://sqlalche.me/e/20/e3q8)
_ ERROR at setup of test_data_history_download_and_archive_preserve_exact_bytes _
.venv/lib/python3.12/site-packages/sqlalchemy/engine/base.py:144: in __init__
    self._dbapi_connection = engine.raw_connection()
                             ^^^^^^^^^^^^^^^^^^^^^^^
.venv/lib/python3.12/site-packages/sqlalchemy/engine/base.py:3319: in raw_connection
    return self.pool.connect()
           ^^^^^^^^^^^^^^^^^^^
.venv/lib/python3.12/site-packages/sqlalchemy/pool/base.py:448: in connect
    return _ConnectionFairy._checkout(self)
           ^^^^^^^^^^^^^^^^^^^^^^^^^^^^^^^^
.venv/lib/python3.12/site-packages/sqlalchemy/pool/base.py:1290: in _checkout
    fairy = _ConnectionRecord.checkout(pool)
            ^^^^^^^^^^^^^^^^^^^^^^^^^^^^^^^^
.venv/lib/python3.12/site-packages/sqlalchemy/pool/base.py:712: in checkout
    rec = pool._do_get()
          ^^^^^^^^^^^^^^
.venv/lib/python3.12/site-packages/sqlalchemy/pool/impl.py:178: in _do_get
    with util.safe_reraise():
         ^^^^^^^^^^^^^^^^^^^
.venv/lib/python3.12/site-packages/sqlalchemy/util/langhelpers.py:122: in __exit__
    raise exc_value.with_traceback(exc_tb)
.venv/lib/python3.12/site-packages/sqlalchemy/pool/impl.py:176: in _do_get
    return self._create_connection()
           ^^^^^^^^^^^^^^^^^^^^^^^^^
.venv/lib/python3.12/site-packages/sqlalchemy/pool/base.py:389: in _create_connection
    return _ConnectionRecord(self)
           ^^^^^^^^^^^^^^^^^^^^^^^
.venv/lib/python3.12/site-packages/sqlalchemy/pool/base.py:674: in __init__
    self.__connect()
.venv/lib/python3.12/site-packages/sqlalchemy/pool/base.py:900: in __connect
    with util.safe_reraise():
         ^^^^^^^^^^^^^^^^^^^
.venv/lib/python3.12/site-packages/sqlalchemy/util/langhelpers.py:122: in __exit__
    raise exc_value.with_traceback(exc_tb)
.venv/lib/python3.12/site-packages/sqlalchemy/pool/base.py:896: in __connect
    self.dbapi_connection = connection = pool._invoke_creator(self)
                                         ^^^^^^^^^^^^^^^^^^^^^^^^^^
.venv/lib/python3.12/site-packages/sqlalchemy/engine/create.py:667: in connect
    return dialect.connect(*cargs_tup, **cparams)
           ^^^^^^^^^^^^^^^^^^^^^^^^^^^^^^^^^^^^^^
.venv/lib/python3.12/site-packages/sqlalchemy/engine/default.py:630: in connect
    return self.loaded_dbapi.connect(*cargs, **cparams)  # type: ignore[no-any-return]  # NOQA: E501
           ^^^^^^^^^^^^^^^^^^^^^^^^^^^^^^^^^^^^^^^^^^^^
.venv/lib/python3.12/site-packages/psycopg/connection.py:126: in connect
    raise last_ex.with_traceback(None)
E   psycopg.OperationalError: connection failed: connection to server at "127.0.0.1", port 55432 failed: could not receive data from server: Connection refused

The above exception was the direct cause of the following exception:
tests/integration/conftest.py:24: in engine
    with administrative.connect() as connection:
         ^^^^^^^^^^^^^^^^^^^^^^^^
.venv/lib/python3.12/site-packages/sqlalchemy/engine/base.py:3295: in connect
    return self._connection_cls(self)
           ^^^^^^^^^^^^^^^^^^^^^^^^^^
.venv/lib/python3.12/site-packages/sqlalchemy/engine/base.py:146: in __init__
    Connection._handle_dbapi_exception_noconnection(
.venv/lib/python3.12/site-packages/sqlalchemy/engine/base.py:2450: in _handle_dbapi_exception_noconnection
    raise sqlalchemy_exception.with_traceback(exc_info[2]) from e
.venv/lib/python3.12/site-packages/sqlalchemy/engine/base.py:144: in __init__
    self._dbapi_connection = engine.raw_connection()
                             ^^^^^^^^^^^^^^^^^^^^^^^
.venv/lib/python3.12/site-packages/sqlalchemy/engine/base.py:3319: in raw_connection
    return self.pool.connect()
           ^^^^^^^^^^^^^^^^^^^
.venv/lib/python3.12/site-packages/sqlalchemy/pool/base.py:448: in connect
    return _ConnectionFairy._checkout(self)
           ^^^^^^^^^^^^^^^^^^^^^^^^^^^^^^^^
.venv/lib/python3.12/site-packages/sqlalchemy/pool/base.py:1290: in _checkout
    fairy = _ConnectionRecord.checkout(pool)
            ^^^^^^^^^^^^^^^^^^^^^^^^^^^^^^^^
.venv/lib/python3.12/site-packages/sqlalchemy/pool/base.py:712: in checkout
    rec = pool._do_get()
          ^^^^^^^^^^^^^^
.venv/lib/python3.12/site-packages/sqlalchemy/pool/impl.py:178: in _do_get
    with util.safe_reraise():
         ^^^^^^^^^^^^^^^^^^^
.venv/lib/python3.12/site-packages/sqlalchemy/util/langhelpers.py:122: in __exit__
    raise exc_value.with_traceback(exc_tb)
.venv/lib/python3.12/site-packages/sqlalchemy/pool/impl.py:176: in _do_get
    return self._create_connection()
           ^^^^^^^^^^^^^^^^^^^^^^^^^
.venv/lib/python3.12/site-packages/sqlalchemy/pool/base.py:389: in _create_connection
    return _ConnectionRecord(self)
           ^^^^^^^^^^^^^^^^^^^^^^^
.venv/lib/python3.12/site-packages/sqlalchemy/pool/base.py:674: in __init__
    self.__connect()
.venv/lib/python3.12/site-packages/sqlalchemy/pool/base.py:900: in __connect
    with util.safe_reraise():
         ^^^^^^^^^^^^^^^^^^^
.venv/lib/python3.12/site-packages/sqlalchemy/util/langhelpers.py:122: in __exit__
    raise exc_value.with_traceback(exc_tb)
.venv/lib/python3.12/site-packages/sqlalchemy/pool/base.py:896: in __connect
    self.dbapi_connection = connection = pool._invoke_creator(self)
                                         ^^^^^^^^^^^^^^^^^^^^^^^^^^
.venv/lib/python3.12/site-packages/sqlalchemy/engine/create.py:667: in connect
    return dialect.connect(*cargs_tup, **cparams)
           ^^^^^^^^^^^^^^^^^^^^^^^^^^^^^^^^^^^^^^
.venv/lib/python3.12/site-packages/sqlalchemy/engine/default.py:630: in connect
    return self.loaded_dbapi.connect(*cargs, **cparams)  # type: ignore[no-any-return]  # NOQA: E501
           ^^^^^^^^^^^^^^^^^^^^^^^^^^^^^^^^^^^^^^^^^^^^
.venv/lib/python3.12/site-packages/psycopg/connection.py:126: in connect
    raise last_ex.with_traceback(None)
E   sqlalchemy.exc.OperationalError: (psycopg.OperationalError) connection failed: connection to server at "127.0.0.1", port 55432 failed: could not receive data from server: Connection refused
E   (Background on this error at: https://sqlalche.me/e/20/e3q8)
_ ERROR at setup of test_data_download_cannot_use_forged_catalog_to_read_other_project _
.venv/lib/python3.12/site-packages/sqlalchemy/engine/base.py:144: in __init__
    self._dbapi_connection = engine.raw_connection()
                             ^^^^^^^^^^^^^^^^^^^^^^^
.venv/lib/python3.12/site-packages/sqlalchemy/engine/base.py:3319: in raw_connection
    return self.pool.connect()
           ^^^^^^^^^^^^^^^^^^^
.venv/lib/python3.12/site-packages/sqlalchemy/pool/base.py:448: in connect
    return _ConnectionFairy._checkout(self)
           ^^^^^^^^^^^^^^^^^^^^^^^^^^^^^^^^
.venv/lib/python3.12/site-packages/sqlalchemy/pool/base.py:1290: in _checkout
    fairy = _ConnectionRecord.checkout(pool)
            ^^^^^^^^^^^^^^^^^^^^^^^^^^^^^^^^
.venv/lib/python3.12/site-packages/sqlalchemy/pool/base.py:712: in checkout
    rec = pool._do_get()
          ^^^^^^^^^^^^^^
.venv/lib/python3.12/site-packages/sqlalchemy/pool/impl.py:178: in _do_get
    with util.safe_reraise():
         ^^^^^^^^^^^^^^^^^^^
.venv/lib/python3.12/site-packages/sqlalchemy/util/langhelpers.py:122: in __exit__
    raise exc_value.with_traceback(exc_tb)
.venv/lib/python3.12/site-packages/sqlalchemy/pool/impl.py:176: in _do_get
    return self._create_connection()
           ^^^^^^^^^^^^^^^^^^^^^^^^^
.venv/lib/python3.12/site-packages/sqlalchemy/pool/base.py:389: in _create_connection
    return _ConnectionRecord(self)
           ^^^^^^^^^^^^^^^^^^^^^^^
.venv/lib/python3.12/site-packages/sqlalchemy/pool/base.py:674: in __init__
    self.__connect()
.venv/lib/python3.12/site-packages/sqlalchemy/pool/base.py:900: in __connect
    with util.safe_reraise():
         ^^^^^^^^^^^^^^^^^^^
.venv/lib/python3.12/site-packages/sqlalchemy/util/langhelpers.py:122: in __exit__
    raise exc_value.with_traceback(exc_tb)
.venv/lib/python3.12/site-packages/sqlalchemy/pool/base.py:896: in __connect
    self.dbapi_connection = connection = pool._invoke_creator(self)
                                         ^^^^^^^^^^^^^^^^^^^^^^^^^^
.venv/lib/python3.12/site-packages/sqlalchemy/engine/create.py:667: in connect
    return dialect.connect(*cargs_tup, **cparams)
           ^^^^^^^^^^^^^^^^^^^^^^^^^^^^^^^^^^^^^^
.venv/lib/python3.12/site-packages/sqlalchemy/engine/default.py:630: in connect
    return self.loaded_dbapi.connect(*cargs, **cparams)  # type: ignore[no-any-return]  # NOQA: E501
           ^^^^^^^^^^^^^^^^^^^^^^^^^^^^^^^^^^^^^^^^^^^^
.venv/lib/python3.12/site-packages/psycopg/connection.py:126: in connect
    raise last_ex.with_traceback(None)
E   psycopg.OperationalError: connection failed: connection to server at "127.0.0.1", port 55432 failed: could not receive data from server: Connection refused

The above exception was the direct cause of the following exception:
tests/integration/conftest.py:24: in engine
    with administrative.connect() as connection:
         ^^^^^^^^^^^^^^^^^^^^^^^^
.venv/lib/python3.12/site-packages/sqlalchemy/engine/base.py:3295: in connect
    return self._connection_cls(self)
           ^^^^^^^^^^^^^^^^^^^^^^^^^^
.venv/lib/python3.12/site-packages/sqlalchemy/engine/base.py:146: in __init__
    Connection._handle_dbapi_exception_noconnection(
.venv/lib/python3.12/site-packages/sqlalchemy/engine/base.py:2450: in _handle_dbapi_exception_noconnection
    raise sqlalchemy_exception.with_traceback(exc_info[2]) from e
.venv/lib/python3.12/site-packages/sqlalchemy/engine/base.py:144: in __init__
    self._dbapi_connection = engine.raw_connection()
                             ^^^^^^^^^^^^^^^^^^^^^^^
.venv/lib/python3.12/site-packages/sqlalchemy/engine/base.py:3319: in raw_connection
    return self.pool.connect()
           ^^^^^^^^^^^^^^^^^^^
.venv/lib/python3.12/site-packages/sqlalchemy/pool/base.py:448: in connect
    return _ConnectionFairy._checkout(self)
           ^^^^^^^^^^^^^^^^^^^^^^^^^^^^^^^^
.venv/lib/python3.12/site-packages/sqlalchemy/pool/base.py:1290: in _checkout
    fairy = _ConnectionRecord.checkout(pool)
            ^^^^^^^^^^^^^^^^^^^^^^^^^^^^^^^^
.venv/lib/python3.12/site-packages/sqlalchemy/pool/base.py:712: in checkout
    rec = pool._do_get()
          ^^^^^^^^^^^^^^
.venv/lib/python3.12/site-packages/sqlalchemy/pool/impl.py:178: in _do_get
    with util.safe_reraise():
         ^^^^^^^^^^^^^^^^^^^
.venv/lib/python3.12/site-packages/sqlalchemy/util/langhelpers.py:122: in __exit__
    raise exc_value.with_traceback(exc_tb)
.venv/lib/python3.12/site-packages/sqlalchemy/pool/impl.py:176: in _do_get
    return self._create_connection()
           ^^^^^^^^^^^^^^^^^^^^^^^^^
.venv/lib/python3.12/site-packages/sqlalchemy/pool/base.py:389: in _create_connection
    return _ConnectionRecord(self)
           ^^^^^^^^^^^^^^^^^^^^^^^
.venv/lib/python3.12/site-packages/sqlalchemy/pool/base.py:674: in __init__
    self.__connect()
.venv/lib/python3.12/site-packages/sqlalchemy/pool/base.py:900: in __connect
    with util.safe_reraise():
         ^^^^^^^^^^^^^^^^^^^
.venv/lib/python3.12/site-packages/sqlalchemy/util/langhelpers.py:122: in __exit__
    raise exc_value.with_traceback(exc_tb)
.venv/lib/python3.12/site-packages/sqlalchemy/pool/base.py:896: in __connect
    self.dbapi_connection = connection = pool._invoke_creator(self)
                                         ^^^^^^^^^^^^^^^^^^^^^^^^^^
.venv/lib/python3.12/site-packages/sqlalchemy/engine/create.py:667: in connect
    return dialect.connect(*cargs_tup, **cparams)
           ^^^^^^^^^^^^^^^^^^^^^^^^^^^^^^^^^^^^^^
.venv/lib/python3.12/site-packages/sqlalchemy/engine/default.py:630: in connect
    return self.loaded_dbapi.connect(*cargs, **cparams)  # type: ignore[no-any-return]  # NOQA: E501
           ^^^^^^^^^^^^^^^^^^^^^^^^^^^^^^^^^^^^^^^^^^^^
.venv/lib/python3.12/site-packages/psycopg/connection.py:126: in connect
    raise last_ex.with_traceback(None)
E   sqlalchemy.exc.OperationalError: (psycopg.OperationalError) connection failed: connection to server at "127.0.0.1", port 55432 failed: could not receive data from server: Connection refused
E   (Background on this error at: https://sqlalche.me/e/20/e3q8)
_ ERROR at setup of test_real_stored_geotiff_binding_converts_units_and_preserves_nodata _
src/coastmas/adapters/storage.py:89: in ensure_bucket
    self.client.head_bucket(Bucket=self.bucket)
.venv/lib/python3.12/site-packages/botocore/client.py:606: in _api_call
    return self._make_api_call(operation_name, kwargs)
           ^^^^^^^^^^^^^^^^^^^^^^^^^^^^^^^^^^^^^^^^^^^
.venv/lib/python3.12/site-packages/botocore/context.py:123: in wrapper
    return func(*args, **kwargs)
           ^^^^^^^^^^^^^^^^^^^^^
.venv/lib/python3.12/site-packages/botocore/client.py:1094: in _make_api_call
    raise error_class(parsed_response, operation_name)
E   botocore.exceptions.ClientError: An error occurred (502) when calling the HeadBucket operation (reached max retries: 0): Bad Gateway

The above exception was the direct cause of the following exception:
tests/integration/conftest.py:83: in storage
    store.ensure_bucket()
src/coastmas/adapters/storage.py:92: in ensure_bucket
    raise CoastMASError(
E   coastmas.core.errors.CoastMASError: object storage bucket is unavailable
_ ERROR at setup of test_stored_geotiff_metadata_cannot_be_overridden_by_catalog _
src/coastmas/adapters/storage.py:89: in ensure_bucket
    self.client.head_bucket(Bucket=self.bucket)
.venv/lib/python3.12/site-packages/botocore/client.py:606: in _api_call
    return self._make_api_call(operation_name, kwargs)
           ^^^^^^^^^^^^^^^^^^^^^^^^^^^^^^^^^^^^^^^^^^^
.venv/lib/python3.12/site-packages/botocore/context.py:123: in wrapper
    return func(*args, **kwargs)
           ^^^^^^^^^^^^^^^^^^^^^
.venv/lib/python3.12/site-packages/botocore/client.py:1094: in _make_api_call
    raise error_class(parsed_response, operation_name)
E   botocore.exceptions.ClientError: An error occurred (502) when calling the HeadBucket operation (reached max retries: 0): Bad Gateway

The above exception was the direct cause of the following exception:
tests/integration/conftest.py:83: in storage
    store.ensure_bucket()
src/coastmas/adapters/storage.py:92: in ensure_bucket
    raise CoastMASError(
E   coastmas.core.errors.CoastMASError: object storage bucket is unavailable
________ ERROR at setup of test_resolver_refuses_arbitrary_remote_urls _________
src/coastmas/adapters/storage.py:89: in ensure_bucket
    self.client.head_bucket(Bucket=self.bucket)
.venv/lib/python3.12/site-packages/botocore/client.py:606: in _api_call
    return self._make_api_call(operation_name, kwargs)
           ^^^^^^^^^^^^^^^^^^^^^^^^^^^^^^^^^^^^^^^^^^^
.venv/lib/python3.12/site-packages/botocore/context.py:123: in wrapper
    return func(*args, **kwargs)
           ^^^^^^^^^^^^^^^^^^^^^
.venv/lib/python3.12/site-packages/botocore/client.py:1094: in _make_api_call
    raise error_class(parsed_response, operation_name)
E   botocore.exceptions.ClientError: An error occurred (502) when calling the HeadBucket operation (reached max retries: 0): Bad Gateway

The above exception was the direct cause of the following exception:
tests/integration/conftest.py:83: in storage
    store.ensure_bucket()
src/coastmas/adapters/storage.py:92: in ensure_bucket
    raise CoastMASError(
E   coastmas.core.errors.CoastMASError: object storage bucket is unavailable
_ ERROR at setup of test_real_tabular_files_resolve_all_values_and_convert_units[CSV] _
src/coastmas/adapters/storage.py:89: in ensure_bucket
    self.client.head_bucket(Bucket=self.bucket)
.venv/lib/python3.12/site-packages/botocore/client.py:606: in _api_call
    return self._make_api_call(operation_name, kwargs)
           ^^^^^^^^^^^^^^^^^^^^^^^^^^^^^^^^^^^^^^^^^^^
.venv/lib/python3.12/site-packages/botocore/context.py:123: in wrapper
    return func(*args, **kwargs)
           ^^^^^^^^^^^^^^^^^^^^^
.venv/lib/python3.12/site-packages/botocore/client.py:1094: in _make_api_call
    raise error_class(parsed_response, operation_name)
E   botocore.exceptions.ClientError: An error occurred (502) when calling the HeadBucket operation (reached max retries: 0): Bad Gateway

The above exception was the direct cause of the following exception:
tests/integration/conftest.py:83: in storage
    store.ensure_bucket()
src/coastmas/adapters/storage.py:92: in ensure_bucket
    raise CoastMASError(
E   coastmas.core.errors.CoastMASError: object storage bucket is unavailable
_ ERROR at setup of test_real_tabular_files_resolve_all_values_and_convert_units[NetCDF] _
src/coastmas/adapters/storage.py:89: in ensure_bucket
    self.client.head_bucket(Bucket=self.bucket)
.venv/lib/python3.12/site-packages/botocore/client.py:606: in _api_call
    return self._make_api_call(operation_name, kwargs)
           ^^^^^^^^^^^^^^^^^^^^^^^^^^^^^^^^^^^^^^^^^^^
.venv/lib/python3.12/site-packages/botocore/context.py:123: in wrapper
    return func(*args, **kwargs)
           ^^^^^^^^^^^^^^^^^^^^^
.venv/lib/python3.12/site-packages/botocore/client.py:1094: in _make_api_call
    raise error_class(parsed_response, operation_name)
E   botocore.exceptions.ClientError: An error occurred (502) when calling the HeadBucket operation (reached max retries: 0): Bad Gateway

The above exception was the direct cause of the following exception:
tests/integration/conftest.py:83: in storage
    store.ensure_bucket()
src/coastmas/adapters/storage.py:92: in ensure_bucket
    raise CoastMASError(
E   coastmas.core.errors.CoastMASError: object storage bucket is unavailable
_ ERROR at setup of test_vector_geometry_container_is_bound_with_its_verified_crs _
src/coastmas/adapters/storage.py:89: in ensure_bucket
    self.client.head_bucket(Bucket=self.bucket)
.venv/lib/python3.12/site-packages/botocore/client.py:606: in _api_call
    return self._make_api_call(operation_name, kwargs)
           ^^^^^^^^^^^^^^^^^^^^^^^^^^^^^^^^^^^^^^^^^^^
.venv/lib/python3.12/site-packages/botocore/context.py:123: in wrapper
    return func(*args, **kwargs)
           ^^^^^^^^^^^^^^^^^^^^^
.venv/lib/python3.12/site-packages/botocore/client.py:1094: in _make_api_call
    raise error_class(parsed_response, operation_name)
E   botocore.exceptions.ClientError: An error occurred (502) when calling the HeadBucket operation (reached max retries: 0): Bad Gateway

The above exception was the direct cause of the following exception:
tests/integration/conftest.py:83: in storage
    store.ensure_bucket()
src/coastmas/adapters/storage.py:92: in ensure_bucket
    raise CoastMASError(
E   coastmas.core.errors.CoastMASError: object storage bucket is unavailable
__ ERROR at setup of test_catalog_cannot_misstate_measured_raster_resolution ___
src/coastmas/adapters/storage.py:89: in ensure_bucket
    self.client.head_bucket(Bucket=self.bucket)
.venv/lib/python3.12/site-packages/botocore/client.py:606: in _api_call
    return self._make_api_call(operation_name, kwargs)
           ^^^^^^^^^^^^^^^^^^^^^^^^^^^^^^^^^^^^^^^^^^^
.venv/lib/python3.12/site-packages/botocore/context.py:123: in wrapper
    return func(*args, **kwargs)
           ^^^^^^^^^^^^^^^^^^^^^
.venv/lib/python3.12/site-packages/botocore/client.py:1094: in _make_api_call
    raise error_class(parsed_response, operation_name)
E   botocore.exceptions.ClientError: An error occurred (502) when calling the HeadBucket operation (reached max retries: 0): Bad Gateway

The above exception was the direct cause of the following exception:
tests/integration/conftest.py:83: in storage
    store.ensure_bucket()
src/coastmas/adapters/storage.py:92: in ensure_bucket
    raise CoastMASError(
E   coastmas.core.errors.CoastMASError: object storage bucket is unavailable
_ ERROR at setup of test_csv_container_keeps_unit_identifiers_and_declared_column_units _
src/coastmas/adapters/storage.py:89: in ensure_bucket
    self.client.head_bucket(Bucket=self.bucket)
.venv/lib/python3.12/site-packages/botocore/client.py:606: in _api_call
    return self._make_api_call(operation_name, kwargs)
           ^^^^^^^^^^^^^^^^^^^^^^^^^^^^^^^^^^^^^^^^^^^
.venv/lib/python3.12/site-packages/botocore/context.py:123: in wrapper
    return func(*args, **kwargs)
           ^^^^^^^^^^^^^^^^^^^^^
.venv/lib/python3.12/site-packages/botocore/client.py:1094: in _make_api_call
    raise error_class(parsed_response, operation_name)
E   botocore.exceptions.ClientError: An error occurred (502) when calling the HeadBucket operation (reached max retries: 0): Bad Gateway

The above exception was the direct cause of the following exception:
tests/integration/conftest.py:83: in storage
    store.ensure_bucket()
src/coastmas/adapters/storage.py:92: in ensure_bucket
    raise CoastMASError(
E   coastmas.core.errors.CoastMASError: object storage bucket is unavailable
____ ERROR at setup of test_entity_versions_spatial_filters_and_permissions ____
.venv/lib/python3.12/site-packages/sqlalchemy/engine/base.py:144: in __init__
    self._dbapi_connection = engine.raw_connection()
                             ^^^^^^^^^^^^^^^^^^^^^^^
.venv/lib/python3.12/site-packages/sqlalchemy/engine/base.py:3319: in raw_connection
    return self.pool.connect()
           ^^^^^^^^^^^^^^^^^^^
.venv/lib/python3.12/site-packages/sqlalchemy/pool/base.py:448: in connect
    return _ConnectionFairy._checkout(self)
           ^^^^^^^^^^^^^^^^^^^^^^^^^^^^^^^^
.venv/lib/python3.12/site-packages/sqlalchemy/pool/base.py:1290: in _checkout
    fairy = _ConnectionRecord.checkout(pool)
            ^^^^^^^^^^^^^^^^^^^^^^^^^^^^^^^^
.venv/lib/python3.12/site-packages/sqlalchemy/pool/base.py:712: in checkout
    rec = pool._do_get()
          ^^^^^^^^^^^^^^
.venv/lib/python3.12/site-packages/sqlalchemy/pool/impl.py:178: in _do_get
    with util.safe_reraise():
         ^^^^^^^^^^^^^^^^^^^
.venv/lib/python3.12/site-packages/sqlalchemy/util/langhelpers.py:122: in __exit__
    raise exc_value.with_traceback(exc_tb)
.venv/lib/python3.12/site-packages/sqlalchemy/pool/impl.py:176: in _do_get
    return self._create_connection()
           ^^^^^^^^^^^^^^^^^^^^^^^^^
.venv/lib/python3.12/site-packages/sqlalchemy/pool/base.py:389: in _create_connection
    return _ConnectionRecord(self)
           ^^^^^^^^^^^^^^^^^^^^^^^
.venv/lib/python3.12/site-packages/sqlalchemy/pool/base.py:674: in __init__
    self.__connect()
.venv/lib/python3.12/site-packages/sqlalchemy/pool/base.py:900: in __connect
    with util.safe_reraise():
         ^^^^^^^^^^^^^^^^^^^
.venv/lib/python3.12/site-packages/sqlalchemy/util/langhelpers.py:122: in __exit__
    raise exc_value.with_traceback(exc_tb)
.venv/lib/python3.12/site-packages/sqlalchemy/pool/base.py:896: in __connect
    self.dbapi_connection = connection = pool._invoke_creator(self)
                                         ^^^^^^^^^^^^^^^^^^^^^^^^^^
.venv/lib/python3.12/site-packages/sqlalchemy/engine/create.py:667: in connect
    return dialect.connect(*cargs_tup, **cparams)
           ^^^^^^^^^^^^^^^^^^^^^^^^^^^^^^^^^^^^^^
.venv/lib/python3.12/site-packages/sqlalchemy/engine/default.py:630: in connect
    return self.loaded_dbapi.connect(*cargs, **cparams)  # type: ignore[no-any-return]  # NOQA: E501
           ^^^^^^^^^^^^^^^^^^^^^^^^^^^^^^^^^^^^^^^^^^^^
.venv/lib/python3.12/site-packages/psycopg/connection.py:126: in connect
    raise last_ex.with_traceback(None)
E   psycopg.OperationalError: connection failed: connection to server at "127.0.0.1", port 55432 failed: could not receive data from server: Connection refused

The above exception was the direct cause of the following exception:
tests/integration/conftest.py:24: in engine
    with administrative.connect() as connection:
         ^^^^^^^^^^^^^^^^^^^^^^^^
.venv/lib/python3.12/site-packages/sqlalchemy/engine/base.py:3295: in connect
    return self._connection_cls(self)
           ^^^^^^^^^^^^^^^^^^^^^^^^^^
.venv/lib/python3.12/site-packages/sqlalchemy/engine/base.py:146: in __init__
    Connection._handle_dbapi_exception_noconnection(
.venv/lib/python3.12/site-packages/sqlalchemy/engine/base.py:2450: in _handle_dbapi_exception_noconnection
    raise sqlalchemy_exception.with_traceback(exc_info[2]) from e
.venv/lib/python3.12/site-packages/sqlalchemy/engine/base.py:144: in __init__
    self._dbapi_connection = engine.raw_connection()
                             ^^^^^^^^^^^^^^^^^^^^^^^
.venv/lib/python3.12/site-packages/sqlalchemy/engine/base.py:3319: in raw_connection
    return self.pool.connect()
           ^^^^^^^^^^^^^^^^^^^
.venv/lib/python3.12/site-packages/sqlalchemy/pool/base.py:448: in connect
    return _ConnectionFairy._checkout(self)
           ^^^^^^^^^^^^^^^^^^^^^^^^^^^^^^^^
.venv/lib/python3.12/site-packages/sqlalchemy/pool/base.py:1290: in _checkout
    fairy = _ConnectionRecord.checkout(pool)
            ^^^^^^^^^^^^^^^^^^^^^^^^^^^^^^^^
.venv/lib/python3.12/site-packages/sqlalchemy/pool/base.py:712: in checkout
    rec = pool._do_get()
          ^^^^^^^^^^^^^^
.venv/lib/python3.12/site-packages/sqlalchemy/pool/impl.py:178: in _do_get
    with util.safe_reraise():
         ^^^^^^^^^^^^^^^^^^^
.venv/lib/python3.12/site-packages/sqlalchemy/util/langhelpers.py:122: in __exit__
    raise exc_value.with_traceback(exc_tb)
.venv/lib/python3.12/site-packages/sqlalchemy/pool/impl.py:176: in _do_get
    return self._create_connection()
           ^^^^^^^^^^^^^^^^^^^^^^^^^
.venv/lib/python3.12/site-packages/sqlalchemy/pool/base.py:389: in _create_connection
    return _ConnectionRecord(self)
           ^^^^^^^^^^^^^^^^^^^^^^^
.venv/lib/python3.12/site-packages/sqlalchemy/pool/base.py:674: in __init__
    self.__connect()
.venv/lib/python3.12/site-packages/sqlalchemy/pool/base.py:900: in __connect
    with util.safe_reraise():
         ^^^^^^^^^^^^^^^^^^^
.venv/lib/python3.12/site-packages/sqlalchemy/util/langhelpers.py:122: in __exit__
    raise exc_value.with_traceback(exc_tb)
.venv/lib/python3.12/site-packages/sqlalchemy/pool/base.py:896: in __connect
    self.dbapi_connection = connection = pool._invoke_creator(self)
                                         ^^^^^^^^^^^^^^^^^^^^^^^^^^
.venv/lib/python3.12/site-packages/sqlalchemy/engine/create.py:667: in connect
    return dialect.connect(*cargs_tup, **cparams)
           ^^^^^^^^^^^^^^^^^^^^^^^^^^^^^^^^^^^^^^
.venv/lib/python3.12/site-packages/sqlalchemy/engine/default.py:630: in connect
    return self.loaded_dbapi.connect(*cargs, **cparams)  # type: ignore[no-any-return]  # NOQA: E501
           ^^^^^^^^^^^^^^^^^^^^^^^^^^^^^^^^^^^^^^^^^^^^
.venv/lib/python3.12/site-packages/psycopg/connection.py:126: in connect
    raise last_ex.with_traceback(None)
E   sqlalchemy.exc.OperationalError: (psycopg.OperationalError) connection failed: connection to server at "127.0.0.1", port 55432 failed: could not receive data from server: Connection refused
E   (Background on this error at: https://sqlalche.me/e/20/e3q8)
_ ERROR at setup of test_projected_entity_materializes_without_changing_source _
.venv/lib/python3.12/site-packages/sqlalchemy/engine/base.py:144: in __init__
    self._dbapi_connection = engine.raw_connection()
                             ^^^^^^^^^^^^^^^^^^^^^^^
.venv/lib/python3.12/site-packages/sqlalchemy/engine/base.py:3319: in raw_connection
    return self.pool.connect()
           ^^^^^^^^^^^^^^^^^^^
.venv/lib/python3.12/site-packages/sqlalchemy/pool/base.py:448: in connect
    return _ConnectionFairy._checkout(self)
           ^^^^^^^^^^^^^^^^^^^^^^^^^^^^^^^^
.venv/lib/python3.12/site-packages/sqlalchemy/pool/base.py:1290: in _checkout
    fairy = _ConnectionRecord.checkout(pool)
            ^^^^^^^^^^^^^^^^^^^^^^^^^^^^^^^^
.venv/lib/python3.12/site-packages/sqlalchemy/pool/base.py:712: in checkout
    rec = pool._do_get()
          ^^^^^^^^^^^^^^
.venv/lib/python3.12/site-packages/sqlalchemy/pool/impl.py:178: in _do_get
    with util.safe_reraise():
         ^^^^^^^^^^^^^^^^^^^
.venv/lib/python3.12/site-packages/sqlalchemy/util/langhelpers.py:122: in __exit__
    raise exc_value.with_traceback(exc_tb)
.venv/lib/python3.12/site-packages/sqlalchemy/pool/impl.py:176: in _do_get
    return self._create_connection()
           ^^^^^^^^^^^^^^^^^^^^^^^^^
.venv/lib/python3.12/site-packages/sqlalchemy/pool/base.py:389: in _create_connection
    return _ConnectionRecord(self)
           ^^^^^^^^^^^^^^^^^^^^^^^
.venv/lib/python3.12/site-packages/sqlalchemy/pool/base.py:674: in __init__
    self.__connect()
.venv/lib/python3.12/site-packages/sqlalchemy/pool/base.py:900: in __connect
    with util.safe_reraise():
         ^^^^^^^^^^^^^^^^^^^
.venv/lib/python3.12/site-packages/sqlalchemy/util/langhelpers.py:122: in __exit__
    raise exc_value.with_traceback(exc_tb)
.venv/lib/python3.12/site-packages/sqlalchemy/pool/base.py:896: in __connect
    self.dbapi_connection = connection = pool._invoke_creator(self)
                                         ^^^^^^^^^^^^^^^^^^^^^^^^^^
.venv/lib/python3.12/site-packages/sqlalchemy/engine/create.py:667: in connect
    return dialect.connect(*cargs_tup, **cparams)
           ^^^^^^^^^^^^^^^^^^^^^^^^^^^^^^^^^^^^^^
.venv/lib/python3.12/site-packages/sqlalchemy/engine/default.py:630: in connect
    return self.loaded_dbapi.connect(*cargs, **cparams)  # type: ignore[no-any-return]  # NOQA: E501
           ^^^^^^^^^^^^^^^^^^^^^^^^^^^^^^^^^^^^^^^^^^^^
.venv/lib/python3.12/site-packages/psycopg/connection.py:126: in connect
    raise last_ex.with_traceback(None)
E   psycopg.OperationalError: connection failed: connection to server at "127.0.0.1", port 55432 failed: could not receive data from server: Connection refused

The above exception was the direct cause of the following exception:
tests/integration/conftest.py:24: in engine
    with administrative.connect() as connection:
         ^^^^^^^^^^^^^^^^^^^^^^^^
.venv/lib/python3.12/site-packages/sqlalchemy/engine/base.py:3295: in connect
    return self._connection_cls(self)
           ^^^^^^^^^^^^^^^^^^^^^^^^^^
.venv/lib/python3.12/site-packages/sqlalchemy/engine/base.py:146: in __init__
    Connection._handle_dbapi_exception_noconnection(
.venv/lib/python3.12/site-packages/sqlalchemy/engine/base.py:2450: in _handle_dbapi_exception_noconnection
    raise sqlalchemy_exception.with_traceback(exc_info[2]) from e
.venv/lib/python3.12/site-packages/sqlalchemy/engine/base.py:144: in __init__
    self._dbapi_connection = engine.raw_connection()
                             ^^^^^^^^^^^^^^^^^^^^^^^
.venv/lib/python3.12/site-packages/sqlalchemy/engine/base.py:3319: in raw_connection
    return self.pool.connect()
           ^^^^^^^^^^^^^^^^^^^
.venv/lib/python3.12/site-packages/sqlalchemy/pool/base.py:448: in connect
    return _ConnectionFairy._checkout(self)
           ^^^^^^^^^^^^^^^^^^^^^^^^^^^^^^^^
.venv/lib/python3.12/site-packages/sqlalchemy/pool/base.py:1290: in _checkout
    fairy = _ConnectionRecord.checkout(pool)
            ^^^^^^^^^^^^^^^^^^^^^^^^^^^^^^^^
.venv/lib/python3.12/site-packages/sqlalchemy/pool/base.py:712: in checkout
    rec = pool._do_get()
          ^^^^^^^^^^^^^^
.venv/lib/python3.12/site-packages/sqlalchemy/pool/impl.py:178: in _do_get
    with util.safe_reraise():
         ^^^^^^^^^^^^^^^^^^^
.venv/lib/python3.12/site-packages/sqlalchemy/util/langhelpers.py:122: in __exit__
    raise exc_value.with_traceback(exc_tb)
.venv/lib/python3.12/site-packages/sqlalchemy/pool/impl.py:176: in _do_get
    return self._create_connection()
           ^^^^^^^^^^^^^^^^^^^^^^^^^
.venv/lib/python3.12/site-packages/sqlalchemy/pool/base.py:389: in _create_connection
    return _ConnectionRecord(self)
           ^^^^^^^^^^^^^^^^^^^^^^^
.venv/lib/python3.12/site-packages/sqlalchemy/pool/base.py:674: in __init__
    self.__connect()
.venv/lib/python3.12/site-packages/sqlalchemy/pool/base.py:900: in __connect
    with util.safe_reraise():
         ^^^^^^^^^^^^^^^^^^^
.venv/lib/python3.12/site-packages/sqlalchemy/util/langhelpers.py:122: in __exit__
    raise exc_value.with_traceback(exc_tb)
.venv/lib/python3.12/site-packages/sqlalchemy/pool/base.py:896: in __connect
    self.dbapi_connection = connection = pool._invoke_creator(self)
                                         ^^^^^^^^^^^^^^^^^^^^^^^^^^
.venv/lib/python3.12/site-packages/sqlalchemy/engine/create.py:667: in connect
    return dialect.connect(*cargs_tup, **cparams)
           ^^^^^^^^^^^^^^^^^^^^^^^^^^^^^^^^^^^^^^
.venv/lib/python3.12/site-packages/sqlalchemy/engine/default.py:630: in connect
    return self.loaded_dbapi.connect(*cargs, **cparams)  # type: ignore[no-any-return]  # NOQA: E501
           ^^^^^^^^^^^^^^^^^^^^^^^^^^^^^^^^^^^^^^^^^^^^
.venv/lib/python3.12/site-packages/psycopg/connection.py:126: in connect
    raise last_ex.with_traceback(None)
E   sqlalchemy.exc.OperationalError: (psycopg.OperationalError) connection failed: connection to server at "127.0.0.1", port 55432 failed: could not receive data from server: Connection refused
E   (Background on this error at: https://sqlalche.me/e/20/e3q8)
_ ERROR at setup of test_entity_write_permissions_and_invalid_geometry_leave_no_revision _
.venv/lib/python3.12/site-packages/sqlalchemy/engine/base.py:144: in __init__
    self._dbapi_connection = engine.raw_connection()
                             ^^^^^^^^^^^^^^^^^^^^^^^
.venv/lib/python3.12/site-packages/sqlalchemy/engine/base.py:3319: in raw_connection
    return self.pool.connect()
           ^^^^^^^^^^^^^^^^^^^
.venv/lib/python3.12/site-packages/sqlalchemy/pool/base.py:448: in connect
    return _ConnectionFairy._checkout(self)
           ^^^^^^^^^^^^^^^^^^^^^^^^^^^^^^^^
.venv/lib/python3.12/site-packages/sqlalchemy/pool/base.py:1290: in _checkout
    fairy = _ConnectionRecord.checkout(pool)
            ^^^^^^^^^^^^^^^^^^^^^^^^^^^^^^^^
.venv/lib/python3.12/site-packages/sqlalchemy/pool/base.py:712: in checkout
    rec = pool._do_get()
          ^^^^^^^^^^^^^^
.venv/lib/python3.12/site-packages/sqlalchemy/pool/impl.py:178: in _do_get
    with util.safe_reraise():
         ^^^^^^^^^^^^^^^^^^^
.venv/lib/python3.12/site-packages/sqlalchemy/util/langhelpers.py:122: in __exit__
    raise exc_value.with_traceback(exc_tb)
.venv/lib/python3.12/site-packages/sqlalchemy/pool/impl.py:176: in _do_get
    return self._create_connection()
           ^^^^^^^^^^^^^^^^^^^^^^^^^
.venv/lib/python3.12/site-packages/sqlalchemy/pool/base.py:389: in _create_connection
    return _ConnectionRecord(self)
           ^^^^^^^^^^^^^^^^^^^^^^^
.venv/lib/python3.12/site-packages/sqlalchemy/pool/base.py:674: in __init__
    self.__connect()
.venv/lib/python3.12/site-packages/sqlalchemy/pool/base.py:900: in __connect
    with util.safe_reraise():
         ^^^^^^^^^^^^^^^^^^^
.venv/lib/python3.12/site-packages/sqlalchemy/util/langhelpers.py:122: in __exit__
    raise exc_value.with_traceback(exc_tb)
.venv/lib/python3.12/site-packages/sqlalchemy/pool/base.py:896: in __connect
    self.dbapi_connection = connection = pool._invoke_creator(self)
                                         ^^^^^^^^^^^^^^^^^^^^^^^^^^
.venv/lib/python3.12/site-packages/sqlalchemy/engine/create.py:667: in connect
    return dialect.connect(*cargs_tup, **cparams)
           ^^^^^^^^^^^^^^^^^^^^^^^^^^^^^^^^^^^^^^
.venv/lib/python3.12/site-packages/sqlalchemy/engine/default.py:630: in connect
    return self.loaded_dbapi.connect(*cargs, **cparams)  # type: ignore[no-any-return]  # NOQA: E501
           ^^^^^^^^^^^^^^^^^^^^^^^^^^^^^^^^^^^^^^^^^^^^
.venv/lib/python3.12/site-packages/psycopg/connection.py:126: in connect
    raise last_ex.with_traceback(None)
E   psycopg.OperationalError: connection failed: connection to server at "127.0.0.1", port 55432 failed: could not receive data from server: Connection refused

The above exception was the direct cause of the following exception:
tests/integration/conftest.py:24: in engine
    with administrative.connect() as connection:
         ^^^^^^^^^^^^^^^^^^^^^^^^
.venv/lib/python3.12/site-packages/sqlalchemy/engine/base.py:3295: in connect
    return self._connection_cls(self)
           ^^^^^^^^^^^^^^^^^^^^^^^^^^
.venv/lib/python3.12/site-packages/sqlalchemy/engine/base.py:146: in __init__
    Connection._handle_dbapi_exception_noconnection(
.venv/lib/python3.12/site-packages/sqlalchemy/engine/base.py:2450: in _handle_dbapi_exception_noconnection
    raise sqlalchemy_exception.with_traceback(exc_info[2]) from e
.venv/lib/python3.12/site-packages/sqlalchemy/engine/base.py:144: in __init__
    self._dbapi_connection = engine.raw_connection()
                             ^^^^^^^^^^^^^^^^^^^^^^^
.venv/lib/python3.12/site-packages/sqlalchemy/engine/base.py:3319: in raw_connection
    return self.pool.connect()
           ^^^^^^^^^^^^^^^^^^^
.venv/lib/python3.12/site-packages/sqlalchemy/pool/base.py:448: in connect
    return _ConnectionFairy._checkout(self)
           ^^^^^^^^^^^^^^^^^^^^^^^^^^^^^^^^
.venv/lib/python3.12/site-packages/sqlalchemy/pool/base.py:1290: in _checkout
    fairy = _ConnectionRecord.checkout(pool)
            ^^^^^^^^^^^^^^^^^^^^^^^^^^^^^^^^
.venv/lib/python3.12/site-packages/sqlalchemy/pool/base.py:712: in checkout
    rec = pool._do_get()
          ^^^^^^^^^^^^^^
.venv/lib/python3.12/site-packages/sqlalchemy/pool/impl.py:178: in _do_get
    with util.safe_reraise():
         ^^^^^^^^^^^^^^^^^^^
.venv/lib/python3.12/site-packages/sqlalchemy/util/langhelpers.py:122: in __exit__
    raise exc_value.with_traceback(exc_tb)
.venv/lib/python3.12/site-packages/sqlalchemy/pool/impl.py:176: in _do_get
    return self._create_connection()
           ^^^^^^^^^^^^^^^^^^^^^^^^^
.venv/lib/python3.12/site-packages/sqlalchemy/pool/base.py:389: in _create_connection
    return _ConnectionRecord(self)
           ^^^^^^^^^^^^^^^^^^^^^^^
.venv/lib/python3.12/site-packages/sqlalchemy/pool/base.py:674: in __init__
    self.__connect()
.venv/lib/python3.12/site-packages/sqlalchemy/pool/base.py:900: in __connect
    with util.safe_reraise():
         ^^^^^^^^^^^^^^^^^^^
.venv/lib/python3.12/site-packages/sqlalchemy/util/langhelpers.py:122: in __exit__
    raise exc_value.with_traceback(exc_tb)
.venv/lib/python3.12/site-packages/sqlalchemy/pool/base.py:896: in __connect
    self.dbapi_connection = connection = pool._invoke_creator(self)
                                         ^^^^^^^^^^^^^^^^^^^^^^^^^^
.venv/lib/python3.12/site-packages/sqlalchemy/engine/create.py:667: in connect
    return dialect.connect(*cargs_tup, **cparams)
           ^^^^^^^^^^^^^^^^^^^^^^^^^^^^^^^^^^^^^^
.venv/lib/python3.12/site-packages/sqlalchemy/engine/default.py:630: in connect
    return self.loaded_dbapi.connect(*cargs, **cparams)  # type: ignore[no-any-return]  # NOQA: E501
           ^^^^^^^^^^^^^^^^^^^^^^^^^^^^^^^^^^^^^^^^^^^^
.venv/lib/python3.12/site-packages/psycopg/connection.py:126: in connect
    raise last_ex.with_traceback(None)
E   sqlalchemy.exc.OperationalError: (psycopg.OperationalError) connection failed: connection to server at "127.0.0.1", port 55432 failed: could not receive data from server: Connection refused
E   (Background on this error at: https://sqlalche.me/e/20/e3q8)
_______ ERROR at setup of test_idempotent_submit_and_duplicate_delivery ________
.venv/lib/python3.12/site-packages/sqlalchemy/engine/base.py:144: in __init__
    self._dbapi_connection = engine.raw_connection()
                             ^^^^^^^^^^^^^^^^^^^^^^^
.venv/lib/python3.12/site-packages/sqlalchemy/engine/base.py:3319: in raw_connection
    return self.pool.connect()
           ^^^^^^^^^^^^^^^^^^^
.venv/lib/python3.12/site-packages/sqlalchemy/pool/base.py:448: in connect
    return _ConnectionFairy._checkout(self)
           ^^^^^^^^^^^^^^^^^^^^^^^^^^^^^^^^
.venv/lib/python3.12/site-packages/sqlalchemy/pool/base.py:1290: in _checkout
    fairy = _ConnectionRecord.checkout(pool)
            ^^^^^^^^^^^^^^^^^^^^^^^^^^^^^^^^
.venv/lib/python3.12/site-packages/sqlalchemy/pool/base.py:712: in checkout
    rec = pool._do_get()
          ^^^^^^^^^^^^^^
.venv/lib/python3.12/site-packages/sqlalchemy/pool/impl.py:178: in _do_get
    with util.safe_reraise():
         ^^^^^^^^^^^^^^^^^^^
.venv/lib/python3.12/site-packages/sqlalchemy/util/langhelpers.py:122: in __exit__
    raise exc_value.with_traceback(exc_tb)
.venv/lib/python3.12/site-packages/sqlalchemy/pool/impl.py:176: in _do_get
    return self._create_connection()
           ^^^^^^^^^^^^^^^^^^^^^^^^^
.venv/lib/python3.12/site-packages/sqlalchemy/pool/base.py:389: in _create_connection
    return _ConnectionRecord(self)
           ^^^^^^^^^^^^^^^^^^^^^^^
.venv/lib/python3.12/site-packages/sqlalchemy/pool/base.py:674: in __init__
    self.__connect()
.venv/lib/python3.12/site-packages/sqlalchemy/pool/base.py:900: in __connect
    with util.safe_reraise():
         ^^^^^^^^^^^^^^^^^^^
.venv/lib/python3.12/site-packages/sqlalchemy/util/langhelpers.py:122: in __exit__
    raise exc_value.with_traceback(exc_tb)
.venv/lib/python3.12/site-packages/sqlalchemy/pool/base.py:896: in __connect
    self.dbapi_connection = connection = pool._invoke_creator(self)
                                         ^^^^^^^^^^^^^^^^^^^^^^^^^^
.venv/lib/python3.12/site-packages/sqlalchemy/engine/create.py:667: in connect
    return dialect.connect(*cargs_tup, **cparams)
           ^^^^^^^^^^^^^^^^^^^^^^^^^^^^^^^^^^^^^^
.venv/lib/python3.12/site-packages/sqlalchemy/engine/default.py:630: in connect
    return self.loaded_dbapi.connect(*cargs, **cparams)  # type: ignore[no-any-return]  # NOQA: E501
           ^^^^^^^^^^^^^^^^^^^^^^^^^^^^^^^^^^^^^^^^^^^^
.venv/lib/python3.12/site-packages/psycopg/connection.py:126: in connect
    raise last_ex.with_traceback(None)
E   psycopg.OperationalError: connection failed: connection to server at "127.0.0.1", port 55432 failed: could not receive data from server: Connection refused

The above exception was the direct cause of the following exception:
tests/integration/conftest.py:24: in engine
    with administrative.connect() as connection:
         ^^^^^^^^^^^^^^^^^^^^^^^^
.venv/lib/python3.12/site-packages/sqlalchemy/engine/base.py:3295: in connect
    return self._connection_cls(self)
           ^^^^^^^^^^^^^^^^^^^^^^^^^^
.venv/lib/python3.12/site-packages/sqlalchemy/engine/base.py:146: in __init__
    Connection._handle_dbapi_exception_noconnection(
.venv/lib/python3.12/site-packages/sqlalchemy/engine/base.py:2450: in _handle_dbapi_exception_noconnection
    raise sqlalchemy_exception.with_traceback(exc_info[2]) from e
.venv/lib/python3.12/site-packages/sqlalchemy/engine/base.py:144: in __init__
    self._dbapi_connection = engine.raw_connection()
                             ^^^^^^^^^^^^^^^^^^^^^^^
.venv/lib/python3.12/site-packages/sqlalchemy/engine/base.py:3319: in raw_connection
    return self.pool.connect()
           ^^^^^^^^^^^^^^^^^^^
.venv/lib/python3.12/site-packages/sqlalchemy/pool/base.py:448: in connect
    return _ConnectionFairy._checkout(self)
           ^^^^^^^^^^^^^^^^^^^^^^^^^^^^^^^^
.venv/lib/python3.12/site-packages/sqlalchemy/pool/base.py:1290: in _checkout
    fairy = _ConnectionRecord.checkout(pool)
            ^^^^^^^^^^^^^^^^^^^^^^^^^^^^^^^^
.venv/lib/python3.12/site-packages/sqlalchemy/pool/base.py:712: in checkout
    rec = pool._do_get()
          ^^^^^^^^^^^^^^
.venv/lib/python3.12/site-packages/sqlalchemy/pool/impl.py:178: in _do_get
    with util.safe_reraise():
         ^^^^^^^^^^^^^^^^^^^
.venv/lib/python3.12/site-packages/sqlalchemy/util/langhelpers.py:122: in __exit__
    raise exc_value.with_traceback(exc_tb)
.venv/lib/python3.12/site-packages/sqlalchemy/pool/impl.py:176: in _do_get
    return self._create_connection()
           ^^^^^^^^^^^^^^^^^^^^^^^^^
.venv/lib/python3.12/site-packages/sqlalchemy/pool/base.py:389: in _create_connection
    return _ConnectionRecord(self)
           ^^^^^^^^^^^^^^^^^^^^^^^
.venv/lib/python3.12/site-packages/sqlalchemy/pool/base.py:674: in __init__
    self.__connect()
.venv/lib/python3.12/site-packages/sqlalchemy/pool/base.py:900: in __connect
    with util.safe_reraise():
         ^^^^^^^^^^^^^^^^^^^
.venv/lib/python3.12/site-packages/sqlalchemy/util/langhelpers.py:122: in __exit__
    raise exc_value.with_traceback(exc_tb)
.venv/lib/python3.12/site-packages/sqlalchemy/pool/base.py:896: in __connect
    self.dbapi_connection = connection = pool._invoke_creator(self)
                                         ^^^^^^^^^^^^^^^^^^^^^^^^^^
.venv/lib/python3.12/site-packages/sqlalchemy/engine/create.py:667: in connect
    return dialect.connect(*cargs_tup, **cparams)
           ^^^^^^^^^^^^^^^^^^^^^^^^^^^^^^^^^^^^^^
.venv/lib/python3.12/site-packages/sqlalchemy/engine/default.py:630: in connect
    return self.loaded_dbapi.connect(*cargs, **cparams)  # type: ignore[no-any-return]  # NOQA: E501
           ^^^^^^^^^^^^^^^^^^^^^^^^^^^^^^^^^^^^^^^^^^^^
.venv/lib/python3.12/site-packages/psycopg/connection.py:126: in connect
    raise last_ex.with_traceback(None)
E   sqlalchemy.exc.OperationalError: (psycopg.OperationalError) connection failed: connection to server at "127.0.0.1", port 55432 failed: could not receive data from server: Connection refused
E   (Background on this error at: https://sqlalche.me/e/20/e3q8)
_________ ERROR at setup of test_cancellation_blocks_late_publication __________
.venv/lib/python3.12/site-packages/sqlalchemy/engine/base.py:144: in __init__
    self._dbapi_connection = engine.raw_connection()
                             ^^^^^^^^^^^^^^^^^^^^^^^
.venv/lib/python3.12/site-packages/sqlalchemy/engine/base.py:3319: in raw_connection
    return self.pool.connect()
           ^^^^^^^^^^^^^^^^^^^
.venv/lib/python3.12/site-packages/sqlalchemy/pool/base.py:448: in connect
    return _ConnectionFairy._checkout(self)
           ^^^^^^^^^^^^^^^^^^^^^^^^^^^^^^^^
.venv/lib/python3.12/site-packages/sqlalchemy/pool/base.py:1290: in _checkout
    fairy = _ConnectionRecord.checkout(pool)
            ^^^^^^^^^^^^^^^^^^^^^^^^^^^^^^^^
.venv/lib/python3.12/site-packages/sqlalchemy/pool/base.py:712: in checkout
    rec = pool._do_get()
          ^^^^^^^^^^^^^^
.venv/lib/python3.12/site-packages/sqlalchemy/pool/impl.py:178: in _do_get
    with util.safe_reraise():
         ^^^^^^^^^^^^^^^^^^^
.venv/lib/python3.12/site-packages/sqlalchemy/util/langhelpers.py:122: in __exit__
    raise exc_value.with_traceback(exc_tb)
.venv/lib/python3.12/site-packages/sqlalchemy/pool/impl.py:176: in _do_get
    return self._create_connection()
           ^^^^^^^^^^^^^^^^^^^^^^^^^
.venv/lib/python3.12/site-packages/sqlalchemy/pool/base.py:389: in _create_connection
    return _ConnectionRecord(self)
           ^^^^^^^^^^^^^^^^^^^^^^^
.venv/lib/python3.12/site-packages/sqlalchemy/pool/base.py:674: in __init__
    self.__connect()
.venv/lib/python3.12/site-packages/sqlalchemy/pool/base.py:900: in __connect
    with util.safe_reraise():
         ^^^^^^^^^^^^^^^^^^^
.venv/lib/python3.12/site-packages/sqlalchemy/util/langhelpers.py:122: in __exit__
    raise exc_value.with_traceback(exc_tb)
.venv/lib/python3.12/site-packages/sqlalchemy/pool/base.py:896: in __connect
    self.dbapi_connection = connection = pool._invoke_creator(self)
                                         ^^^^^^^^^^^^^^^^^^^^^^^^^^
.venv/lib/python3.12/site-packages/sqlalchemy/engine/create.py:667: in connect
    return dialect.connect(*cargs_tup, **cparams)
           ^^^^^^^^^^^^^^^^^^^^^^^^^^^^^^^^^^^^^^
.venv/lib/python3.12/site-packages/sqlalchemy/engine/default.py:630: in connect
    return self.loaded_dbapi.connect(*cargs, **cparams)  # type: ignore[no-any-return]  # NOQA: E501
           ^^^^^^^^^^^^^^^^^^^^^^^^^^^^^^^^^^^^^^^^^^^^
.venv/lib/python3.12/site-packages/psycopg/connection.py:126: in connect
    raise last_ex.with_traceback(None)
E   psycopg.OperationalError: connection failed: connection to server at "127.0.0.1", port 55432 failed: could not receive data from server: Connection refused

The above exception was the direct cause of the following exception:
tests/integration/conftest.py:24: in engine
    with administrative.connect() as connection:
         ^^^^^^^^^^^^^^^^^^^^^^^^
.venv/lib/python3.12/site-packages/sqlalchemy/engine/base.py:3295: in connect
    return self._connection_cls(self)
           ^^^^^^^^^^^^^^^^^^^^^^^^^^
.venv/lib/python3.12/site-packages/sqlalchemy/engine/base.py:146: in __init__
    Connection._handle_dbapi_exception_noconnection(
.venv/lib/python3.12/site-packages/sqlalchemy/engine/base.py:2450: in _handle_dbapi_exception_noconnection
    raise sqlalchemy_exception.with_traceback(exc_info[2]) from e
.venv/lib/python3.12/site-packages/sqlalchemy/engine/base.py:144: in __init__
    self._dbapi_connection = engine.raw_connection()
                             ^^^^^^^^^^^^^^^^^^^^^^^
.venv/lib/python3.12/site-packages/sqlalchemy/engine/base.py:3319: in raw_connection
    return self.pool.connect()
           ^^^^^^^^^^^^^^^^^^^
.venv/lib/python3.12/site-packages/sqlalchemy/pool/base.py:448: in connect
    return _ConnectionFairy._checkout(self)
           ^^^^^^^^^^^^^^^^^^^^^^^^^^^^^^^^
.venv/lib/python3.12/site-packages/sqlalchemy/pool/base.py:1290: in _checkout
    fairy = _ConnectionRecord.checkout(pool)
            ^^^^^^^^^^^^^^^^^^^^^^^^^^^^^^^^
.venv/lib/python3.12/site-packages/sqlalchemy/pool/base.py:712: in checkout
    rec = pool._do_get()
          ^^^^^^^^^^^^^^
.venv/lib/python3.12/site-packages/sqlalchemy/pool/impl.py:178: in _do_get
    with util.safe_reraise():
         ^^^^^^^^^^^^^^^^^^^
.venv/lib/python3.12/site-packages/sqlalchemy/util/langhelpers.py:122: in __exit__
    raise exc_value.with_traceback(exc_tb)
.venv/lib/python3.12/site-packages/sqlalchemy/pool/impl.py:176: in _do_get
    return self._create_connection()
           ^^^^^^^^^^^^^^^^^^^^^^^^^
.venv/lib/python3.12/site-packages/sqlalchemy/pool/base.py:389: in _create_connection
    return _ConnectionRecord(self)
           ^^^^^^^^^^^^^^^^^^^^^^^
.venv/lib/python3.12/site-packages/sqlalchemy/pool/base.py:674: in __init__
    self.__connect()
.venv/lib/python3.12/site-packages/sqlalchemy/pool/base.py:900: in __connect
    with util.safe_reraise():
         ^^^^^^^^^^^^^^^^^^^
.venv/lib/python3.12/site-packages/sqlalchemy/util/langhelpers.py:122: in __exit__
    raise exc_value.with_traceback(exc_tb)
.venv/lib/python3.12/site-packages/sqlalchemy/pool/base.py:896: in __connect
    self.dbapi_connection = connection = pool._invoke_creator(self)
                                         ^^^^^^^^^^^^^^^^^^^^^^^^^^
.venv/lib/python3.12/site-packages/sqlalchemy/engine/create.py:667: in connect
    return dialect.connect(*cargs_tup, **cparams)
           ^^^^^^^^^^^^^^^^^^^^^^^^^^^^^^^^^^^^^^
.venv/lib/python3.12/site-packages/sqlalchemy/engine/default.py:630: in connect
    return self.loaded_dbapi.connect(*cargs, **cparams)  # type: ignore[no-any-return]  # NOQA: E501
           ^^^^^^^^^^^^^^^^^^^^^^^^^^^^^^^^^^^^^^^^^^^^
.venv/lib/python3.12/site-packages/psycopg/connection.py:126: in connect
    raise last_ex.with_traceback(None)
E   sqlalchemy.exc.OperationalError: (psycopg.OperationalError) connection failed: connection to server at "127.0.0.1", port 55432 failed: could not receive data from server: Connection refused
E   (Background on this error at: https://sqlalche.me/e/20/e3q8)
_ ERROR at setup of test_publish_is_once_only_and_stale_worker_cannot_publish __
.venv/lib/python3.12/site-packages/sqlalchemy/engine/base.py:144: in __init__
    self._dbapi_connection = engine.raw_connection()
                             ^^^^^^^^^^^^^^^^^^^^^^^
.venv/lib/python3.12/site-packages/sqlalchemy/engine/base.py:3319: in raw_connection
    return self.pool.connect()
           ^^^^^^^^^^^^^^^^^^^
.venv/lib/python3.12/site-packages/sqlalchemy/pool/base.py:448: in connect
    return _ConnectionFairy._checkout(self)
           ^^^^^^^^^^^^^^^^^^^^^^^^^^^^^^^^
.venv/lib/python3.12/site-packages/sqlalchemy/pool/base.py:1290: in _checkout
    fairy = _ConnectionRecord.checkout(pool)
            ^^^^^^^^^^^^^^^^^^^^^^^^^^^^^^^^
.venv/lib/python3.12/site-packages/sqlalchemy/pool/base.py:712: in checkout
    rec = pool._do_get()
          ^^^^^^^^^^^^^^
.venv/lib/python3.12/site-packages/sqlalchemy/pool/impl.py:178: in _do_get
    with util.safe_reraise():
         ^^^^^^^^^^^^^^^^^^^
.venv/lib/python3.12/site-packages/sqlalchemy/util/langhelpers.py:122: in __exit__
    raise exc_value.with_traceback(exc_tb)
.venv/lib/python3.12/site-packages/sqlalchemy/pool/impl.py:176: in _do_get
    return self._create_connection()
           ^^^^^^^^^^^^^^^^^^^^^^^^^
.venv/lib/python3.12/site-packages/sqlalchemy/pool/base.py:389: in _create_connection
    return _ConnectionRecord(self)
           ^^^^^^^^^^^^^^^^^^^^^^^
.venv/lib/python3.12/site-packages/sqlalchemy/pool/base.py:674: in __init__
    self.__connect()
.venv/lib/python3.12/site-packages/sqlalchemy/pool/base.py:900: in __connect
    with util.safe_reraise():
         ^^^^^^^^^^^^^^^^^^^
.venv/lib/python3.12/site-packages/sqlalchemy/util/langhelpers.py:122: in __exit__
    raise exc_value.with_traceback(exc_tb)
.venv/lib/python3.12/site-packages/sqlalchemy/pool/base.py:896: in __connect
    self.dbapi_connection = connection = pool._invoke_creator(self)
                                         ^^^^^^^^^^^^^^^^^^^^^^^^^^
.venv/lib/python3.12/site-packages/sqlalchemy/engine/create.py:667: in connect
    return dialect.connect(*cargs_tup, **cparams)
           ^^^^^^^^^^^^^^^^^^^^^^^^^^^^^^^^^^^^^^
.venv/lib/python3.12/site-packages/sqlalchemy/engine/default.py:630: in connect
    return self.loaded_dbapi.connect(*cargs, **cparams)  # type: ignore[no-any-return]  # NOQA: E501
           ^^^^^^^^^^^^^^^^^^^^^^^^^^^^^^^^^^^^^^^^^^^^
.venv/lib/python3.12/site-packages/psycopg/connection.py:126: in connect
    raise last_ex.with_traceback(None)
E   psycopg.OperationalError: connection failed: connection to server at "127.0.0.1", port 55432 failed: could not receive data from server: Connection refused

The above exception was the direct cause of the following exception:
tests/integration/conftest.py:24: in engine
    with administrative.connect() as connection:
         ^^^^^^^^^^^^^^^^^^^^^^^^
.venv/lib/python3.12/site-packages/sqlalchemy/engine/base.py:3295: in connect
    return self._connection_cls(self)
           ^^^^^^^^^^^^^^^^^^^^^^^^^^
.venv/lib/python3.12/site-packages/sqlalchemy/engine/base.py:146: in __init__
    Connection._handle_dbapi_exception_noconnection(
.venv/lib/python3.12/site-packages/sqlalchemy/engine/base.py:2450: in _handle_dbapi_exception_noconnection
    raise sqlalchemy_exception.with_traceback(exc_info[2]) from e
.venv/lib/python3.12/site-packages/sqlalchemy/engine/base.py:144: in __init__
    self._dbapi_connection = engine.raw_connection()
                             ^^^^^^^^^^^^^^^^^^^^^^^
.venv/lib/python3.12/site-packages/sqlalchemy/engine/base.py:3319: in raw_connection
    return self.pool.connect()
           ^^^^^^^^^^^^^^^^^^^
.venv/lib/python3.12/site-packages/sqlalchemy/pool/base.py:448: in connect
    return _ConnectionFairy._checkout(self)
           ^^^^^^^^^^^^^^^^^^^^^^^^^^^^^^^^
.venv/lib/python3.12/site-packages/sqlalchemy/pool/base.py:1290: in _checkout
    fairy = _ConnectionRecord.checkout(pool)
            ^^^^^^^^^^^^^^^^^^^^^^^^^^^^^^^^
.venv/lib/python3.12/site-packages/sqlalchemy/pool/base.py:712: in checkout
    rec = pool._do_get()
          ^^^^^^^^^^^^^^
.venv/lib/python3.12/site-packages/sqlalchemy/pool/impl.py:178: in _do_get
    with util.safe_reraise():
         ^^^^^^^^^^^^^^^^^^^
.venv/lib/python3.12/site-packages/sqlalchemy/util/langhelpers.py:122: in __exit__
    raise exc_value.with_traceback(exc_tb)
.venv/lib/python3.12/site-packages/sqlalchemy/pool/impl.py:176: in _do_get
    return self._create_connection()
           ^^^^^^^^^^^^^^^^^^^^^^^^^
.venv/lib/python3.12/site-packages/sqlalchemy/pool/base.py:389: in _create_connection
    return _ConnectionRecord(self)
           ^^^^^^^^^^^^^^^^^^^^^^^
.venv/lib/python3.12/site-packages/sqlalchemy/pool/base.py:674: in __init__
    self.__connect()
.venv/lib/python3.12/site-packages/sqlalchemy/pool/base.py:900: in __connect
    with util.safe_reraise():
         ^^^^^^^^^^^^^^^^^^^
.venv/lib/python3.12/site-packages/sqlalchemy/util/langhelpers.py:122: in __exit__
    raise exc_value.with_traceback(exc_tb)
.venv/lib/python3.12/site-packages/sqlalchemy/pool/base.py:896: in __connect
    self.dbapi_connection = connection = pool._invoke_creator(self)
                                         ^^^^^^^^^^^^^^^^^^^^^^^^^^
.venv/lib/python3.12/site-packages/sqlalchemy/engine/create.py:667: in connect
    return dialect.connect(*cargs_tup, **cparams)
           ^^^^^^^^^^^^^^^^^^^^^^^^^^^^^^^^^^^^^^
.venv/lib/python3.12/site-packages/sqlalchemy/engine/default.py:630: in connect
    return self.loaded_dbapi.connect(*cargs, **cparams)  # type: ignore[no-any-return]  # NOQA: E501
           ^^^^^^^^^^^^^^^^^^^^^^^^^^^^^^^^^^^^^^^^^^^^
.venv/lib/python3.12/site-packages/psycopg/connection.py:126: in connect
    raise last_ex.with_traceback(None)
E   sqlalchemy.exc.OperationalError: (psycopg.OperationalError) connection failed: connection to server at "127.0.0.1", port 55432 failed: could not receive data from server: Connection refused
E   (Background on this error at: https://sqlalche.me/e/20/e3q8)
______ ERROR at setup of test_concurrent_identical_submission_has_one_job ______
.venv/lib/python3.12/site-packages/sqlalchemy/engine/base.py:144: in __init__
    self._dbapi_connection = engine.raw_connection()
                             ^^^^^^^^^^^^^^^^^^^^^^^
.venv/lib/python3.12/site-packages/sqlalchemy/engine/base.py:3319: in raw_connection
    return self.pool.connect()
           ^^^^^^^^^^^^^^^^^^^
.venv/lib/python3.12/site-packages/sqlalchemy/pool/base.py:448: in connect
    return _ConnectionFairy._checkout(self)
           ^^^^^^^^^^^^^^^^^^^^^^^^^^^^^^^^
.venv/lib/python3.12/site-packages/sqlalchemy/pool/base.py:1290: in _checkout
    fairy = _ConnectionRecord.checkout(pool)
            ^^^^^^^^^^^^^^^^^^^^^^^^^^^^^^^^
.venv/lib/python3.12/site-packages/sqlalchemy/pool/base.py:712: in checkout
    rec = pool._do_get()
          ^^^^^^^^^^^^^^
.venv/lib/python3.12/site-packages/sqlalchemy/pool/impl.py:178: in _do_get
    with util.safe_reraise():
         ^^^^^^^^^^^^^^^^^^^
.venv/lib/python3.12/site-packages/sqlalchemy/util/langhelpers.py:122: in __exit__
    raise exc_value.with_traceback(exc_tb)
.venv/lib/python3.12/site-packages/sqlalchemy/pool/impl.py:176: in _do_get
    return self._create_connection()
           ^^^^^^^^^^^^^^^^^^^^^^^^^
.venv/lib/python3.12/site-packages/sqlalchemy/pool/base.py:389: in _create_connection
    return _ConnectionRecord(self)
           ^^^^^^^^^^^^^^^^^^^^^^^
.venv/lib/python3.12/site-packages/sqlalchemy/pool/base.py:674: in __init__
    self.__connect()
.venv/lib/python3.12/site-packages/sqlalchemy/pool/base.py:900: in __connect
    with util.safe_reraise():
         ^^^^^^^^^^^^^^^^^^^
.venv/lib/python3.12/site-packages/sqlalchemy/util/langhelpers.py:122: in __exit__
    raise exc_value.with_traceback(exc_tb)
.venv/lib/python3.12/site-packages/sqlalchemy/pool/base.py:896: in __connect
    self.dbapi_connection = connection = pool._invoke_creator(self)
                                         ^^^^^^^^^^^^^^^^^^^^^^^^^^
.venv/lib/python3.12/site-packages/sqlalchemy/engine/create.py:667: in connect
    return dialect.connect(*cargs_tup, **cparams)
           ^^^^^^^^^^^^^^^^^^^^^^^^^^^^^^^^^^^^^^
.venv/lib/python3.12/site-packages/sqlalchemy/engine/default.py:630: in connect
    return self.loaded_dbapi.connect(*cargs, **cparams)  # type: ignore[no-any-return]  # NOQA: E501
           ^^^^^^^^^^^^^^^^^^^^^^^^^^^^^^^^^^^^^^^^^^^^
.venv/lib/python3.12/site-packages/psycopg/connection.py:126: in connect
    raise last_ex.with_traceback(None)
E   psycopg.OperationalError: connection failed: connection to server at "127.0.0.1", port 55432 failed: could not receive data from server: Connection refused

The above exception was the direct cause of the following exception:
tests/integration/conftest.py:24: in engine
    with administrative.connect() as connection:
         ^^^^^^^^^^^^^^^^^^^^^^^^
.venv/lib/python3.12/site-packages/sqlalchemy/engine/base.py:3295: in connect
    return self._connection_cls(self)
           ^^^^^^^^^^^^^^^^^^^^^^^^^^
.venv/lib/python3.12/site-packages/sqlalchemy/engine/base.py:146: in __init__
    Connection._handle_dbapi_exception_noconnection(
.venv/lib/python3.12/site-packages/sqlalchemy/engine/base.py:2450: in _handle_dbapi_exception_noconnection
    raise sqlalchemy_exception.with_traceback(exc_info[2]) from e
.venv/lib/python3.12/site-packages/sqlalchemy/engine/base.py:144: in __init__
    self._dbapi_connection = engine.raw_connection()
                             ^^^^^^^^^^^^^^^^^^^^^^^
.venv/lib/python3.12/site-packages/sqlalchemy/engine/base.py:3319: in raw_connection
    return self.pool.connect()
           ^^^^^^^^^^^^^^^^^^^
.venv/lib/python3.12/site-packages/sqlalchemy/pool/base.py:448: in connect
    return _ConnectionFairy._checkout(self)
           ^^^^^^^^^^^^^^^^^^^^^^^^^^^^^^^^
.venv/lib/python3.12/site-packages/sqlalchemy/pool/base.py:1290: in _checkout
    fairy = _ConnectionRecord.checkout(pool)
            ^^^^^^^^^^^^^^^^^^^^^^^^^^^^^^^^
.venv/lib/python3.12/site-packages/sqlalchemy/pool/base.py:712: in checkout
    rec = pool._do_get()
          ^^^^^^^^^^^^^^
.venv/lib/python3.12/site-packages/sqlalchemy/pool/impl.py:178: in _do_get
    with util.safe_reraise():
         ^^^^^^^^^^^^^^^^^^^
.venv/lib/python3.12/site-packages/sqlalchemy/util/langhelpers.py:122: in __exit__
    raise exc_value.with_traceback(exc_tb)
.venv/lib/python3.12/site-packages/sqlalchemy/pool/impl.py:176: in _do_get
    return self._create_connection()
           ^^^^^^^^^^^^^^^^^^^^^^^^^
.venv/lib/python3.12/site-packages/sqlalchemy/pool/base.py:389: in _create_connection
    return _ConnectionRecord(self)
           ^^^^^^^^^^^^^^^^^^^^^^^
.venv/lib/python3.12/site-packages/sqlalchemy/pool/base.py:674: in __init__
    self.__connect()
.venv/lib/python3.12/site-packages/sqlalchemy/pool/base.py:900: in __connect
    with util.safe_reraise():
         ^^^^^^^^^^^^^^^^^^^
.venv/lib/python3.12/site-packages/sqlalchemy/util/langhelpers.py:122: in __exit__
    raise exc_value.with_traceback(exc_tb)
.venv/lib/python3.12/site-packages/sqlalchemy/pool/base.py:896: in __connect
    self.dbapi_connection = connection = pool._invoke_creator(self)
                                         ^^^^^^^^^^^^^^^^^^^^^^^^^^
.venv/lib/python3.12/site-packages/sqlalchemy/engine/create.py:667: in connect
    return dialect.connect(*cargs_tup, **cparams)
           ^^^^^^^^^^^^^^^^^^^^^^^^^^^^^^^^^^^^^^
.venv/lib/python3.12/site-packages/sqlalchemy/engine/default.py:630: in connect
    return self.loaded_dbapi.connect(*cargs, **cparams)  # type: ignore[no-any-return]  # NOQA: E501
           ^^^^^^^^^^^^^^^^^^^^^^^^^^^^^^^^^^^^^^^^^^^^
.venv/lib/python3.12/site-packages/psycopg/connection.py:126: in connect
    raise last_ex.with_traceback(None)
E   sqlalchemy.exc.OperationalError: (psycopg.OperationalError) connection failed: connection to server at "127.0.0.1", port 55432 failed: could not receive data from server: Connection refused
E   (Background on this error at: https://sqlalche.me/e/20/e3q8)
____ ERROR at setup of test_expired_lease_recovery_rejects_original_worker _____
.venv/lib/python3.12/site-packages/sqlalchemy/engine/base.py:144: in __init__
    self._dbapi_connection = engine.raw_connection()
                             ^^^^^^^^^^^^^^^^^^^^^^^
.venv/lib/python3.12/site-packages/sqlalchemy/engine/base.py:3319: in raw_connection
    return self.pool.connect()
           ^^^^^^^^^^^^^^^^^^^
.venv/lib/python3.12/site-packages/sqlalchemy/pool/base.py:448: in connect
    return _ConnectionFairy._checkout(self)
           ^^^^^^^^^^^^^^^^^^^^^^^^^^^^^^^^
.venv/lib/python3.12/site-packages/sqlalchemy/pool/base.py:1290: in _checkout
    fairy = _ConnectionRecord.checkout(pool)
            ^^^^^^^^^^^^^^^^^^^^^^^^^^^^^^^^
.venv/lib/python3.12/site-packages/sqlalchemy/pool/base.py:712: in checkout
    rec = pool._do_get()
          ^^^^^^^^^^^^^^
.venv/lib/python3.12/site-packages/sqlalchemy/pool/impl.py:178: in _do_get
    with util.safe_reraise():
         ^^^^^^^^^^^^^^^^^^^
.venv/lib/python3.12/site-packages/sqlalchemy/util/langhelpers.py:122: in __exit__
    raise exc_value.with_traceback(exc_tb)
.venv/lib/python3.12/site-packages/sqlalchemy/pool/impl.py:176: in _do_get
    return self._create_connection()
           ^^^^^^^^^^^^^^^^^^^^^^^^^
.venv/lib/python3.12/site-packages/sqlalchemy/pool/base.py:389: in _create_connection
    return _ConnectionRecord(self)
           ^^^^^^^^^^^^^^^^^^^^^^^
.venv/lib/python3.12/site-packages/sqlalchemy/pool/base.py:674: in __init__
    self.__connect()
.venv/lib/python3.12/site-packages/sqlalchemy/pool/base.py:900: in __connect
    with util.safe_reraise():
         ^^^^^^^^^^^^^^^^^^^
.venv/lib/python3.12/site-packages/sqlalchemy/util/langhelpers.py:122: in __exit__
    raise exc_value.with_traceback(exc_tb)
.venv/lib/python3.12/site-packages/sqlalchemy/pool/base.py:896: in __connect
    self.dbapi_connection = connection = pool._invoke_creator(self)
                                         ^^^^^^^^^^^^^^^^^^^^^^^^^^
.venv/lib/python3.12/site-packages/sqlalchemy/engine/create.py:667: in connect
    return dialect.connect(*cargs_tup, **cparams)
           ^^^^^^^^^^^^^^^^^^^^^^^^^^^^^^^^^^^^^^
.venv/lib/python3.12/site-packages/sqlalchemy/engine/default.py:630: in connect
    return self.loaded_dbapi.connect(*cargs, **cparams)  # type: ignore[no-any-return]  # NOQA: E501
           ^^^^^^^^^^^^^^^^^^^^^^^^^^^^^^^^^^^^^^^^^^^^
.venv/lib/python3.12/site-packages/psycopg/connection.py:126: in connect
    raise last_ex.with_traceback(None)
E   psycopg.OperationalError: connection failed: connection to server at "127.0.0.1", port 55432 failed: could not receive data from server: Connection refused

The above exception was the direct cause of the following exception:
tests/integration/conftest.py:24: in engine
    with administrative.connect() as connection:
         ^^^^^^^^^^^^^^^^^^^^^^^^
.venv/lib/python3.12/site-packages/sqlalchemy/engine/base.py:3295: in connect
    return self._connection_cls(self)
           ^^^^^^^^^^^^^^^^^^^^^^^^^^
.venv/lib/python3.12/site-packages/sqlalchemy/engine/base.py:146: in __init__
    Connection._handle_dbapi_exception_noconnection(
.venv/lib/python3.12/site-packages/sqlalchemy/engine/base.py:2450: in _handle_dbapi_exception_noconnection
    raise sqlalchemy_exception.with_traceback(exc_info[2]) from e
.venv/lib/python3.12/site-packages/sqlalchemy/engine/base.py:144: in __init__
    self._dbapi_connection = engine.raw_connection()
                             ^^^^^^^^^^^^^^^^^^^^^^^
.venv/lib/python3.12/site-packages/sqlalchemy/engine/base.py:3319: in raw_connection
    return self.pool.connect()
           ^^^^^^^^^^^^^^^^^^^
.venv/lib/python3.12/site-packages/sqlalchemy/pool/base.py:448: in connect
    return _ConnectionFairy._checkout(self)
           ^^^^^^^^^^^^^^^^^^^^^^^^^^^^^^^^
.venv/lib/python3.12/site-packages/sqlalchemy/pool/base.py:1290: in _checkout
    fairy = _ConnectionRecord.checkout(pool)
            ^^^^^^^^^^^^^^^^^^^^^^^^^^^^^^^^
.venv/lib/python3.12/site-packages/sqlalchemy/pool/base.py:712: in checkout
    rec = pool._do_get()
          ^^^^^^^^^^^^^^
.venv/lib/python3.12/site-packages/sqlalchemy/pool/impl.py:178: in _do_get
    with util.safe_reraise():
         ^^^^^^^^^^^^^^^^^^^
.venv/lib/python3.12/site-packages/sqlalchemy/util/langhelpers.py:122: in __exit__
    raise exc_value.with_traceback(exc_tb)
.venv/lib/python3.12/site-packages/sqlalchemy/pool/impl.py:176: in _do_get
    return self._create_connection()
           ^^^^^^^^^^^^^^^^^^^^^^^^^
.venv/lib/python3.12/site-packages/sqlalchemy/pool/base.py:389: in _create_connection
    return _ConnectionRecord(self)
           ^^^^^^^^^^^^^^^^^^^^^^^
.venv/lib/python3.12/site-packages/sqlalchemy/pool/base.py:674: in __init__
    self.__connect()
.venv/lib/python3.12/site-packages/sqlalchemy/pool/base.py:900: in __connect
    with util.safe_reraise():
         ^^^^^^^^^^^^^^^^^^^
.venv/lib/python3.12/site-packages/sqlalchemy/util/langhelpers.py:122: in __exit__
    raise exc_value.with_traceback(exc_tb)
.venv/lib/python3.12/site-packages/sqlalchemy/pool/base.py:896: in __connect
    self.dbapi_connection = connection = pool._invoke_creator(self)
                                         ^^^^^^^^^^^^^^^^^^^^^^^^^^
.venv/lib/python3.12/site-packages/sqlalchemy/engine/create.py:667: in connect
    return dialect.connect(*cargs_tup, **cparams)
           ^^^^^^^^^^^^^^^^^^^^^^^^^^^^^^^^^^^^^^
.venv/lib/python3.12/site-packages/sqlalchemy/engine/default.py:630: in connect
    return self.loaded_dbapi.connect(*cargs, **cparams)  # type: ignore[no-any-return]  # NOQA: E501
           ^^^^^^^^^^^^^^^^^^^^^^^^^^^^^^^^^^^^^^^^^^^^
.venv/lib/python3.12/site-packages/psycopg/connection.py:126: in connect
    raise last_ex.with_traceback(None)
E   sqlalchemy.exc.OperationalError: (psycopg.OperationalError) connection failed: connection to server at "127.0.0.1", port 55432 failed: could not receive data from server: Connection refused
E   (Background on this error at: https://sqlalche.me/e/20/e3q8)
____ ERROR at setup of test_heartbeat_and_failure_respect_worker_ownership _____
.venv/lib/python3.12/site-packages/sqlalchemy/engine/base.py:144: in __init__
    self._dbapi_connection = engine.raw_connection()
                             ^^^^^^^^^^^^^^^^^^^^^^^
.venv/lib/python3.12/site-packages/sqlalchemy/engine/base.py:3319: in raw_connection
    return self.pool.connect()
           ^^^^^^^^^^^^^^^^^^^
.venv/lib/python3.12/site-packages/sqlalchemy/pool/base.py:448: in connect
    return _ConnectionFairy._checkout(self)
           ^^^^^^^^^^^^^^^^^^^^^^^^^^^^^^^^
.venv/lib/python3.12/site-packages/sqlalchemy/pool/base.py:1290: in _checkout
    fairy = _ConnectionRecord.checkout(pool)
            ^^^^^^^^^^^^^^^^^^^^^^^^^^^^^^^^
.venv/lib/python3.12/site-packages/sqlalchemy/pool/base.py:712: in checkout
    rec = pool._do_get()
          ^^^^^^^^^^^^^^
.venv/lib/python3.12/site-packages/sqlalchemy/pool/impl.py:178: in _do_get
    with util.safe_reraise():
         ^^^^^^^^^^^^^^^^^^^
.venv/lib/python3.12/site-packages/sqlalchemy/util/langhelpers.py:122: in __exit__
    raise exc_value.with_traceback(exc_tb)
.venv/lib/python3.12/site-packages/sqlalchemy/pool/impl.py:176: in _do_get
    return self._create_connection()
           ^^^^^^^^^^^^^^^^^^^^^^^^^
.venv/lib/python3.12/site-packages/sqlalchemy/pool/base.py:389: in _create_connection
    return _ConnectionRecord(self)
           ^^^^^^^^^^^^^^^^^^^^^^^
.venv/lib/python3.12/site-packages/sqlalchemy/pool/base.py:674: in __init__
    self.__connect()
.venv/lib/python3.12/site-packages/sqlalchemy/pool/base.py:900: in __connect
    with util.safe_reraise():
         ^^^^^^^^^^^^^^^^^^^
.venv/lib/python3.12/site-packages/sqlalchemy/util/langhelpers.py:122: in __exit__
    raise exc_value.with_traceback(exc_tb)
.venv/lib/python3.12/site-packages/sqlalchemy/pool/base.py:896: in __connect
    self.dbapi_connection = connection = pool._invoke_creator(self)
                                         ^^^^^^^^^^^^^^^^^^^^^^^^^^
.venv/lib/python3.12/site-packages/sqlalchemy/engine/create.py:667: in connect
    return dialect.connect(*cargs_tup, **cparams)
           ^^^^^^^^^^^^^^^^^^^^^^^^^^^^^^^^^^^^^^
.venv/lib/python3.12/site-packages/sqlalchemy/engine/default.py:630: in connect
    return self.loaded_dbapi.connect(*cargs, **cparams)  # type: ignore[no-any-return]  # NOQA: E501
           ^^^^^^^^^^^^^^^^^^^^^^^^^^^^^^^^^^^^^^^^^^^^
.venv/lib/python3.12/site-packages/psycopg/connection.py:126: in connect
    raise last_ex.with_traceback(None)
E   psycopg.OperationalError: connection failed: connection to server at "127.0.0.1", port 55432 failed: could not receive data from server: Connection refused

The above exception was the direct cause of the following exception:
tests/integration/conftest.py:24: in engine
    with administrative.connect() as connection:
         ^^^^^^^^^^^^^^^^^^^^^^^^
.venv/lib/python3.12/site-packages/sqlalchemy/engine/base.py:3295: in connect
    return self._connection_cls(self)
           ^^^^^^^^^^^^^^^^^^^^^^^^^^
.venv/lib/python3.12/site-packages/sqlalchemy/engine/base.py:146: in __init__
    Connection._handle_dbapi_exception_noconnection(
.venv/lib/python3.12/site-packages/sqlalchemy/engine/base.py:2450: in _handle_dbapi_exception_noconnection
    raise sqlalchemy_exception.with_traceback(exc_info[2]) from e
.venv/lib/python3.12/site-packages/sqlalchemy/engine/base.py:144: in __init__
    self._dbapi_connection = engine.raw_connection()
                             ^^^^^^^^^^^^^^^^^^^^^^^
.venv/lib/python3.12/site-packages/sqlalchemy/engine/base.py:3319: in raw_connection
    return self.pool.connect()
           ^^^^^^^^^^^^^^^^^^^
.venv/lib/python3.12/site-packages/sqlalchemy/pool/base.py:448: in connect
    return _ConnectionFairy._checkout(self)
           ^^^^^^^^^^^^^^^^^^^^^^^^^^^^^^^^
.venv/lib/python3.12/site-packages/sqlalchemy/pool/base.py:1290: in _checkout
    fairy = _ConnectionRecord.checkout(pool)
            ^^^^^^^^^^^^^^^^^^^^^^^^^^^^^^^^
.venv/lib/python3.12/site-packages/sqlalchemy/pool/base.py:712: in checkout
    rec = pool._do_get()
          ^^^^^^^^^^^^^^
.venv/lib/python3.12/site-packages/sqlalchemy/pool/impl.py:178: in _do_get
    with util.safe_reraise():
         ^^^^^^^^^^^^^^^^^^^
.venv/lib/python3.12/site-packages/sqlalchemy/util/langhelpers.py:122: in __exit__
    raise exc_value.with_traceback(exc_tb)
.venv/lib/python3.12/site-packages/sqlalchemy/pool/impl.py:176: in _do_get
    return self._create_connection()
           ^^^^^^^^^^^^^^^^^^^^^^^^^
.venv/lib/python3.12/site-packages/sqlalchemy/pool/base.py:389: in _create_connection
    return _ConnectionRecord(self)
           ^^^^^^^^^^^^^^^^^^^^^^^
.venv/lib/python3.12/site-packages/sqlalchemy/pool/base.py:674: in __init__
    self.__connect()
.venv/lib/python3.12/site-packages/sqlalchemy/pool/base.py:900: in __connect
    with util.safe_reraise():
         ^^^^^^^^^^^^^^^^^^^
.venv/lib/python3.12/site-packages/sqlalchemy/util/langhelpers.py:122: in __exit__
    raise exc_value.with_traceback(exc_tb)
.venv/lib/python3.12/site-packages/sqlalchemy/pool/base.py:896: in __connect
    self.dbapi_connection = connection = pool._invoke_creator(self)
                                         ^^^^^^^^^^^^^^^^^^^^^^^^^^
.venv/lib/python3.12/site-packages/sqlalchemy/engine/create.py:667: in connect
    return dialect.connect(*cargs_tup, **cparams)
           ^^^^^^^^^^^^^^^^^^^^^^^^^^^^^^^^^^^^^^
.venv/lib/python3.12/site-packages/sqlalchemy/engine/default.py:630: in connect
    return self.loaded_dbapi.connect(*cargs, **cparams)  # type: ignore[no-any-return]  # NOQA: E501
           ^^^^^^^^^^^^^^^^^^^^^^^^^^^^^^^^^^^^^^^^^^^^
.venv/lib/python3.12/site-packages/psycopg/connection.py:126: in connect
    raise last_ex.with_traceback(None)
E   sqlalchemy.exc.OperationalError: (psycopg.OperationalError) connection failed: connection to server at "127.0.0.1", port 55432 failed: could not receive data from server: Connection refused
E   (Background on this error at: https://sqlalche.me/e/20/e3q8)
______ ERROR at setup of test_cancel_acknowledged_only_by_current_worker _______
.venv/lib/python3.12/site-packages/sqlalchemy/engine/base.py:144: in __init__
    self._dbapi_connection = engine.raw_connection()
                             ^^^^^^^^^^^^^^^^^^^^^^^
.venv/lib/python3.12/site-packages/sqlalchemy/engine/base.py:3319: in raw_connection
    return self.pool.connect()
           ^^^^^^^^^^^^^^^^^^^
.venv/lib/python3.12/site-packages/sqlalchemy/pool/base.py:448: in connect
    return _ConnectionFairy._checkout(self)
           ^^^^^^^^^^^^^^^^^^^^^^^^^^^^^^^^
.venv/lib/python3.12/site-packages/sqlalchemy/pool/base.py:1290: in _checkout
    fairy = _ConnectionRecord.checkout(pool)
            ^^^^^^^^^^^^^^^^^^^^^^^^^^^^^^^^
.venv/lib/python3.12/site-packages/sqlalchemy/pool/base.py:712: in checkout
    rec = pool._do_get()
          ^^^^^^^^^^^^^^
.venv/lib/python3.12/site-packages/sqlalchemy/pool/impl.py:178: in _do_get
    with util.safe_reraise():
         ^^^^^^^^^^^^^^^^^^^
.venv/lib/python3.12/site-packages/sqlalchemy/util/langhelpers.py:122: in __exit__
    raise exc_value.with_traceback(exc_tb)
.venv/lib/python3.12/site-packages/sqlalchemy/pool/impl.py:176: in _do_get
    return self._create_connection()
           ^^^^^^^^^^^^^^^^^^^^^^^^^
.venv/lib/python3.12/site-packages/sqlalchemy/pool/base.py:389: in _create_connection
    return _ConnectionRecord(self)
           ^^^^^^^^^^^^^^^^^^^^^^^
.venv/lib/python3.12/site-packages/sqlalchemy/pool/base.py:674: in __init__
    self.__connect()
.venv/lib/python3.12/site-packages/sqlalchemy/pool/base.py:900: in __connect
    with util.safe_reraise():
         ^^^^^^^^^^^^^^^^^^^
.venv/lib/python3.12/site-packages/sqlalchemy/util/langhelpers.py:122: in __exit__
    raise exc_value.with_traceback(exc_tb)
.venv/lib/python3.12/site-packages/sqlalchemy/pool/base.py:896: in __connect
    self.dbapi_connection = connection = pool._invoke_creator(self)
                                         ^^^^^^^^^^^^^^^^^^^^^^^^^^
.venv/lib/python3.12/site-packages/sqlalchemy/engine/create.py:667: in connect
    return dialect.connect(*cargs_tup, **cparams)
           ^^^^^^^^^^^^^^^^^^^^^^^^^^^^^^^^^^^^^^
.venv/lib/python3.12/site-packages/sqlalchemy/engine/default.py:630: in connect
    return self.loaded_dbapi.connect(*cargs, **cparams)  # type: ignore[no-any-return]  # NOQA: E501
           ^^^^^^^^^^^^^^^^^^^^^^^^^^^^^^^^^^^^^^^^^^^^
.venv/lib/python3.12/site-packages/psycopg/connection.py:126: in connect
    raise last_ex.with_traceback(None)
E   psycopg.OperationalError: connection failed: connection to server at "127.0.0.1", port 55432 failed: could not receive data from server: Connection refused

The above exception was the direct cause of the following exception:
tests/integration/conftest.py:24: in engine
    with administrative.connect() as connection:
         ^^^^^^^^^^^^^^^^^^^^^^^^
.venv/lib/python3.12/site-packages/sqlalchemy/engine/base.py:3295: in connect
    return self._connection_cls(self)
           ^^^^^^^^^^^^^^^^^^^^^^^^^^
.venv/lib/python3.12/site-packages/sqlalchemy/engine/base.py:146: in __init__
    Connection._handle_dbapi_exception_noconnection(
.venv/lib/python3.12/site-packages/sqlalchemy/engine/base.py:2450: in _handle_dbapi_exception_noconnection
    raise sqlalchemy_exception.with_traceback(exc_info[2]) from e
.venv/lib/python3.12/site-packages/sqlalchemy/engine/base.py:144: in __init__
    self._dbapi_connection = engine.raw_connection()
                             ^^^^^^^^^^^^^^^^^^^^^^^
.venv/lib/python3.12/site-packages/sqlalchemy/engine/base.py:3319: in raw_connection
    return self.pool.connect()
           ^^^^^^^^^^^^^^^^^^^
.venv/lib/python3.12/site-packages/sqlalchemy/pool/base.py:448: in connect
    return _ConnectionFairy._checkout(self)
           ^^^^^^^^^^^^^^^^^^^^^^^^^^^^^^^^
.venv/lib/python3.12/site-packages/sqlalchemy/pool/base.py:1290: in _checkout
    fairy = _ConnectionRecord.checkout(pool)
            ^^^^^^^^^^^^^^^^^^^^^^^^^^^^^^^^
.venv/lib/python3.12/site-packages/sqlalchemy/pool/base.py:712: in checkout
    rec = pool._do_get()
          ^^^^^^^^^^^^^^
.venv/lib/python3.12/site-packages/sqlalchemy/pool/impl.py:178: in _do_get
    with util.safe_reraise():
         ^^^^^^^^^^^^^^^^^^^
.venv/lib/python3.12/site-packages/sqlalchemy/util/langhelpers.py:122: in __exit__
    raise exc_value.with_traceback(exc_tb)
.venv/lib/python3.12/site-packages/sqlalchemy/pool/impl.py:176: in _do_get
    return self._create_connection()
           ^^^^^^^^^^^^^^^^^^^^^^^^^
.venv/lib/python3.12/site-packages/sqlalchemy/pool/base.py:389: in _create_connection
    return _ConnectionRecord(self)
           ^^^^^^^^^^^^^^^^^^^^^^^
.venv/lib/python3.12/site-packages/sqlalchemy/pool/base.py:674: in __init__
    self.__connect()
.venv/lib/python3.12/site-packages/sqlalchemy/pool/base.py:900: in __connect
    with util.safe_reraise():
         ^^^^^^^^^^^^^^^^^^^
.venv/lib/python3.12/site-packages/sqlalchemy/util/langhelpers.py:122: in __exit__
    raise exc_value.with_traceback(exc_tb)
.venv/lib/python3.12/site-packages/sqlalchemy/pool/base.py:896: in __connect
    self.dbapi_connection = connection = pool._invoke_creator(self)
                                         ^^^^^^^^^^^^^^^^^^^^^^^^^^
.venv/lib/python3.12/site-packages/sqlalchemy/engine/create.py:667: in connect
    return dialect.connect(*cargs_tup, **cparams)
           ^^^^^^^^^^^^^^^^^^^^^^^^^^^^^^^^^^^^^^
.venv/lib/python3.12/site-packages/sqlalchemy/engine/default.py:630: in connect
    return self.loaded_dbapi.connect(*cargs, **cparams)  # type: ignore[no-any-return]  # NOQA: E501
           ^^^^^^^^^^^^^^^^^^^^^^^^^^^^^^^^^^^^^^^^^^^^
.venv/lib/python3.12/site-packages/psycopg/connection.py:126: in connect
    raise last_ex.with_traceback(None)
E   sqlalchemy.exc.OperationalError: (psycopg.OperationalError) connection failed: connection to server at "127.0.0.1", port 55432 failed: could not receive data from server: Connection refused
E   (Background on this error at: https://sqlalche.me/e/20/e3q8)
_ ERROR at setup of test_published_result_checks_current_permission_on_every_read _
.venv/lib/python3.12/site-packages/sqlalchemy/engine/base.py:144: in __init__
    self._dbapi_connection = engine.raw_connection()
                             ^^^^^^^^^^^^^^^^^^^^^^^
.venv/lib/python3.12/site-packages/sqlalchemy/engine/base.py:3319: in raw_connection
    return self.pool.connect()
           ^^^^^^^^^^^^^^^^^^^
.venv/lib/python3.12/site-packages/sqlalchemy/pool/base.py:448: in connect
    return _ConnectionFairy._checkout(self)
           ^^^^^^^^^^^^^^^^^^^^^^^^^^^^^^^^
.venv/lib/python3.12/site-packages/sqlalchemy/pool/base.py:1290: in _checkout
    fairy = _ConnectionRecord.checkout(pool)
            ^^^^^^^^^^^^^^^^^^^^^^^^^^^^^^^^
.venv/lib/python3.12/site-packages/sqlalchemy/pool/base.py:712: in checkout
    rec = pool._do_get()
          ^^^^^^^^^^^^^^
.venv/lib/python3.12/site-packages/sqlalchemy/pool/impl.py:178: in _do_get
    with util.safe_reraise():
         ^^^^^^^^^^^^^^^^^^^
.venv/lib/python3.12/site-packages/sqlalchemy/util/langhelpers.py:122: in __exit__
    raise exc_value.with_traceback(exc_tb)
.venv/lib/python3.12/site-packages/sqlalchemy/pool/impl.py:176: in _do_get
    return self._create_connection()
           ^^^^^^^^^^^^^^^^^^^^^^^^^
.venv/lib/python3.12/site-packages/sqlalchemy/pool/base.py:389: in _create_connection
    return _ConnectionRecord(self)
           ^^^^^^^^^^^^^^^^^^^^^^^
.venv/lib/python3.12/site-packages/sqlalchemy/pool/base.py:674: in __init__
    self.__connect()
.venv/lib/python3.12/site-packages/sqlalchemy/pool/base.py:900: in __connect
    with util.safe_reraise():
         ^^^^^^^^^^^^^^^^^^^
.venv/lib/python3.12/site-packages/sqlalchemy/util/langhelpers.py:122: in __exit__
    raise exc_value.with_traceback(exc_tb)
.venv/lib/python3.12/site-packages/sqlalchemy/pool/base.py:896: in __connect
    self.dbapi_connection = connection = pool._invoke_creator(self)
                                         ^^^^^^^^^^^^^^^^^^^^^^^^^^
.venv/lib/python3.12/site-packages/sqlalchemy/engine/create.py:667: in connect
    return dialect.connect(*cargs_tup, **cparams)
           ^^^^^^^^^^^^^^^^^^^^^^^^^^^^^^^^^^^^^^
.venv/lib/python3.12/site-packages/sqlalchemy/engine/default.py:630: in connect
    return self.loaded_dbapi.connect(*cargs, **cparams)  # type: ignore[no-any-return]  # NOQA: E501
           ^^^^^^^^^^^^^^^^^^^^^^^^^^^^^^^^^^^^^^^^^^^^
.venv/lib/python3.12/site-packages/psycopg/connection.py:126: in connect
    raise last_ex.with_traceback(None)
E   psycopg.OperationalError: connection failed: connection to server at "127.0.0.1", port 55432 failed: could not receive data from server: Connection refused

The above exception was the direct cause of the following exception:
tests/integration/conftest.py:24: in engine
    with administrative.connect() as connection:
         ^^^^^^^^^^^^^^^^^^^^^^^^
.venv/lib/python3.12/site-packages/sqlalchemy/engine/base.py:3295: in connect
    return self._connection_cls(self)
           ^^^^^^^^^^^^^^^^^^^^^^^^^^
.venv/lib/python3.12/site-packages/sqlalchemy/engine/base.py:146: in __init__
    Connection._handle_dbapi_exception_noconnection(
.venv/lib/python3.12/site-packages/sqlalchemy/engine/base.py:2450: in _handle_dbapi_exception_noconnection
    raise sqlalchemy_exception.with_traceback(exc_info[2]) from e
.venv/lib/python3.12/site-packages/sqlalchemy/engine/base.py:144: in __init__
    self._dbapi_connection = engine.raw_connection()
                             ^^^^^^^^^^^^^^^^^^^^^^^
.venv/lib/python3.12/site-packages/sqlalchemy/engine/base.py:3319: in raw_connection
    return self.pool.connect()
           ^^^^^^^^^^^^^^^^^^^
.venv/lib/python3.12/site-packages/sqlalchemy/pool/base.py:448: in connect
    return _ConnectionFairy._checkout(self)
           ^^^^^^^^^^^^^^^^^^^^^^^^^^^^^^^^
.venv/lib/python3.12/site-packages/sqlalchemy/pool/base.py:1290: in _checkout
    fairy = _ConnectionRecord.checkout(pool)
            ^^^^^^^^^^^^^^^^^^^^^^^^^^^^^^^^
.venv/lib/python3.12/site-packages/sqlalchemy/pool/base.py:712: in checkout
    rec = pool._do_get()
          ^^^^^^^^^^^^^^
.venv/lib/python3.12/site-packages/sqlalchemy/pool/impl.py:178: in _do_get
    with util.safe_reraise():
         ^^^^^^^^^^^^^^^^^^^
.venv/lib/python3.12/site-packages/sqlalchemy/util/langhelpers.py:122: in __exit__
    raise exc_value.with_traceback(exc_tb)
.venv/lib/python3.12/site-packages/sqlalchemy/pool/impl.py:176: in _do_get
    return self._create_connection()
           ^^^^^^^^^^^^^^^^^^^^^^^^^
.venv/lib/python3.12/site-packages/sqlalchemy/pool/base.py:389: in _create_connection
    return _ConnectionRecord(self)
           ^^^^^^^^^^^^^^^^^^^^^^^
.venv/lib/python3.12/site-packages/sqlalchemy/pool/base.py:674: in __init__
    self.__connect()
.venv/lib/python3.12/site-packages/sqlalchemy/pool/base.py:900: in __connect
    with util.safe_reraise():
         ^^^^^^^^^^^^^^^^^^^
.venv/lib/python3.12/site-packages/sqlalchemy/util/langhelpers.py:122: in __exit__
    raise exc_value.with_traceback(exc_tb)
.venv/lib/python3.12/site-packages/sqlalchemy/pool/base.py:896: in __connect
    self.dbapi_connection = connection = pool._invoke_creator(self)
                                         ^^^^^^^^^^^^^^^^^^^^^^^^^^
.venv/lib/python3.12/site-packages/sqlalchemy/engine/create.py:667: in connect
    return dialect.connect(*cargs_tup, **cparams)
           ^^^^^^^^^^^^^^^^^^^^^^^^^^^^^^^^^^^^^^
.venv/lib/python3.12/site-packages/sqlalchemy/engine/default.py:630: in connect
    return self.loaded_dbapi.connect(*cargs, **cparams)  # type: ignore[no-any-return]  # NOQA: E501
           ^^^^^^^^^^^^^^^^^^^^^^^^^^^^^^^^^^^^^^^^^^^^
.venv/lib/python3.12/site-packages/psycopg/connection.py:126: in connect
    raise last_ex.with_traceback(None)
E   sqlalchemy.exc.OperationalError: (psycopg.OperationalError) connection failed: connection to server at "127.0.0.1", port 55432 failed: could not receive data from server: Connection refused
E   (Background on this error at: https://sqlalche.me/e/20/e3q8)
_ ERROR at setup of test_graph_reads_only_authorized_versions_and_excludes_runtime_configuration _
.venv/lib/python3.12/site-packages/sqlalchemy/engine/base.py:144: in __init__
    self._dbapi_connection = engine.raw_connection()
                             ^^^^^^^^^^^^^^^^^^^^^^^
.venv/lib/python3.12/site-packages/sqlalchemy/engine/base.py:3319: in raw_connection
    return self.pool.connect()
           ^^^^^^^^^^^^^^^^^^^
.venv/lib/python3.12/site-packages/sqlalchemy/pool/base.py:448: in connect
    return _ConnectionFairy._checkout(self)
           ^^^^^^^^^^^^^^^^^^^^^^^^^^^^^^^^
.venv/lib/python3.12/site-packages/sqlalchemy/pool/base.py:1290: in _checkout
    fairy = _ConnectionRecord.checkout(pool)
            ^^^^^^^^^^^^^^^^^^^^^^^^^^^^^^^^
.venv/lib/python3.12/site-packages/sqlalchemy/pool/base.py:712: in checkout
    rec = pool._do_get()
          ^^^^^^^^^^^^^^
.venv/lib/python3.12/site-packages/sqlalchemy/pool/impl.py:178: in _do_get
    with util.safe_reraise():
         ^^^^^^^^^^^^^^^^^^^
.venv/lib/python3.12/site-packages/sqlalchemy/util/langhelpers.py:122: in __exit__
    raise exc_value.with_traceback(exc_tb)
.venv/lib/python3.12/site-packages/sqlalchemy/pool/impl.py:176: in _do_get
    return self._create_connection()
           ^^^^^^^^^^^^^^^^^^^^^^^^^
.venv/lib/python3.12/site-packages/sqlalchemy/pool/base.py:389: in _create_connection
    return _ConnectionRecord(self)
           ^^^^^^^^^^^^^^^^^^^^^^^
.venv/lib/python3.12/site-packages/sqlalchemy/pool/base.py:674: in __init__
    self.__connect()
.venv/lib/python3.12/site-packages/sqlalchemy/pool/base.py:900: in __connect
    with util.safe_reraise():
         ^^^^^^^^^^^^^^^^^^^
.venv/lib/python3.12/site-packages/sqlalchemy/util/langhelpers.py:122: in __exit__
    raise exc_value.with_traceback(exc_tb)
.venv/lib/python3.12/site-packages/sqlalchemy/pool/base.py:896: in __connect
    self.dbapi_connection = connection = pool._invoke_creator(self)
                                         ^^^^^^^^^^^^^^^^^^^^^^^^^^
.venv/lib/python3.12/site-packages/sqlalchemy/engine/create.py:667: in connect
    return dialect.connect(*cargs_tup, **cparams)
           ^^^^^^^^^^^^^^^^^^^^^^^^^^^^^^^^^^^^^^
.venv/lib/python3.12/site-packages/sqlalchemy/engine/default.py:630: in connect
    return self.loaded_dbapi.connect(*cargs, **cparams)  # type: ignore[no-any-return]  # NOQA: E501
           ^^^^^^^^^^^^^^^^^^^^^^^^^^^^^^^^^^^^^^^^^^^^
.venv/lib/python3.12/site-packages/psycopg/connection.py:126: in connect
    raise last_ex.with_traceback(None)
E   psycopg.OperationalError: connection failed: connection to server at "127.0.0.1", port 55432 failed: could not receive data from server: Connection refused

The above exception was the direct cause of the following exception:
tests/integration/conftest.py:24: in engine
    with administrative.connect() as connection:
         ^^^^^^^^^^^^^^^^^^^^^^^^
.venv/lib/python3.12/site-packages/sqlalchemy/engine/base.py:3295: in connect
    return self._connection_cls(self)
           ^^^^^^^^^^^^^^^^^^^^^^^^^^
.venv/lib/python3.12/site-packages/sqlalchemy/engine/base.py:146: in __init__
    Connection._handle_dbapi_exception_noconnection(
.venv/lib/python3.12/site-packages/sqlalchemy/engine/base.py:2450: in _handle_dbapi_exception_noconnection
    raise sqlalchemy_exception.with_traceback(exc_info[2]) from e
.venv/lib/python3.12/site-packages/sqlalchemy/engine/base.py:144: in __init__
    self._dbapi_connection = engine.raw_connection()
                             ^^^^^^^^^^^^^^^^^^^^^^^
.venv/lib/python3.12/site-packages/sqlalchemy/engine/base.py:3319: in raw_connection
    return self.pool.connect()
           ^^^^^^^^^^^^^^^^^^^
.venv/lib/python3.12/site-packages/sqlalchemy/pool/base.py:448: in connect
    return _ConnectionFairy._checkout(self)
           ^^^^^^^^^^^^^^^^^^^^^^^^^^^^^^^^
.venv/lib/python3.12/site-packages/sqlalchemy/pool/base.py:1290: in _checkout
    fairy = _ConnectionRecord.checkout(pool)
            ^^^^^^^^^^^^^^^^^^^^^^^^^^^^^^^^
.venv/lib/python3.12/site-packages/sqlalchemy/pool/base.py:712: in checkout
    rec = pool._do_get()
          ^^^^^^^^^^^^^^
.venv/lib/python3.12/site-packages/sqlalchemy/pool/impl.py:178: in _do_get
    with util.safe_reraise():
         ^^^^^^^^^^^^^^^^^^^
.venv/lib/python3.12/site-packages/sqlalchemy/util/langhelpers.py:122: in __exit__
    raise exc_value.with_traceback(exc_tb)
.venv/lib/python3.12/site-packages/sqlalchemy/pool/impl.py:176: in _do_get
    return self._create_connection()
           ^^^^^^^^^^^^^^^^^^^^^^^^^
.venv/lib/python3.12/site-packages/sqlalchemy/pool/base.py:389: in _create_connection
    return _ConnectionRecord(self)
           ^^^^^^^^^^^^^^^^^^^^^^^
.venv/lib/python3.12/site-packages/sqlalchemy/pool/base.py:674: in __init__
    self.__connect()
.venv/lib/python3.12/site-packages/sqlalchemy/pool/base.py:900: in __connect
    with util.safe_reraise():
         ^^^^^^^^^^^^^^^^^^^
.venv/lib/python3.12/site-packages/sqlalchemy/util/langhelpers.py:122: in __exit__
    raise exc_value.with_traceback(exc_tb)
.venv/lib/python3.12/site-packages/sqlalchemy/pool/base.py:896: in __connect
    self.dbapi_connection = connection = pool._invoke_creator(self)
                                         ^^^^^^^^^^^^^^^^^^^^^^^^^^
.venv/lib/python3.12/site-packages/sqlalchemy/engine/create.py:667: in connect
    return dialect.connect(*cargs_tup, **cparams)
           ^^^^^^^^^^^^^^^^^^^^^^^^^^^^^^^^^^^^^^
.venv/lib/python3.12/site-packages/sqlalchemy/engine/default.py:630: in connect
    return self.loaded_dbapi.connect(*cargs, **cparams)  # type: ignore[no-any-return]  # NOQA: E501
           ^^^^^^^^^^^^^^^^^^^^^^^^^^^^^^^^^^^^^^^^^^^^
.venv/lib/python3.12/site-packages/psycopg/connection.py:126: in connect
    raise last_ex.with_traceback(None)
E   sqlalchemy.exc.OperationalError: (psycopg.OperationalError) connection failed: connection to server at "127.0.0.1", port 55432 failed: could not receive data from server: Connection refused
E   (Background on this error at: https://sqlalche.me/e/20/e3q8)
_ ERROR at setup of test_actual_http_requests_share_budget_and_usage_is_provider_reported _
.venv/lib/python3.12/site-packages/sqlalchemy/engine/base.py:144: in __init__
    self._dbapi_connection = engine.raw_connection()
                             ^^^^^^^^^^^^^^^^^^^^^^^
.venv/lib/python3.12/site-packages/sqlalchemy/engine/base.py:3319: in raw_connection
    return self.pool.connect()
           ^^^^^^^^^^^^^^^^^^^
.venv/lib/python3.12/site-packages/sqlalchemy/pool/base.py:448: in connect
    return _ConnectionFairy._checkout(self)
           ^^^^^^^^^^^^^^^^^^^^^^^^^^^^^^^^
.venv/lib/python3.12/site-packages/sqlalchemy/pool/base.py:1290: in _checkout
    fairy = _ConnectionRecord.checkout(pool)
            ^^^^^^^^^^^^^^^^^^^^^^^^^^^^^^^^
.venv/lib/python3.12/site-packages/sqlalchemy/pool/base.py:712: in checkout
    rec = pool._do_get()
          ^^^^^^^^^^^^^^
.venv/lib/python3.12/site-packages/sqlalchemy/pool/impl.py:178: in _do_get
    with util.safe_reraise():
         ^^^^^^^^^^^^^^^^^^^
.venv/lib/python3.12/site-packages/sqlalchemy/util/langhelpers.py:122: in __exit__
    raise exc_value.with_traceback(exc_tb)
.venv/lib/python3.12/site-packages/sqlalchemy/pool/impl.py:176: in _do_get
    return self._create_connection()
           ^^^^^^^^^^^^^^^^^^^^^^^^^
.venv/lib/python3.12/site-packages/sqlalchemy/pool/base.py:389: in _create_connection
    return _ConnectionRecord(self)
           ^^^^^^^^^^^^^^^^^^^^^^^
.venv/lib/python3.12/site-packages/sqlalchemy/pool/base.py:674: in __init__
    self.__connect()
.venv/lib/python3.12/site-packages/sqlalchemy/pool/base.py:900: in __connect
    with util.safe_reraise():
         ^^^^^^^^^^^^^^^^^^^
.venv/lib/python3.12/site-packages/sqlalchemy/util/langhelpers.py:122: in __exit__
    raise exc_value.with_traceback(exc_tb)
.venv/lib/python3.12/site-packages/sqlalchemy/pool/base.py:896: in __connect
    self.dbapi_connection = connection = pool._invoke_creator(self)
                                         ^^^^^^^^^^^^^^^^^^^^^^^^^^
.venv/lib/python3.12/site-packages/sqlalchemy/engine/create.py:667: in connect
    return dialect.connect(*cargs_tup, **cparams)
           ^^^^^^^^^^^^^^^^^^^^^^^^^^^^^^^^^^^^^^
.venv/lib/python3.12/site-packages/sqlalchemy/engine/default.py:630: in connect
    return self.loaded_dbapi.connect(*cargs, **cparams)  # type: ignore[no-any-return]  # NOQA: E501
           ^^^^^^^^^^^^^^^^^^^^^^^^^^^^^^^^^^^^^^^^^^^^
.venv/lib/python3.12/site-packages/psycopg/connection.py:126: in connect
    raise last_ex.with_traceback(None)
E   psycopg.OperationalError: connection failed: connection to server at "127.0.0.1", port 55432 failed: could not receive data from server: Connection refused

The above exception was the direct cause of the following exception:
tests/integration/conftest.py:24: in engine
    with administrative.connect() as connection:
         ^^^^^^^^^^^^^^^^^^^^^^^^
.venv/lib/python3.12/site-packages/sqlalchemy/engine/base.py:3295: in connect
    return self._connection_cls(self)
           ^^^^^^^^^^^^^^^^^^^^^^^^^^
.venv/lib/python3.12/site-packages/sqlalchemy/engine/base.py:146: in __init__
    Connection._handle_dbapi_exception_noconnection(
.venv/lib/python3.12/site-packages/sqlalchemy/engine/base.py:2450: in _handle_dbapi_exception_noconnection
    raise sqlalchemy_exception.with_traceback(exc_info[2]) from e
.venv/lib/python3.12/site-packages/sqlalchemy/engine/base.py:144: in __init__
    self._dbapi_connection = engine.raw_connection()
                             ^^^^^^^^^^^^^^^^^^^^^^^
.venv/lib/python3.12/site-packages/sqlalchemy/engine/base.py:3319: in raw_connection
    return self.pool.connect()
           ^^^^^^^^^^^^^^^^^^^
.venv/lib/python3.12/site-packages/sqlalchemy/pool/base.py:448: in connect
    return _ConnectionFairy._checkout(self)
           ^^^^^^^^^^^^^^^^^^^^^^^^^^^^^^^^
.venv/lib/python3.12/site-packages/sqlalchemy/pool/base.py:1290: in _checkout
    fairy = _ConnectionRecord.checkout(pool)
            ^^^^^^^^^^^^^^^^^^^^^^^^^^^^^^^^
.venv/lib/python3.12/site-packages/sqlalchemy/pool/base.py:712: in checkout
    rec = pool._do_get()
          ^^^^^^^^^^^^^^
.venv/lib/python3.12/site-packages/sqlalchemy/pool/impl.py:178: in _do_get
    with util.safe_reraise():
         ^^^^^^^^^^^^^^^^^^^
.venv/lib/python3.12/site-packages/sqlalchemy/util/langhelpers.py:122: in __exit__
    raise exc_value.with_traceback(exc_tb)
.venv/lib/python3.12/site-packages/sqlalchemy/pool/impl.py:176: in _do_get
    return self._create_connection()
           ^^^^^^^^^^^^^^^^^^^^^^^^^
.venv/lib/python3.12/site-packages/sqlalchemy/pool/base.py:389: in _create_connection
    return _ConnectionRecord(self)
           ^^^^^^^^^^^^^^^^^^^^^^^
.venv/lib/python3.12/site-packages/sqlalchemy/pool/base.py:674: in __init__
    self.__connect()
.venv/lib/python3.12/site-packages/sqlalchemy/pool/base.py:900: in __connect
    with util.safe_reraise():
         ^^^^^^^^^^^^^^^^^^^
.venv/lib/python3.12/site-packages/sqlalchemy/util/langhelpers.py:122: in __exit__
    raise exc_value.with_traceback(exc_tb)
.venv/lib/python3.12/site-packages/sqlalchemy/pool/base.py:896: in __connect
    self.dbapi_connection = connection = pool._invoke_creator(self)
                                         ^^^^^^^^^^^^^^^^^^^^^^^^^^
.venv/lib/python3.12/site-packages/sqlalchemy/engine/create.py:667: in connect
    return dialect.connect(*cargs_tup, **cparams)
           ^^^^^^^^^^^^^^^^^^^^^^^^^^^^^^^^^^^^^^
.venv/lib/python3.12/site-packages/sqlalchemy/engine/default.py:630: in connect
    return self.loaded_dbapi.connect(*cargs, **cparams)  # type: ignore[no-any-return]  # NOQA: E501
           ^^^^^^^^^^^^^^^^^^^^^^^^^^^^^^^^^^^^^^^^^^^^
.venv/lib/python3.12/site-packages/psycopg/connection.py:126: in connect
    raise last_ex.with_traceback(None)
E   sqlalchemy.exc.OperationalError: (psycopg.OperationalError) connection failed: connection to server at "127.0.0.1", port 55432 failed: could not receive data from server: Connection refused
E   (Background on this error at: https://sqlalche.me/e/20/e3q8)
_ ERROR at setup of test_invalid_or_truncated_response_is_not_repaired_or_retried_implicitly[length] _
.venv/lib/python3.12/site-packages/sqlalchemy/engine/base.py:144: in __init__
    self._dbapi_connection = engine.raw_connection()
                             ^^^^^^^^^^^^^^^^^^^^^^^
.venv/lib/python3.12/site-packages/sqlalchemy/engine/base.py:3319: in raw_connection
    return self.pool.connect()
           ^^^^^^^^^^^^^^^^^^^
.venv/lib/python3.12/site-packages/sqlalchemy/pool/base.py:448: in connect
    return _ConnectionFairy._checkout(self)
           ^^^^^^^^^^^^^^^^^^^^^^^^^^^^^^^^
.venv/lib/python3.12/site-packages/sqlalchemy/pool/base.py:1290: in _checkout
    fairy = _ConnectionRecord.checkout(pool)
            ^^^^^^^^^^^^^^^^^^^^^^^^^^^^^^^^
.venv/lib/python3.12/site-packages/sqlalchemy/pool/base.py:712: in checkout
    rec = pool._do_get()
          ^^^^^^^^^^^^^^
.venv/lib/python3.12/site-packages/sqlalchemy/pool/impl.py:178: in _do_get
    with util.safe_reraise():
         ^^^^^^^^^^^^^^^^^^^
.venv/lib/python3.12/site-packages/sqlalchemy/util/langhelpers.py:122: in __exit__
    raise exc_value.with_traceback(exc_tb)
.venv/lib/python3.12/site-packages/sqlalchemy/pool/impl.py:176: in _do_get
    return self._create_connection()
           ^^^^^^^^^^^^^^^^^^^^^^^^^
.venv/lib/python3.12/site-packages/sqlalchemy/pool/base.py:389: in _create_connection
    return _ConnectionRecord(self)
           ^^^^^^^^^^^^^^^^^^^^^^^
.venv/lib/python3.12/site-packages/sqlalchemy/pool/base.py:674: in __init__
    self.__connect()
.venv/lib/python3.12/site-packages/sqlalchemy/pool/base.py:900: in __connect
    with util.safe_reraise():
         ^^^^^^^^^^^^^^^^^^^
.venv/lib/python3.12/site-packages/sqlalchemy/util/langhelpers.py:122: in __exit__
    raise exc_value.with_traceback(exc_tb)
.venv/lib/python3.12/site-packages/sqlalchemy/pool/base.py:896: in __connect
    self.dbapi_connection = connection = pool._invoke_creator(self)
                                         ^^^^^^^^^^^^^^^^^^^^^^^^^^
.venv/lib/python3.12/site-packages/sqlalchemy/engine/create.py:667: in connect
    return dialect.connect(*cargs_tup, **cparams)
           ^^^^^^^^^^^^^^^^^^^^^^^^^^^^^^^^^^^^^^
.venv/lib/python3.12/site-packages/sqlalchemy/engine/default.py:630: in connect
    return self.loaded_dbapi.connect(*cargs, **cparams)  # type: ignore[no-any-return]  # NOQA: E501
           ^^^^^^^^^^^^^^^^^^^^^^^^^^^^^^^^^^^^^^^^^^^^
.venv/lib/python3.12/site-packages/psycopg/connection.py:126: in connect
    raise last_ex.with_traceback(None)
E   psycopg.OperationalError: connection failed: connection to server at "127.0.0.1", port 55432 failed: could not receive data from server: Connection refused

The above exception was the direct cause of the following exception:
tests/integration/conftest.py:24: in engine
    with administrative.connect() as connection:
         ^^^^^^^^^^^^^^^^^^^^^^^^
.venv/lib/python3.12/site-packages/sqlalchemy/engine/base.py:3295: in connect
    return self._connection_cls(self)
           ^^^^^^^^^^^^^^^^^^^^^^^^^^
.venv/lib/python3.12/site-packages/sqlalchemy/engine/base.py:146: in __init__
    Connection._handle_dbapi_exception_noconnection(
.venv/lib/python3.12/site-packages/sqlalchemy/engine/base.py:2450: in _handle_dbapi_exception_noconnection
    raise sqlalchemy_exception.with_traceback(exc_info[2]) from e
.venv/lib/python3.12/site-packages/sqlalchemy/engine/base.py:144: in __init__
    self._dbapi_connection = engine.raw_connection()
                             ^^^^^^^^^^^^^^^^^^^^^^^
.venv/lib/python3.12/site-packages/sqlalchemy/engine/base.py:3319: in raw_connection
    return self.pool.connect()
           ^^^^^^^^^^^^^^^^^^^
.venv/lib/python3.12/site-packages/sqlalchemy/pool/base.py:448: in connect
    return _ConnectionFairy._checkout(self)
           ^^^^^^^^^^^^^^^^^^^^^^^^^^^^^^^^
.venv/lib/python3.12/site-packages/sqlalchemy/pool/base.py:1290: in _checkout
    fairy = _ConnectionRecord.checkout(pool)
            ^^^^^^^^^^^^^^^^^^^^^^^^^^^^^^^^
.venv/lib/python3.12/site-packages/sqlalchemy/pool/base.py:712: in checkout
    rec = pool._do_get()
          ^^^^^^^^^^^^^^
.venv/lib/python3.12/site-packages/sqlalchemy/pool/impl.py:178: in _do_get
    with util.safe_reraise():
         ^^^^^^^^^^^^^^^^^^^
.venv/lib/python3.12/site-packages/sqlalchemy/util/langhelpers.py:122: in __exit__
    raise exc_value.with_traceback(exc_tb)
.venv/lib/python3.12/site-packages/sqlalchemy/pool/impl.py:176: in _do_get
    return self._create_connection()
           ^^^^^^^^^^^^^^^^^^^^^^^^^
.venv/lib/python3.12/site-packages/sqlalchemy/pool/base.py:389: in _create_connection
    return _ConnectionRecord(self)
           ^^^^^^^^^^^^^^^^^^^^^^^
.venv/lib/python3.12/site-packages/sqlalchemy/pool/base.py:674: in __init__
    self.__connect()
.venv/lib/python3.12/site-packages/sqlalchemy/pool/base.py:900: in __connect
    with util.safe_reraise():
         ^^^^^^^^^^^^^^^^^^^
.venv/lib/python3.12/site-packages/sqlalchemy/util/langhelpers.py:122: in __exit__
    raise exc_value.with_traceback(exc_tb)
.venv/lib/python3.12/site-packages/sqlalchemy/pool/base.py:896: in __connect
    self.dbapi_connection = connection = pool._invoke_creator(self)
                                         ^^^^^^^^^^^^^^^^^^^^^^^^^^
.venv/lib/python3.12/site-packages/sqlalchemy/engine/create.py:667: in connect
    return dialect.connect(*cargs_tup, **cparams)
           ^^^^^^^^^^^^^^^^^^^^^^^^^^^^^^^^^^^^^^
.venv/lib/python3.12/site-packages/sqlalchemy/engine/default.py:630: in connect
    return self.loaded_dbapi.connect(*cargs, **cparams)  # type: ignore[no-any-return]  # NOQA: E501
           ^^^^^^^^^^^^^^^^^^^^^^^^^^^^^^^^^^^^^^^^^^^^
.venv/lib/python3.12/site-packages/psycopg/connection.py:126: in connect
    raise last_ex.with_traceback(None)
E   sqlalchemy.exc.OperationalError: (psycopg.OperationalError) connection failed: connection to server at "127.0.0.1", port 55432 failed: could not receive data from server: Connection refused
E   (Background on this error at: https://sqlalche.me/e/20/e3q8)
_ ERROR at setup of test_invalid_or_truncated_response_is_not_repaired_or_retried_implicitly[refusal] _
.venv/lib/python3.12/site-packages/sqlalchemy/engine/base.py:144: in __init__
    self._dbapi_connection = engine.raw_connection()
                             ^^^^^^^^^^^^^^^^^^^^^^^
.venv/lib/python3.12/site-packages/sqlalchemy/engine/base.py:3319: in raw_connection
    return self.pool.connect()
           ^^^^^^^^^^^^^^^^^^^
.venv/lib/python3.12/site-packages/sqlalchemy/pool/base.py:448: in connect
    return _ConnectionFairy._checkout(self)
           ^^^^^^^^^^^^^^^^^^^^^^^^^^^^^^^^
.venv/lib/python3.12/site-packages/sqlalchemy/pool/base.py:1290: in _checkout
    fairy = _ConnectionRecord.checkout(pool)
            ^^^^^^^^^^^^^^^^^^^^^^^^^^^^^^^^
.venv/lib/python3.12/site-packages/sqlalchemy/pool/base.py:712: in checkout
    rec = pool._do_get()
          ^^^^^^^^^^^^^^
.venv/lib/python3.12/site-packages/sqlalchemy/pool/impl.py:178: in _do_get
    with util.safe_reraise():
         ^^^^^^^^^^^^^^^^^^^
.venv/lib/python3.12/site-packages/sqlalchemy/util/langhelpers.py:122: in __exit__
    raise exc_value.with_traceback(exc_tb)
.venv/lib/python3.12/site-packages/sqlalchemy/pool/impl.py:176: in _do_get
    return self._create_connection()
           ^^^^^^^^^^^^^^^^^^^^^^^^^
.venv/lib/python3.12/site-packages/sqlalchemy/pool/base.py:389: in _create_connection
    return _ConnectionRecord(self)
           ^^^^^^^^^^^^^^^^^^^^^^^
.venv/lib/python3.12/site-packages/sqlalchemy/pool/base.py:674: in __init__
    self.__connect()
.venv/lib/python3.12/site-packages/sqlalchemy/pool/base.py:900: in __connect
    with util.safe_reraise():
         ^^^^^^^^^^^^^^^^^^^
.venv/lib/python3.12/site-packages/sqlalchemy/util/langhelpers.py:122: in __exit__
    raise exc_value.with_traceback(exc_tb)
.venv/lib/python3.12/site-packages/sqlalchemy/pool/base.py:896: in __connect
    self.dbapi_connection = connection = pool._invoke_creator(self)
                                         ^^^^^^^^^^^^^^^^^^^^^^^^^^
.venv/lib/python3.12/site-packages/sqlalchemy/engine/create.py:667: in connect
    return dialect.connect(*cargs_tup, **cparams)
           ^^^^^^^^^^^^^^^^^^^^^^^^^^^^^^^^^^^^^^
.venv/lib/python3.12/site-packages/sqlalchemy/engine/default.py:630: in connect
    return self.loaded_dbapi.connect(*cargs, **cparams)  # type: ignore[no-any-return]  # NOQA: E501
           ^^^^^^^^^^^^^^^^^^^^^^^^^^^^^^^^^^^^^^^^^^^^
.venv/lib/python3.12/site-packages/psycopg/connection.py:126: in connect
    raise last_ex.with_traceback(None)
E   psycopg.OperationalError: connection failed: connection to server at "127.0.0.1", port 55432 failed: could not receive data from server: Connection refused

The above exception was the direct cause of the following exception:
tests/integration/conftest.py:24: in engine
    with administrative.connect() as connection:
         ^^^^^^^^^^^^^^^^^^^^^^^^
.venv/lib/python3.12/site-packages/sqlalchemy/engine/base.py:3295: in connect
    return self._connection_cls(self)
           ^^^^^^^^^^^^^^^^^^^^^^^^^^
.venv/lib/python3.12/site-packages/sqlalchemy/engine/base.py:146: in __init__
    Connection._handle_dbapi_exception_noconnection(
.venv/lib/python3.12/site-packages/sqlalchemy/engine/base.py:2450: in _handle_dbapi_exception_noconnection
    raise sqlalchemy_exception.with_traceback(exc_info[2]) from e
.venv/lib/python3.12/site-packages/sqlalchemy/engine/base.py:144: in __init__
    self._dbapi_connection = engine.raw_connection()
                             ^^^^^^^^^^^^^^^^^^^^^^^
.venv/lib/python3.12/site-packages/sqlalchemy/engine/base.py:3319: in raw_connection
    return self.pool.connect()
           ^^^^^^^^^^^^^^^^^^^
.venv/lib/python3.12/site-packages/sqlalchemy/pool/base.py:448: in connect
    return _ConnectionFairy._checkout(self)
           ^^^^^^^^^^^^^^^^^^^^^^^^^^^^^^^^
.venv/lib/python3.12/site-packages/sqlalchemy/pool/base.py:1290: in _checkout
    fairy = _ConnectionRecord.checkout(pool)
            ^^^^^^^^^^^^^^^^^^^^^^^^^^^^^^^^
.venv/lib/python3.12/site-packages/sqlalchemy/pool/base.py:712: in checkout
    rec = pool._do_get()
          ^^^^^^^^^^^^^^
.venv/lib/python3.12/site-packages/sqlalchemy/pool/impl.py:178: in _do_get
    with util.safe_reraise():
         ^^^^^^^^^^^^^^^^^^^
.venv/lib/python3.12/site-packages/sqlalchemy/util/langhelpers.py:122: in __exit__
    raise exc_value.with_traceback(exc_tb)
.venv/lib/python3.12/site-packages/sqlalchemy/pool/impl.py:176: in _do_get
    return self._create_connection()
           ^^^^^^^^^^^^^^^^^^^^^^^^^
.venv/lib/python3.12/site-packages/sqlalchemy/pool/base.py:389: in _create_connection
    return _ConnectionRecord(self)
           ^^^^^^^^^^^^^^^^^^^^^^^
.venv/lib/python3.12/site-packages/sqlalchemy/pool/base.py:674: in __init__
    self.__connect()
.venv/lib/python3.12/site-packages/sqlalchemy/pool/base.py:900: in __connect
    with util.safe_reraise():
         ^^^^^^^^^^^^^^^^^^^
.venv/lib/python3.12/site-packages/sqlalchemy/util/langhelpers.py:122: in __exit__
    raise exc_value.with_traceback(exc_tb)
.venv/lib/python3.12/site-packages/sqlalchemy/pool/base.py:896: in __connect
    self.dbapi_connection = connection = pool._invoke_creator(self)
                                         ^^^^^^^^^^^^^^^^^^^^^^^^^^
.venv/lib/python3.12/site-packages/sqlalchemy/engine/create.py:667: in connect
    return dialect.connect(*cargs_tup, **cparams)
           ^^^^^^^^^^^^^^^^^^^^^^^^^^^^^^^^^^^^^^
.venv/lib/python3.12/site-packages/sqlalchemy/engine/default.py:630: in connect
    return self.loaded_dbapi.connect(*cargs, **cparams)  # type: ignore[no-any-return]  # NOQA: E501
           ^^^^^^^^^^^^^^^^^^^^^^^^^^^^^^^^^^^^^^^^^^^^
.venv/lib/python3.12/site-packages/psycopg/connection.py:126: in connect
    raise last_ex.with_traceback(None)
E   sqlalchemy.exc.OperationalError: (psycopg.OperationalError) connection failed: connection to server at "127.0.0.1", port 55432 failed: could not receive data from server: Connection refused
E   (Background on this error at: https://sqlalche.me/e/20/e3q8)
_ ERROR at setup of test_invalid_or_truncated_response_is_not_repaired_or_retried_implicitly[malformed] _
.venv/lib/python3.12/site-packages/sqlalchemy/engine/base.py:144: in __init__
    self._dbapi_connection = engine.raw_connection()
                             ^^^^^^^^^^^^^^^^^^^^^^^
.venv/lib/python3.12/site-packages/sqlalchemy/engine/base.py:3319: in raw_connection
    return self.pool.connect()
           ^^^^^^^^^^^^^^^^^^^
.venv/lib/python3.12/site-packages/sqlalchemy/pool/base.py:448: in connect
    return _ConnectionFairy._checkout(self)
           ^^^^^^^^^^^^^^^^^^^^^^^^^^^^^^^^
.venv/lib/python3.12/site-packages/sqlalchemy/pool/base.py:1290: in _checkout
    fairy = _ConnectionRecord.checkout(pool)
            ^^^^^^^^^^^^^^^^^^^^^^^^^^^^^^^^
.venv/lib/python3.12/site-packages/sqlalchemy/pool/base.py:712: in checkout
    rec = pool._do_get()
          ^^^^^^^^^^^^^^
.venv/lib/python3.12/site-packages/sqlalchemy/pool/impl.py:178: in _do_get
    with util.safe_reraise():
         ^^^^^^^^^^^^^^^^^^^
.venv/lib/python3.12/site-packages/sqlalchemy/util/langhelpers.py:122: in __exit__
    raise exc_value.with_traceback(exc_tb)
.venv/lib/python3.12/site-packages/sqlalchemy/pool/impl.py:176: in _do_get
    return self._create_connection()
           ^^^^^^^^^^^^^^^^^^^^^^^^^
.venv/lib/python3.12/site-packages/sqlalchemy/pool/base.py:389: in _create_connection
    return _ConnectionRecord(self)
           ^^^^^^^^^^^^^^^^^^^^^^^
.venv/lib/python3.12/site-packages/sqlalchemy/pool/base.py:674: in __init__
    self.__connect()
.venv/lib/python3.12/site-packages/sqlalchemy/pool/base.py:900: in __connect
    with util.safe_reraise():
         ^^^^^^^^^^^^^^^^^^^
.venv/lib/python3.12/site-packages/sqlalchemy/util/langhelpers.py:122: in __exit__
    raise exc_value.with_traceback(exc_tb)
.venv/lib/python3.12/site-packages/sqlalchemy/pool/base.py:896: in __connect
    self.dbapi_connection = connection = pool._invoke_creator(self)
                                         ^^^^^^^^^^^^^^^^^^^^^^^^^^
.venv/lib/python3.12/site-packages/sqlalchemy/engine/create.py:667: in connect
    return dialect.connect(*cargs_tup, **cparams)
           ^^^^^^^^^^^^^^^^^^^^^^^^^^^^^^^^^^^^^^
.venv/lib/python3.12/site-packages/sqlalchemy/engine/default.py:630: in connect
    return self.loaded_dbapi.connect(*cargs, **cparams)  # type: ignore[no-any-return]  # NOQA: E501
           ^^^^^^^^^^^^^^^^^^^^^^^^^^^^^^^^^^^^^^^^^^^^
.venv/lib/python3.12/site-packages/psycopg/connection.py:126: in connect
    raise last_ex.with_traceback(None)
E   psycopg.OperationalError: connection failed: connection to server at "127.0.0.1", port 55432 failed: could not receive data from server: Connection refused

The above exception was the direct cause of the following exception:
tests/integration/conftest.py:24: in engine
    with administrative.connect() as connection:
         ^^^^^^^^^^^^^^^^^^^^^^^^
.venv/lib/python3.12/site-packages/sqlalchemy/engine/base.py:3295: in connect
    return self._connection_cls(self)
           ^^^^^^^^^^^^^^^^^^^^^^^^^^
.venv/lib/python3.12/site-packages/sqlalchemy/engine/base.py:146: in __init__
    Connection._handle_dbapi_exception_noconnection(
.venv/lib/python3.12/site-packages/sqlalchemy/engine/base.py:2450: in _handle_dbapi_exception_noconnection
    raise sqlalchemy_exception.with_traceback(exc_info[2]) from e
.venv/lib/python3.12/site-packages/sqlalchemy/engine/base.py:144: in __init__
    self._dbapi_connection = engine.raw_connection()
                             ^^^^^^^^^^^^^^^^^^^^^^^
.venv/lib/python3.12/site-packages/sqlalchemy/engine/base.py:3319: in raw_connection
    return self.pool.connect()
           ^^^^^^^^^^^^^^^^^^^
.venv/lib/python3.12/site-packages/sqlalchemy/pool/base.py:448: in connect
    return _ConnectionFairy._checkout(self)
           ^^^^^^^^^^^^^^^^^^^^^^^^^^^^^^^^
.venv/lib/python3.12/site-packages/sqlalchemy/pool/base.py:1290: in _checkout
    fairy = _ConnectionRecord.checkout(pool)
            ^^^^^^^^^^^^^^^^^^^^^^^^^^^^^^^^
.venv/lib/python3.12/site-packages/sqlalchemy/pool/base.py:712: in checkout
    rec = pool._do_get()
          ^^^^^^^^^^^^^^
.venv/lib/python3.12/site-packages/sqlalchemy/pool/impl.py:178: in _do_get
    with util.safe_reraise():
         ^^^^^^^^^^^^^^^^^^^
.venv/lib/python3.12/site-packages/sqlalchemy/util/langhelpers.py:122: in __exit__
    raise exc_value.with_traceback(exc_tb)
.venv/lib/python3.12/site-packages/sqlalchemy/pool/impl.py:176: in _do_get
    return self._create_connection()
           ^^^^^^^^^^^^^^^^^^^^^^^^^
.venv/lib/python3.12/site-packages/sqlalchemy/pool/base.py:389: in _create_connection
    return _ConnectionRecord(self)
           ^^^^^^^^^^^^^^^^^^^^^^^
.venv/lib/python3.12/site-packages/sqlalchemy/pool/base.py:674: in __init__
    self.__connect()
.venv/lib/python3.12/site-packages/sqlalchemy/pool/base.py:900: in __connect
    with util.safe_reraise():
         ^^^^^^^^^^^^^^^^^^^
.venv/lib/python3.12/site-packages/sqlalchemy/util/langhelpers.py:122: in __exit__
    raise exc_value.with_traceback(exc_tb)
.venv/lib/python3.12/site-packages/sqlalchemy/pool/base.py:896: in __connect
    self.dbapi_connection = connection = pool._invoke_creator(self)
                                         ^^^^^^^^^^^^^^^^^^^^^^^^^^
.venv/lib/python3.12/site-packages/sqlalchemy/engine/create.py:667: in connect
    return dialect.connect(*cargs_tup, **cparams)
           ^^^^^^^^^^^^^^^^^^^^^^^^^^^^^^^^^^^^^^
.venv/lib/python3.12/site-packages/sqlalchemy/engine/default.py:630: in connect
    return self.loaded_dbapi.connect(*cargs, **cparams)  # type: ignore[no-any-return]  # NOQA: E501
           ^^^^^^^^^^^^^^^^^^^^^^^^^^^^^^^^^^^^^^^^^^^^
.venv/lib/python3.12/site-packages/psycopg/connection.py:126: in connect
    raise last_ex.with_traceback(None)
E   sqlalchemy.exc.OperationalError: (psycopg.OperationalError) connection failed: connection to server at "127.0.0.1", port 55432 failed: could not receive data from server: Connection refused
E   (Background on this error at: https://sqlalche.me/e/20/e3q8)
_ ERROR at setup of test_invalid_or_truncated_response_is_not_repaired_or_retried_implicitly[unknown_field] _
.venv/lib/python3.12/site-packages/sqlalchemy/engine/base.py:144: in __init__
    self._dbapi_connection = engine.raw_connection()
                             ^^^^^^^^^^^^^^^^^^^^^^^
.venv/lib/python3.12/site-packages/sqlalchemy/engine/base.py:3319: in raw_connection
    return self.pool.connect()
           ^^^^^^^^^^^^^^^^^^^
.venv/lib/python3.12/site-packages/sqlalchemy/pool/base.py:448: in connect
    return _ConnectionFairy._checkout(self)
           ^^^^^^^^^^^^^^^^^^^^^^^^^^^^^^^^
.venv/lib/python3.12/site-packages/sqlalchemy/pool/base.py:1290: in _checkout
    fairy = _ConnectionRecord.checkout(pool)
            ^^^^^^^^^^^^^^^^^^^^^^^^^^^^^^^^
.venv/lib/python3.12/site-packages/sqlalchemy/pool/base.py:712: in checkout
    rec = pool._do_get()
          ^^^^^^^^^^^^^^
.venv/lib/python3.12/site-packages/sqlalchemy/pool/impl.py:178: in _do_get
    with util.safe_reraise():
         ^^^^^^^^^^^^^^^^^^^
.venv/lib/python3.12/site-packages/sqlalchemy/util/langhelpers.py:122: in __exit__
    raise exc_value.with_traceback(exc_tb)
.venv/lib/python3.12/site-packages/sqlalchemy/pool/impl.py:176: in _do_get
    return self._create_connection()
           ^^^^^^^^^^^^^^^^^^^^^^^^^
.venv/lib/python3.12/site-packages/sqlalchemy/pool/base.py:389: in _create_connection
    return _ConnectionRecord(self)
           ^^^^^^^^^^^^^^^^^^^^^^^
.venv/lib/python3.12/site-packages/sqlalchemy/pool/base.py:674: in __init__
    self.__connect()
.venv/lib/python3.12/site-packages/sqlalchemy/pool/base.py:900: in __connect
    with util.safe_reraise():
         ^^^^^^^^^^^^^^^^^^^
.venv/lib/python3.12/site-packages/sqlalchemy/util/langhelpers.py:122: in __exit__
    raise exc_value.with_traceback(exc_tb)
.venv/lib/python3.12/site-packages/sqlalchemy/pool/base.py:896: in __connect
    self.dbapi_connection = connection = pool._invoke_creator(self)
                                         ^^^^^^^^^^^^^^^^^^^^^^^^^^
.venv/lib/python3.12/site-packages/sqlalchemy/engine/create.py:667: in connect
    return dialect.connect(*cargs_tup, **cparams)
           ^^^^^^^^^^^^^^^^^^^^^^^^^^^^^^^^^^^^^^
.venv/lib/python3.12/site-packages/sqlalchemy/engine/default.py:630: in connect
    return self.loaded_dbapi.connect(*cargs, **cparams)  # type: ignore[no-any-return]  # NOQA: E501
           ^^^^^^^^^^^^^^^^^^^^^^^^^^^^^^^^^^^^^^^^^^^^
.venv/lib/python3.12/site-packages/psycopg/connection.py:126: in connect
    raise last_ex.with_traceback(None)
E   psycopg.OperationalError: connection failed: connection to server at "127.0.0.1", port 55432 failed: could not receive data from server: Connection refused

The above exception was the direct cause of the following exception:
tests/integration/conftest.py:24: in engine
    with administrative.connect() as connection:
         ^^^^^^^^^^^^^^^^^^^^^^^^
.venv/lib/python3.12/site-packages/sqlalchemy/engine/base.py:3295: in connect
    return self._connection_cls(self)
           ^^^^^^^^^^^^^^^^^^^^^^^^^^
.venv/lib/python3.12/site-packages/sqlalchemy/engine/base.py:146: in __init__
    Connection._handle_dbapi_exception_noconnection(
.venv/lib/python3.12/site-packages/sqlalchemy/engine/base.py:2450: in _handle_dbapi_exception_noconnection
    raise sqlalchemy_exception.with_traceback(exc_info[2]) from e
.venv/lib/python3.12/site-packages/sqlalchemy/engine/base.py:144: in __init__
    self._dbapi_connection = engine.raw_connection()
                             ^^^^^^^^^^^^^^^^^^^^^^^
.venv/lib/python3.12/site-packages/sqlalchemy/engine/base.py:3319: in raw_connection
    return self.pool.connect()
           ^^^^^^^^^^^^^^^^^^^
.venv/lib/python3.12/site-packages/sqlalchemy/pool/base.py:448: in connect
    return _ConnectionFairy._checkout(self)
           ^^^^^^^^^^^^^^^^^^^^^^^^^^^^^^^^
.venv/lib/python3.12/site-packages/sqlalchemy/pool/base.py:1290: in _checkout
    fairy = _ConnectionRecord.checkout(pool)
            ^^^^^^^^^^^^^^^^^^^^^^^^^^^^^^^^
.venv/lib/python3.12/site-packages/sqlalchemy/pool/base.py:712: in checkout
    rec = pool._do_get()
          ^^^^^^^^^^^^^^
.venv/lib/python3.12/site-packages/sqlalchemy/pool/impl.py:178: in _do_get
    with util.safe_reraise():
         ^^^^^^^^^^^^^^^^^^^
.venv/lib/python3.12/site-packages/sqlalchemy/util/langhelpers.py:122: in __exit__
    raise exc_value.with_traceback(exc_tb)
.venv/lib/python3.12/site-packages/sqlalchemy/pool/impl.py:176: in _do_get
    return self._create_connection()
           ^^^^^^^^^^^^^^^^^^^^^^^^^
.venv/lib/python3.12/site-packages/sqlalchemy/pool/base.py:389: in _create_connection
    return _ConnectionRecord(self)
           ^^^^^^^^^^^^^^^^^^^^^^^
.venv/lib/python3.12/site-packages/sqlalchemy/pool/base.py:674: in __init__
    self.__connect()
.venv/lib/python3.12/site-packages/sqlalchemy/pool/base.py:900: in __connect
    with util.safe_reraise():
         ^^^^^^^^^^^^^^^^^^^
.venv/lib/python3.12/site-packages/sqlalchemy/util/langhelpers.py:122: in __exit__
    raise exc_value.with_traceback(exc_tb)
.venv/lib/python3.12/site-packages/sqlalchemy/pool/base.py:896: in __connect
    self.dbapi_connection = connection = pool._invoke_creator(self)
                                         ^^^^^^^^^^^^^^^^^^^^^^^^^^
.venv/lib/python3.12/site-packages/sqlalchemy/engine/create.py:667: in connect
    return dialect.connect(*cargs_tup, **cparams)
           ^^^^^^^^^^^^^^^^^^^^^^^^^^^^^^^^^^^^^^
.venv/lib/python3.12/site-packages/sqlalchemy/engine/default.py:630: in connect
    return self.loaded_dbapi.connect(*cargs, **cparams)  # type: ignore[no-any-return]  # NOQA: E501
           ^^^^^^^^^^^^^^^^^^^^^^^^^^^^^^^^^^^^^^^^^^^^
.venv/lib/python3.12/site-packages/psycopg/connection.py:126: in connect
    raise last_ex.with_traceback(None)
E   sqlalchemy.exc.OperationalError: (psycopg.OperationalError) connection failed: connection to server at "127.0.0.1", port 55432 failed: could not receive data from server: Connection refused
E   (Background on this error at: https://sqlalche.me/e/20/e3q8)
_ ERROR at setup of test_prompt_must_match_authorized_trace_and_unknown_usage_is_null _
.venv/lib/python3.12/site-packages/sqlalchemy/engine/base.py:144: in __init__
    self._dbapi_connection = engine.raw_connection()
                             ^^^^^^^^^^^^^^^^^^^^^^^
.venv/lib/python3.12/site-packages/sqlalchemy/engine/base.py:3319: in raw_connection
    return self.pool.connect()
           ^^^^^^^^^^^^^^^^^^^
.venv/lib/python3.12/site-packages/sqlalchemy/pool/base.py:448: in connect
    return _ConnectionFairy._checkout(self)
           ^^^^^^^^^^^^^^^^^^^^^^^^^^^^^^^^
.venv/lib/python3.12/site-packages/sqlalchemy/pool/base.py:1290: in _checkout
    fairy = _ConnectionRecord.checkout(pool)
            ^^^^^^^^^^^^^^^^^^^^^^^^^^^^^^^^
.venv/lib/python3.12/site-packages/sqlalchemy/pool/base.py:712: in checkout
    rec = pool._do_get()
          ^^^^^^^^^^^^^^
.venv/lib/python3.12/site-packages/sqlalchemy/pool/impl.py:178: in _do_get
    with util.safe_reraise():
         ^^^^^^^^^^^^^^^^^^^
.venv/lib/python3.12/site-packages/sqlalchemy/util/langhelpers.py:122: in __exit__
    raise exc_value.with_traceback(exc_tb)
.venv/lib/python3.12/site-packages/sqlalchemy/pool/impl.py:176: in _do_get
    return self._create_connection()
           ^^^^^^^^^^^^^^^^^^^^^^^^^
.venv/lib/python3.12/site-packages/sqlalchemy/pool/base.py:389: in _create_connection
    return _ConnectionRecord(self)
           ^^^^^^^^^^^^^^^^^^^^^^^
.venv/lib/python3.12/site-packages/sqlalchemy/pool/base.py:674: in __init__
    self.__connect()
.venv/lib/python3.12/site-packages/sqlalchemy/pool/base.py:900: in __connect
    with util.safe_reraise():
         ^^^^^^^^^^^^^^^^^^^
.venv/lib/python3.12/site-packages/sqlalchemy/util/langhelpers.py:122: in __exit__
    raise exc_value.with_traceback(exc_tb)
.venv/lib/python3.12/site-packages/sqlalchemy/pool/base.py:896: in __connect
    self.dbapi_connection = connection = pool._invoke_creator(self)
                                         ^^^^^^^^^^^^^^^^^^^^^^^^^^
.venv/lib/python3.12/site-packages/sqlalchemy/engine/create.py:667: in connect
    return dialect.connect(*cargs_tup, **cparams)
           ^^^^^^^^^^^^^^^^^^^^^^^^^^^^^^^^^^^^^^
.venv/lib/python3.12/site-packages/sqlalchemy/engine/default.py:630: in connect
    return self.loaded_dbapi.connect(*cargs, **cparams)  # type: ignore[no-any-return]  # NOQA: E501
           ^^^^^^^^^^^^^^^^^^^^^^^^^^^^^^^^^^^^^^^^^^^^
.venv/lib/python3.12/site-packages/psycopg/connection.py:126: in connect
    raise last_ex.with_traceback(None)
E   psycopg.OperationalError: connection failed: connection to server at "127.0.0.1", port 55432 failed: could not receive data from server: Connection refused

The above exception was the direct cause of the following exception:
tests/integration/conftest.py:24: in engine
    with administrative.connect() as connection:
         ^^^^^^^^^^^^^^^^^^^^^^^^
.venv/lib/python3.12/site-packages/sqlalchemy/engine/base.py:3295: in connect
    return self._connection_cls(self)
           ^^^^^^^^^^^^^^^^^^^^^^^^^^
.venv/lib/python3.12/site-packages/sqlalchemy/engine/base.py:146: in __init__
    Connection._handle_dbapi_exception_noconnection(
.venv/lib/python3.12/site-packages/sqlalchemy/engine/base.py:2450: in _handle_dbapi_exception_noconnection
    raise sqlalchemy_exception.with_traceback(exc_info[2]) from e
.venv/lib/python3.12/site-packages/sqlalchemy/engine/base.py:144: in __init__
    self._dbapi_connection = engine.raw_connection()
                             ^^^^^^^^^^^^^^^^^^^^^^^
.venv/lib/python3.12/site-packages/sqlalchemy/engine/base.py:3319: in raw_connection
    return self.pool.connect()
           ^^^^^^^^^^^^^^^^^^^
.venv/lib/python3.12/site-packages/sqlalchemy/pool/base.py:448: in connect
    return _ConnectionFairy._checkout(self)
           ^^^^^^^^^^^^^^^^^^^^^^^^^^^^^^^^
.venv/lib/python3.12/site-packages/sqlalchemy/pool/base.py:1290: in _checkout
    fairy = _ConnectionRecord.checkout(pool)
            ^^^^^^^^^^^^^^^^^^^^^^^^^^^^^^^^
.venv/lib/python3.12/site-packages/sqlalchemy/pool/base.py:712: in checkout
    rec = pool._do_get()
          ^^^^^^^^^^^^^^
.venv/lib/python3.12/site-packages/sqlalchemy/pool/impl.py:178: in _do_get
    with util.safe_reraise():
         ^^^^^^^^^^^^^^^^^^^
.venv/lib/python3.12/site-packages/sqlalchemy/util/langhelpers.py:122: in __exit__
    raise exc_value.with_traceback(exc_tb)
.venv/lib/python3.12/site-packages/sqlalchemy/pool/impl.py:176: in _do_get
    return self._create_connection()
           ^^^^^^^^^^^^^^^^^^^^^^^^^
.venv/lib/python3.12/site-packages/sqlalchemy/pool/base.py:389: in _create_connection
    return _ConnectionRecord(self)
           ^^^^^^^^^^^^^^^^^^^^^^^
.venv/lib/python3.12/site-packages/sqlalchemy/pool/base.py:674: in __init__
    self.__connect()
.venv/lib/python3.12/site-packages/sqlalchemy/pool/base.py:900: in __connect
    with util.safe_reraise():
         ^^^^^^^^^^^^^^^^^^^
.venv/lib/python3.12/site-packages/sqlalchemy/util/langhelpers.py:122: in __exit__
    raise exc_value.with_traceback(exc_tb)
.venv/lib/python3.12/site-packages/sqlalchemy/pool/base.py:896: in __connect
    self.dbapi_connection = connection = pool._invoke_creator(self)
                                         ^^^^^^^^^^^^^^^^^^^^^^^^^^
.venv/lib/python3.12/site-packages/sqlalchemy/engine/create.py:667: in connect
    return dialect.connect(*cargs_tup, **cparams)
           ^^^^^^^^^^^^^^^^^^^^^^^^^^^^^^^^^^^^^^
.venv/lib/python3.12/site-packages/sqlalchemy/engine/default.py:630: in connect
    return self.loaded_dbapi.connect(*cargs, **cparams)  # type: ignore[no-any-return]  # NOQA: E501
           ^^^^^^^^^^^^^^^^^^^^^^^^^^^^^^^^^^^^^^^^^^^^
.venv/lib/python3.12/site-packages/psycopg/connection.py:126: in connect
    raise last_ex.with_traceback(None)
E   sqlalchemy.exc.OperationalError: (psycopg.OperationalError) connection failed: connection to server at "127.0.0.1", port 55432 failed: could not receive data from server: Connection refused
E   (Background on this error at: https://sqlalche.me/e/20/e3q8)
_____ ERROR at setup of test_model_import_export_copy_history_and_archive ______
.venv/lib/python3.12/site-packages/sqlalchemy/engine/base.py:144: in __init__
    self._dbapi_connection = engine.raw_connection()
                             ^^^^^^^^^^^^^^^^^^^^^^^
.venv/lib/python3.12/site-packages/sqlalchemy/engine/base.py:3319: in raw_connection
    return self.pool.connect()
           ^^^^^^^^^^^^^^^^^^^
.venv/lib/python3.12/site-packages/sqlalchemy/pool/base.py:448: in connect
    return _ConnectionFairy._checkout(self)
           ^^^^^^^^^^^^^^^^^^^^^^^^^^^^^^^^
.venv/lib/python3.12/site-packages/sqlalchemy/pool/base.py:1290: in _checkout
    fairy = _ConnectionRecord.checkout(pool)
            ^^^^^^^^^^^^^^^^^^^^^^^^^^^^^^^^
.venv/lib/python3.12/site-packages/sqlalchemy/pool/base.py:712: in checkout
    rec = pool._do_get()
          ^^^^^^^^^^^^^^
.venv/lib/python3.12/site-packages/sqlalchemy/pool/impl.py:178: in _do_get
    with util.safe_reraise():
         ^^^^^^^^^^^^^^^^^^^
.venv/lib/python3.12/site-packages/sqlalchemy/util/langhelpers.py:122: in __exit__
    raise exc_value.with_traceback(exc_tb)
.venv/lib/python3.12/site-packages/sqlalchemy/pool/impl.py:176: in _do_get
    return self._create_connection()
           ^^^^^^^^^^^^^^^^^^^^^^^^^
.venv/lib/python3.12/site-packages/sqlalchemy/pool/base.py:389: in _create_connection
    return _ConnectionRecord(self)
           ^^^^^^^^^^^^^^^^^^^^^^^
.venv/lib/python3.12/site-packages/sqlalchemy/pool/base.py:674: in __init__
    self.__connect()
.venv/lib/python3.12/site-packages/sqlalchemy/pool/base.py:900: in __connect
    with util.safe_reraise():
         ^^^^^^^^^^^^^^^^^^^
.venv/lib/python3.12/site-packages/sqlalchemy/util/langhelpers.py:122: in __exit__
    raise exc_value.with_traceback(exc_tb)
.venv/lib/python3.12/site-packages/sqlalchemy/pool/base.py:896: in __connect
    self.dbapi_connection = connection = pool._invoke_creator(self)
                                         ^^^^^^^^^^^^^^^^^^^^^^^^^^
.venv/lib/python3.12/site-packages/sqlalchemy/engine/create.py:667: in connect
    return dialect.connect(*cargs_tup, **cparams)
           ^^^^^^^^^^^^^^^^^^^^^^^^^^^^^^^^^^^^^^
.venv/lib/python3.12/site-packages/sqlalchemy/engine/default.py:630: in connect
    return self.loaded_dbapi.connect(*cargs, **cparams)  # type: ignore[no-any-return]  # NOQA: E501
           ^^^^^^^^^^^^^^^^^^^^^^^^^^^^^^^^^^^^^^^^^^^^
.venv/lib/python3.12/site-packages/psycopg/connection.py:126: in connect
    raise last_ex.with_traceback(None)
E   psycopg.OperationalError: connection failed: connection to server at "127.0.0.1", port 55432 failed: could not receive data from server: Connection refused

The above exception was the direct cause of the following exception:
tests/integration/conftest.py:24: in engine
    with administrative.connect() as connection:
         ^^^^^^^^^^^^^^^^^^^^^^^^
.venv/lib/python3.12/site-packages/sqlalchemy/engine/base.py:3295: in connect
    return self._connection_cls(self)
           ^^^^^^^^^^^^^^^^^^^^^^^^^^
.venv/lib/python3.12/site-packages/sqlalchemy/engine/base.py:146: in __init__
    Connection._handle_dbapi_exception_noconnection(
.venv/lib/python3.12/site-packages/sqlalchemy/engine/base.py:2450: in _handle_dbapi_exception_noconnection
    raise sqlalchemy_exception.with_traceback(exc_info[2]) from e
.venv/lib/python3.12/site-packages/sqlalchemy/engine/base.py:144: in __init__
    self._dbapi_connection = engine.raw_connection()
                             ^^^^^^^^^^^^^^^^^^^^^^^
.venv/lib/python3.12/site-packages/sqlalchemy/engine/base.py:3319: in raw_connection
    return self.pool.connect()
           ^^^^^^^^^^^^^^^^^^^
.venv/lib/python3.12/site-packages/sqlalchemy/pool/base.py:448: in connect
    return _ConnectionFairy._checkout(self)
           ^^^^^^^^^^^^^^^^^^^^^^^^^^^^^^^^
.venv/lib/python3.12/site-packages/sqlalchemy/pool/base.py:1290: in _checkout
    fairy = _ConnectionRecord.checkout(pool)
            ^^^^^^^^^^^^^^^^^^^^^^^^^^^^^^^^
.venv/lib/python3.12/site-packages/sqlalchemy/pool/base.py:712: in checkout
    rec = pool._do_get()
          ^^^^^^^^^^^^^^
.venv/lib/python3.12/site-packages/sqlalchemy/pool/impl.py:178: in _do_get
    with util.safe_reraise():
         ^^^^^^^^^^^^^^^^^^^
.venv/lib/python3.12/site-packages/sqlalchemy/util/langhelpers.py:122: in __exit__
    raise exc_value.with_traceback(exc_tb)
.venv/lib/python3.12/site-packages/sqlalchemy/pool/impl.py:176: in _do_get
    return self._create_connection()
           ^^^^^^^^^^^^^^^^^^^^^^^^^
.venv/lib/python3.12/site-packages/sqlalchemy/pool/base.py:389: in _create_connection
    return _ConnectionRecord(self)
           ^^^^^^^^^^^^^^^^^^^^^^^
.venv/lib/python3.12/site-packages/sqlalchemy/pool/base.py:674: in __init__
    self.__connect()
.venv/lib/python3.12/site-packages/sqlalchemy/pool/base.py:900: in __connect
    with util.safe_reraise():
         ^^^^^^^^^^^^^^^^^^^
.venv/lib/python3.12/site-packages/sqlalchemy/util/langhelpers.py:122: in __exit__
    raise exc_value.with_traceback(exc_tb)
.venv/lib/python3.12/site-packages/sqlalchemy/pool/base.py:896: in __connect
    self.dbapi_connection = connection = pool._invoke_creator(self)
                                         ^^^^^^^^^^^^^^^^^^^^^^^^^^
.venv/lib/python3.12/site-packages/sqlalchemy/engine/create.py:667: in connect
    return dialect.connect(*cargs_tup, **cparams)
           ^^^^^^^^^^^^^^^^^^^^^^^^^^^^^^^^^^^^^^
.venv/lib/python3.12/site-packages/sqlalchemy/engine/default.py:630: in connect
    return self.loaded_dbapi.connect(*cargs, **cparams)  # type: ignore[no-any-return]  # NOQA: E501
           ^^^^^^^^^^^^^^^^^^^^^^^^^^^^^^^^^^^^^^^^^^^^
.venv/lib/python3.12/site-packages/psycopg/connection.py:126: in connect
    raise last_ex.with_traceback(None)
E   sqlalchemy.exc.OperationalError: (psycopg.OperationalError) connection failed: connection to server at "127.0.0.1", port 55432 failed: could not receive data from server: Connection refused
E   (Background on this error at: https://sqlalche.me/e/20/e3q8)
_____ ERROR at setup of test_metadata_create_cannot_self_certify_execution _____
.venv/lib/python3.12/site-packages/sqlalchemy/engine/base.py:144: in __init__
    self._dbapi_connection = engine.raw_connection()
                             ^^^^^^^^^^^^^^^^^^^^^^^
.venv/lib/python3.12/site-packages/sqlalchemy/engine/base.py:3319: in raw_connection
    return self.pool.connect()
           ^^^^^^^^^^^^^^^^^^^
.venv/lib/python3.12/site-packages/sqlalchemy/pool/base.py:448: in connect
    return _ConnectionFairy._checkout(self)
           ^^^^^^^^^^^^^^^^^^^^^^^^^^^^^^^^
.venv/lib/python3.12/site-packages/sqlalchemy/pool/base.py:1290: in _checkout
    fairy = _ConnectionRecord.checkout(pool)
            ^^^^^^^^^^^^^^^^^^^^^^^^^^^^^^^^
.venv/lib/python3.12/site-packages/sqlalchemy/pool/base.py:712: in checkout
    rec = pool._do_get()
          ^^^^^^^^^^^^^^
.venv/lib/python3.12/site-packages/sqlalchemy/pool/impl.py:178: in _do_get
    with util.safe_reraise():
         ^^^^^^^^^^^^^^^^^^^
.venv/lib/python3.12/site-packages/sqlalchemy/util/langhelpers.py:122: in __exit__
    raise exc_value.with_traceback(exc_tb)
.venv/lib/python3.12/site-packages/sqlalchemy/pool/impl.py:176: in _do_get
    return self._create_connection()
           ^^^^^^^^^^^^^^^^^^^^^^^^^
.venv/lib/python3.12/site-packages/sqlalchemy/pool/base.py:389: in _create_connection
    return _ConnectionRecord(self)
           ^^^^^^^^^^^^^^^^^^^^^^^
.venv/lib/python3.12/site-packages/sqlalchemy/pool/base.py:674: in __init__
    self.__connect()
.venv/lib/python3.12/site-packages/sqlalchemy/pool/base.py:900: in __connect
    with util.safe_reraise():
         ^^^^^^^^^^^^^^^^^^^
.venv/lib/python3.12/site-packages/sqlalchemy/util/langhelpers.py:122: in __exit__
    raise exc_value.with_traceback(exc_tb)
.venv/lib/python3.12/site-packages/sqlalchemy/pool/base.py:896: in __connect
    self.dbapi_connection = connection = pool._invoke_creator(self)
                                         ^^^^^^^^^^^^^^^^^^^^^^^^^^
.venv/lib/python3.12/site-packages/sqlalchemy/engine/create.py:667: in connect
    return dialect.connect(*cargs_tup, **cparams)
           ^^^^^^^^^^^^^^^^^^^^^^^^^^^^^^^^^^^^^^
.venv/lib/python3.12/site-packages/sqlalchemy/engine/default.py:630: in connect
    return self.loaded_dbapi.connect(*cargs, **cparams)  # type: ignore[no-any-return]  # NOQA: E501
           ^^^^^^^^^^^^^^^^^^^^^^^^^^^^^^^^^^^^^^^^^^^^
.venv/lib/python3.12/site-packages/psycopg/connection.py:126: in connect
    raise last_ex.with_traceback(None)
E   psycopg.OperationalError: connection failed: connection to server at "127.0.0.1", port 55432 failed: could not receive data from server: Connection refused

The above exception was the direct cause of the following exception:
tests/integration/conftest.py:24: in engine
    with administrative.connect() as connection:
         ^^^^^^^^^^^^^^^^^^^^^^^^
.venv/lib/python3.12/site-packages/sqlalchemy/engine/base.py:3295: in connect
    return self._connection_cls(self)
           ^^^^^^^^^^^^^^^^^^^^^^^^^^
.venv/lib/python3.12/site-packages/sqlalchemy/engine/base.py:146: in __init__
    Connection._handle_dbapi_exception_noconnection(
.venv/lib/python3.12/site-packages/sqlalchemy/engine/base.py:2450: in _handle_dbapi_exception_noconnection
    raise sqlalchemy_exception.with_traceback(exc_info[2]) from e
.venv/lib/python3.12/site-packages/sqlalchemy/engine/base.py:144: in __init__
    self._dbapi_connection = engine.raw_connection()
                             ^^^^^^^^^^^^^^^^^^^^^^^
.venv/lib/python3.12/site-packages/sqlalchemy/engine/base.py:3319: in raw_connection
    return self.pool.connect()
           ^^^^^^^^^^^^^^^^^^^
.venv/lib/python3.12/site-packages/sqlalchemy/pool/base.py:448: in connect
    return _ConnectionFairy._checkout(self)
           ^^^^^^^^^^^^^^^^^^^^^^^^^^^^^^^^
.venv/lib/python3.12/site-packages/sqlalchemy/pool/base.py:1290: in _checkout
    fairy = _ConnectionRecord.checkout(pool)
            ^^^^^^^^^^^^^^^^^^^^^^^^^^^^^^^^
.venv/lib/python3.12/site-packages/sqlalchemy/pool/base.py:712: in checkout
    rec = pool._do_get()
          ^^^^^^^^^^^^^^
.venv/lib/python3.12/site-packages/sqlalchemy/pool/impl.py:178: in _do_get
    with util.safe_reraise():
         ^^^^^^^^^^^^^^^^^^^
.venv/lib/python3.12/site-packages/sqlalchemy/util/langhelpers.py:122: in __exit__
    raise exc_value.with_traceback(exc_tb)
.venv/lib/python3.12/site-packages/sqlalchemy/pool/impl.py:176: in _do_get
    return self._create_connection()
           ^^^^^^^^^^^^^^^^^^^^^^^^^
.venv/lib/python3.12/site-packages/sqlalchemy/pool/base.py:389: in _create_connection
    return _ConnectionRecord(self)
           ^^^^^^^^^^^^^^^^^^^^^^^
.venv/lib/python3.12/site-packages/sqlalchemy/pool/base.py:674: in __init__
    self.__connect()
.venv/lib/python3.12/site-packages/sqlalchemy/pool/base.py:900: in __connect
    with util.safe_reraise():
         ^^^^^^^^^^^^^^^^^^^
.venv/lib/python3.12/site-packages/sqlalchemy/util/langhelpers.py:122: in __exit__
    raise exc_value.with_traceback(exc_tb)
.venv/lib/python3.12/site-packages/sqlalchemy/pool/base.py:896: in __connect
    self.dbapi_connection = connection = pool._invoke_creator(self)
                                         ^^^^^^^^^^^^^^^^^^^^^^^^^^
.venv/lib/python3.12/site-packages/sqlalchemy/engine/create.py:667: in connect
    return dialect.connect(*cargs_tup, **cparams)
           ^^^^^^^^^^^^^^^^^^^^^^^^^^^^^^^^^^^^^^
.venv/lib/python3.12/site-packages/sqlalchemy/engine/default.py:630: in connect
    return self.loaded_dbapi.connect(*cargs, **cparams)  # type: ignore[no-any-return]  # NOQA: E501
           ^^^^^^^^^^^^^^^^^^^^^^^^^^^^^^^^^^^^^^^^^^^^
.venv/lib/python3.12/site-packages/psycopg/connection.py:126: in connect
    raise last_ex.with_traceback(None)
E   sqlalchemy.exc.OperationalError: (psycopg.OperationalError) connection failed: connection to server at "127.0.0.1", port 55432 failed: could not receive data from server: Connection refused
E   (Background on this error at: https://sqlalche.me/e/20/e3q8)
_ ERROR at setup of test_model_decomposition_is_available_without_executing_upload _
.venv/lib/python3.12/site-packages/sqlalchemy/engine/base.py:144: in __init__
    self._dbapi_connection = engine.raw_connection()
                             ^^^^^^^^^^^^^^^^^^^^^^^
.venv/lib/python3.12/site-packages/sqlalchemy/engine/base.py:3319: in raw_connection
    return self.pool.connect()
           ^^^^^^^^^^^^^^^^^^^
.venv/lib/python3.12/site-packages/sqlalchemy/pool/base.py:448: in connect
    return _ConnectionFairy._checkout(self)
           ^^^^^^^^^^^^^^^^^^^^^^^^^^^^^^^^
.venv/lib/python3.12/site-packages/sqlalchemy/pool/base.py:1290: in _checkout
    fairy = _ConnectionRecord.checkout(pool)
            ^^^^^^^^^^^^^^^^^^^^^^^^^^^^^^^^
.venv/lib/python3.12/site-packages/sqlalchemy/pool/base.py:712: in checkout
    rec = pool._do_get()
          ^^^^^^^^^^^^^^
.venv/lib/python3.12/site-packages/sqlalchemy/pool/impl.py:178: in _do_get
    with util.safe_reraise():
         ^^^^^^^^^^^^^^^^^^^
.venv/lib/python3.12/site-packages/sqlalchemy/util/langhelpers.py:122: in __exit__
    raise exc_value.with_traceback(exc_tb)
.venv/lib/python3.12/site-packages/sqlalchemy/pool/impl.py:176: in _do_get
    return self._create_connection()
           ^^^^^^^^^^^^^^^^^^^^^^^^^
.venv/lib/python3.12/site-packages/sqlalchemy/pool/base.py:389: in _create_connection
    return _ConnectionRecord(self)
           ^^^^^^^^^^^^^^^^^^^^^^^
.venv/lib/python3.12/site-packages/sqlalchemy/pool/base.py:674: in __init__
    self.__connect()
.venv/lib/python3.12/site-packages/sqlalchemy/pool/base.py:900: in __connect
    with util.safe_reraise():
         ^^^^^^^^^^^^^^^^^^^
.venv/lib/python3.12/site-packages/sqlalchemy/util/langhelpers.py:122: in __exit__
    raise exc_value.with_traceback(exc_tb)
.venv/lib/python3.12/site-packages/sqlalchemy/pool/base.py:896: in __connect
    self.dbapi_connection = connection = pool._invoke_creator(self)
                                         ^^^^^^^^^^^^^^^^^^^^^^^^^^
.venv/lib/python3.12/site-packages/sqlalchemy/engine/create.py:667: in connect
    return dialect.connect(*cargs_tup, **cparams)
           ^^^^^^^^^^^^^^^^^^^^^^^^^^^^^^^^^^^^^^
.venv/lib/python3.12/site-packages/sqlalchemy/engine/default.py:630: in connect
    return self.loaded_dbapi.connect(*cargs, **cparams)  # type: ignore[no-any-return]  # NOQA: E501
           ^^^^^^^^^^^^^^^^^^^^^^^^^^^^^^^^^^^^^^^^^^^^
.venv/lib/python3.12/site-packages/psycopg/connection.py:126: in connect
    raise last_ex.with_traceback(None)
E   psycopg.OperationalError: connection failed: connection to server at "127.0.0.1", port 55432 failed: could not receive data from server: Connection refused

The above exception was the direct cause of the following exception:
tests/integration/conftest.py:24: in engine
    with administrative.connect() as connection:
         ^^^^^^^^^^^^^^^^^^^^^^^^
.venv/lib/python3.12/site-packages/sqlalchemy/engine/base.py:3295: in connect
    return self._connection_cls(self)
           ^^^^^^^^^^^^^^^^^^^^^^^^^^
.venv/lib/python3.12/site-packages/sqlalchemy/engine/base.py:146: in __init__
    Connection._handle_dbapi_exception_noconnection(
.venv/lib/python3.12/site-packages/sqlalchemy/engine/base.py:2450: in _handle_dbapi_exception_noconnection
    raise sqlalchemy_exception.with_traceback(exc_info[2]) from e
.venv/lib/python3.12/site-packages/sqlalchemy/engine/base.py:144: in __init__
    self._dbapi_connection = engine.raw_connection()
                             ^^^^^^^^^^^^^^^^^^^^^^^
.venv/lib/python3.12/site-packages/sqlalchemy/engine/base.py:3319: in raw_connection
    return self.pool.connect()
           ^^^^^^^^^^^^^^^^^^^
.venv/lib/python3.12/site-packages/sqlalchemy/pool/base.py:448: in connect
    return _ConnectionFairy._checkout(self)
           ^^^^^^^^^^^^^^^^^^^^^^^^^^^^^^^^
.venv/lib/python3.12/site-packages/sqlalchemy/pool/base.py:1290: in _checkout
    fairy = _ConnectionRecord.checkout(pool)
            ^^^^^^^^^^^^^^^^^^^^^^^^^^^^^^^^
.venv/lib/python3.12/site-packages/sqlalchemy/pool/base.py:712: in checkout
    rec = pool._do_get()
          ^^^^^^^^^^^^^^
.venv/lib/python3.12/site-packages/sqlalchemy/pool/impl.py:178: in _do_get
    with util.safe_reraise():
         ^^^^^^^^^^^^^^^^^^^
.venv/lib/python3.12/site-packages/sqlalchemy/util/langhelpers.py:122: in __exit__
    raise exc_value.with_traceback(exc_tb)
.venv/lib/python3.12/site-packages/sqlalchemy/pool/impl.py:176: in _do_get
    return self._create_connection()
           ^^^^^^^^^^^^^^^^^^^^^^^^^
.venv/lib/python3.12/site-packages/sqlalchemy/pool/base.py:389: in _create_connection
    return _ConnectionRecord(self)
           ^^^^^^^^^^^^^^^^^^^^^^^
.venv/lib/python3.12/site-packages/sqlalchemy/pool/base.py:674: in __init__
    self.__connect()
.venv/lib/python3.12/site-packages/sqlalchemy/pool/base.py:900: in __connect
    with util.safe_reraise():
         ^^^^^^^^^^^^^^^^^^^
.venv/lib/python3.12/site-packages/sqlalchemy/util/langhelpers.py:122: in __exit__
    raise exc_value.with_traceback(exc_tb)
.venv/lib/python3.12/site-packages/sqlalchemy/pool/base.py:896: in __connect
    self.dbapi_connection = connection = pool._invoke_creator(self)
                                         ^^^^^^^^^^^^^^^^^^^^^^^^^^
.venv/lib/python3.12/site-packages/sqlalchemy/engine/create.py:667: in connect
    return dialect.connect(*cargs_tup, **cparams)
           ^^^^^^^^^^^^^^^^^^^^^^^^^^^^^^^^^^^^^^
.venv/lib/python3.12/site-packages/sqlalchemy/engine/default.py:630: in connect
    return self.loaded_dbapi.connect(*cargs, **cparams)  # type: ignore[no-any-return]  # NOQA: E501
           ^^^^^^^^^^^^^^^^^^^^^^^^^^^^^^^^^^^^^^^^^^^^
.venv/lib/python3.12/site-packages/psycopg/connection.py:126: in connect
    raise last_ex.with_traceback(None)
E   sqlalchemy.exc.OperationalError: (psycopg.OperationalError) connection failed: connection to server at "127.0.0.1", port 55432 failed: could not receive data from server: Connection refused
E   (Background on this error at: https://sqlalche.me/e/20/e3q8)
_ ERROR at setup of test_model_search_filters_literal_names_and_current_enable_state _
.venv/lib/python3.12/site-packages/sqlalchemy/engine/base.py:144: in __init__
    self._dbapi_connection = engine.raw_connection()
                             ^^^^^^^^^^^^^^^^^^^^^^^
.venv/lib/python3.12/site-packages/sqlalchemy/engine/base.py:3319: in raw_connection
    return self.pool.connect()
           ^^^^^^^^^^^^^^^^^^^
.venv/lib/python3.12/site-packages/sqlalchemy/pool/base.py:448: in connect
    return _ConnectionFairy._checkout(self)
           ^^^^^^^^^^^^^^^^^^^^^^^^^^^^^^^^
.venv/lib/python3.12/site-packages/sqlalchemy/pool/base.py:1290: in _checkout
    fairy = _ConnectionRecord.checkout(pool)
            ^^^^^^^^^^^^^^^^^^^^^^^^^^^^^^^^
.venv/lib/python3.12/site-packages/sqlalchemy/pool/base.py:712: in checkout
    rec = pool._do_get()
          ^^^^^^^^^^^^^^
.venv/lib/python3.12/site-packages/sqlalchemy/pool/impl.py:178: in _do_get
    with util.safe_reraise():
         ^^^^^^^^^^^^^^^^^^^
.venv/lib/python3.12/site-packages/sqlalchemy/util/langhelpers.py:122: in __exit__
    raise exc_value.with_traceback(exc_tb)
.venv/lib/python3.12/site-packages/sqlalchemy/pool/impl.py:176: in _do_get
    return self._create_connection()
           ^^^^^^^^^^^^^^^^^^^^^^^^^
.venv/lib/python3.12/site-packages/sqlalchemy/pool/base.py:389: in _create_connection
    return _ConnectionRecord(self)
           ^^^^^^^^^^^^^^^^^^^^^^^
.venv/lib/python3.12/site-packages/sqlalchemy/pool/base.py:674: in __init__
    self.__connect()
.venv/lib/python3.12/site-packages/sqlalchemy/pool/base.py:900: in __connect
    with util.safe_reraise():
         ^^^^^^^^^^^^^^^^^^^
.venv/lib/python3.12/site-packages/sqlalchemy/util/langhelpers.py:122: in __exit__
    raise exc_value.with_traceback(exc_tb)
.venv/lib/python3.12/site-packages/sqlalchemy/pool/base.py:896: in __connect
    self.dbapi_connection = connection = pool._invoke_creator(self)
                                         ^^^^^^^^^^^^^^^^^^^^^^^^^^
.venv/lib/python3.12/site-packages/sqlalchemy/engine/create.py:667: in connect
    return dialect.connect(*cargs_tup, **cparams)
           ^^^^^^^^^^^^^^^^^^^^^^^^^^^^^^^^^^^^^^
.venv/lib/python3.12/site-packages/sqlalchemy/engine/default.py:630: in connect
    return self.loaded_dbapi.connect(*cargs, **cparams)  # type: ignore[no-any-return]  # NOQA: E501
           ^^^^^^^^^^^^^^^^^^^^^^^^^^^^^^^^^^^^^^^^^^^^
.venv/lib/python3.12/site-packages/psycopg/connection.py:126: in connect
    raise last_ex.with_traceback(None)
E   psycopg.OperationalError: connection failed: connection to server at "127.0.0.1", port 55432 failed: could not receive data from server: Connection refused

The above exception was the direct cause of the following exception:
tests/integration/conftest.py:24: in engine
    with administrative.connect() as connection:
         ^^^^^^^^^^^^^^^^^^^^^^^^
.venv/lib/python3.12/site-packages/sqlalchemy/engine/base.py:3295: in connect
    return self._connection_cls(self)
           ^^^^^^^^^^^^^^^^^^^^^^^^^^
.venv/lib/python3.12/site-packages/sqlalchemy/engine/base.py:146: in __init__
    Connection._handle_dbapi_exception_noconnection(
.venv/lib/python3.12/site-packages/sqlalchemy/engine/base.py:2450: in _handle_dbapi_exception_noconnection
    raise sqlalchemy_exception.with_traceback(exc_info[2]) from e
.venv/lib/python3.12/site-packages/sqlalchemy/engine/base.py:144: in __init__
    self._dbapi_connection = engine.raw_connection()
                             ^^^^^^^^^^^^^^^^^^^^^^^
.venv/lib/python3.12/site-packages/sqlalchemy/engine/base.py:3319: in raw_connection
    return self.pool.connect()
           ^^^^^^^^^^^^^^^^^^^
.venv/lib/python3.12/site-packages/sqlalchemy/pool/base.py:448: in connect
    return _ConnectionFairy._checkout(self)
           ^^^^^^^^^^^^^^^^^^^^^^^^^^^^^^^^
.venv/lib/python3.12/site-packages/sqlalchemy/pool/base.py:1290: in _checkout
    fairy = _ConnectionRecord.checkout(pool)
            ^^^^^^^^^^^^^^^^^^^^^^^^^^^^^^^^
.venv/lib/python3.12/site-packages/sqlalchemy/pool/base.py:712: in checkout
    rec = pool._do_get()
          ^^^^^^^^^^^^^^
.venv/lib/python3.12/site-packages/sqlalchemy/pool/impl.py:178: in _do_get
    with util.safe_reraise():
         ^^^^^^^^^^^^^^^^^^^
.venv/lib/python3.12/site-packages/sqlalchemy/util/langhelpers.py:122: in __exit__
    raise exc_value.with_traceback(exc_tb)
.venv/lib/python3.12/site-packages/sqlalchemy/pool/impl.py:176: in _do_get
    return self._create_connection()
           ^^^^^^^^^^^^^^^^^^^^^^^^^
.venv/lib/python3.12/site-packages/sqlalchemy/pool/base.py:389: in _create_connection
    return _ConnectionRecord(self)
           ^^^^^^^^^^^^^^^^^^^^^^^
.venv/lib/python3.12/site-packages/sqlalchemy/pool/base.py:674: in __init__
    self.__connect()
.venv/lib/python3.12/site-packages/sqlalchemy/pool/base.py:900: in __connect
    with util.safe_reraise():
         ^^^^^^^^^^^^^^^^^^^
.venv/lib/python3.12/site-packages/sqlalchemy/util/langhelpers.py:122: in __exit__
    raise exc_value.with_traceback(exc_tb)
.venv/lib/python3.12/site-packages/sqlalchemy/pool/base.py:896: in __connect
    self.dbapi_connection = connection = pool._invoke_creator(self)
                                         ^^^^^^^^^^^^^^^^^^^^^^^^^^
.venv/lib/python3.12/site-packages/sqlalchemy/engine/create.py:667: in connect
    return dialect.connect(*cargs_tup, **cparams)
           ^^^^^^^^^^^^^^^^^^^^^^^^^^^^^^^^^^^^^^
.venv/lib/python3.12/site-packages/sqlalchemy/engine/default.py:630: in connect
    return self.loaded_dbapi.connect(*cargs, **cparams)  # type: ignore[no-any-return]  # NOQA: E501
           ^^^^^^^^^^^^^^^^^^^^^^^^^^^^^^^^^^^^^^^^^^^^
.venv/lib/python3.12/site-packages/psycopg/connection.py:126: in connect
    raise last_ex.with_traceback(None)
E   sqlalchemy.exc.OperationalError: (psycopg.OperationalError) connection failed: connection to server at "127.0.0.1", port 55432 failed: could not receive data from server: Connection refused
E   (Background on this error at: https://sqlalche.me/e/20/e3q8)
_ ERROR at setup of test_matching_endpoint_uses_registered_versions_and_rejects_unvalidated_models _
.venv/lib/python3.12/site-packages/sqlalchemy/engine/base.py:144: in __init__
    self._dbapi_connection = engine.raw_connection()
                             ^^^^^^^^^^^^^^^^^^^^^^^
.venv/lib/python3.12/site-packages/sqlalchemy/engine/base.py:3319: in raw_connection
    return self.pool.connect()
           ^^^^^^^^^^^^^^^^^^^
.venv/lib/python3.12/site-packages/sqlalchemy/pool/base.py:448: in connect
    return _ConnectionFairy._checkout(self)
           ^^^^^^^^^^^^^^^^^^^^^^^^^^^^^^^^
.venv/lib/python3.12/site-packages/sqlalchemy/pool/base.py:1290: in _checkout
    fairy = _ConnectionRecord.checkout(pool)
            ^^^^^^^^^^^^^^^^^^^^^^^^^^^^^^^^
.venv/lib/python3.12/site-packages/sqlalchemy/pool/base.py:712: in checkout
    rec = pool._do_get()
          ^^^^^^^^^^^^^^
.venv/lib/python3.12/site-packages/sqlalchemy/pool/impl.py:178: in _do_get
    with util.safe_reraise():
         ^^^^^^^^^^^^^^^^^^^
.venv/lib/python3.12/site-packages/sqlalchemy/util/langhelpers.py:122: in __exit__
    raise exc_value.with_traceback(exc_tb)
.venv/lib/python3.12/site-packages/sqlalchemy/pool/impl.py:176: in _do_get
    return self._create_connection()
           ^^^^^^^^^^^^^^^^^^^^^^^^^
.venv/lib/python3.12/site-packages/sqlalchemy/pool/base.py:389: in _create_connection
    return _ConnectionRecord(self)
           ^^^^^^^^^^^^^^^^^^^^^^^
.venv/lib/python3.12/site-packages/sqlalchemy/pool/base.py:674: in __init__
    self.__connect()
.venv/lib/python3.12/site-packages/sqlalchemy/pool/base.py:900: in __connect
    with util.safe_reraise():
         ^^^^^^^^^^^^^^^^^^^
.venv/lib/python3.12/site-packages/sqlalchemy/util/langhelpers.py:122: in __exit__
    raise exc_value.with_traceback(exc_tb)
.venv/lib/python3.12/site-packages/sqlalchemy/pool/base.py:896: in __connect
    self.dbapi_connection = connection = pool._invoke_creator(self)
                                         ^^^^^^^^^^^^^^^^^^^^^^^^^^
.venv/lib/python3.12/site-packages/sqlalchemy/engine/create.py:667: in connect
    return dialect.connect(*cargs_tup, **cparams)
           ^^^^^^^^^^^^^^^^^^^^^^^^^^^^^^^^^^^^^^
.venv/lib/python3.12/site-packages/sqlalchemy/engine/default.py:630: in connect
    return self.loaded_dbapi.connect(*cargs, **cparams)  # type: ignore[no-any-return]  # NOQA: E501
           ^^^^^^^^^^^^^^^^^^^^^^^^^^^^^^^^^^^^^^^^^^^^
.venv/lib/python3.12/site-packages/psycopg/connection.py:126: in connect
    raise last_ex.with_traceback(None)
E   psycopg.OperationalError: connection failed: connection to server at "127.0.0.1", port 55432 failed: could not receive data from server: Connection refused

The above exception was the direct cause of the following exception:
tests/integration/conftest.py:24: in engine
    with administrative.connect() as connection:
         ^^^^^^^^^^^^^^^^^^^^^^^^
.venv/lib/python3.12/site-packages/sqlalchemy/engine/base.py:3295: in connect
    return self._connection_cls(self)
           ^^^^^^^^^^^^^^^^^^^^^^^^^^
.venv/lib/python3.12/site-packages/sqlalchemy/engine/base.py:146: in __init__
    Connection._handle_dbapi_exception_noconnection(
.venv/lib/python3.12/site-packages/sqlalchemy/engine/base.py:2450: in _handle_dbapi_exception_noconnection
    raise sqlalchemy_exception.with_traceback(exc_info[2]) from e
.venv/lib/python3.12/site-packages/sqlalchemy/engine/base.py:144: in __init__
    self._dbapi_connection = engine.raw_connection()
                             ^^^^^^^^^^^^^^^^^^^^^^^
.venv/lib/python3.12/site-packages/sqlalchemy/engine/base.py:3319: in raw_connection
    return self.pool.connect()
           ^^^^^^^^^^^^^^^^^^^
.venv/lib/python3.12/site-packages/sqlalchemy/pool/base.py:448: in connect
    return _ConnectionFairy._checkout(self)
           ^^^^^^^^^^^^^^^^^^^^^^^^^^^^^^^^
.venv/lib/python3.12/site-packages/sqlalchemy/pool/base.py:1290: in _checkout
    fairy = _ConnectionRecord.checkout(pool)
            ^^^^^^^^^^^^^^^^^^^^^^^^^^^^^^^^
.venv/lib/python3.12/site-packages/sqlalchemy/pool/base.py:712: in checkout
    rec = pool._do_get()
          ^^^^^^^^^^^^^^
.venv/lib/python3.12/site-packages/sqlalchemy/pool/impl.py:178: in _do_get
    with util.safe_reraise():
         ^^^^^^^^^^^^^^^^^^^
.venv/lib/python3.12/site-packages/sqlalchemy/util/langhelpers.py:122: in __exit__
    raise exc_value.with_traceback(exc_tb)
.venv/lib/python3.12/site-packages/sqlalchemy/pool/impl.py:176: in _do_get
    return self._create_connection()
           ^^^^^^^^^^^^^^^^^^^^^^^^^
.venv/lib/python3.12/site-packages/sqlalchemy/pool/base.py:389: in _create_connection
    return _ConnectionRecord(self)
           ^^^^^^^^^^^^^^^^^^^^^^^
.venv/lib/python3.12/site-packages/sqlalchemy/pool/base.py:674: in __init__
    self.__connect()
.venv/lib/python3.12/site-packages/sqlalchemy/pool/base.py:900: in __connect
    with util.safe_reraise():
         ^^^^^^^^^^^^^^^^^^^
.venv/lib/python3.12/site-packages/sqlalchemy/util/langhelpers.py:122: in __exit__
    raise exc_value.with_traceback(exc_tb)
.venv/lib/python3.12/site-packages/sqlalchemy/pool/base.py:896: in __connect
    self.dbapi_connection = connection = pool._invoke_creator(self)
                                         ^^^^^^^^^^^^^^^^^^^^^^^^^^
.venv/lib/python3.12/site-packages/sqlalchemy/engine/create.py:667: in connect
    return dialect.connect(*cargs_tup, **cparams)
           ^^^^^^^^^^^^^^^^^^^^^^^^^^^^^^^^^^^^^^
.venv/lib/python3.12/site-packages/sqlalchemy/engine/default.py:630: in connect
    return self.loaded_dbapi.connect(*cargs, **cparams)  # type: ignore[no-any-return]  # NOQA: E501
           ^^^^^^^^^^^^^^^^^^^^^^^^^^^^^^^^^^^^^^^^^^^^
.venv/lib/python3.12/site-packages/psycopg/connection.py:126: in connect
    raise last_ex.with_traceback(None)
E   sqlalchemy.exc.OperationalError: (psycopg.OperationalError) connection failed: connection to server at "127.0.0.1", port 55432 failed: could not receive data from server: Connection refused
E   (Background on this error at: https://sqlalche.me/e/20/e3q8)
______ ERROR at setup of test_resource_permissions_and_immutable_versions ______
.venv/lib/python3.12/site-packages/sqlalchemy/engine/base.py:144: in __init__
    self._dbapi_connection = engine.raw_connection()
                             ^^^^^^^^^^^^^^^^^^^^^^^
.venv/lib/python3.12/site-packages/sqlalchemy/engine/base.py:3319: in raw_connection
    return self.pool.connect()
           ^^^^^^^^^^^^^^^^^^^
.venv/lib/python3.12/site-packages/sqlalchemy/pool/base.py:448: in connect
    return _ConnectionFairy._checkout(self)
           ^^^^^^^^^^^^^^^^^^^^^^^^^^^^^^^^
.venv/lib/python3.12/site-packages/sqlalchemy/pool/base.py:1290: in _checkout
    fairy = _ConnectionRecord.checkout(pool)
            ^^^^^^^^^^^^^^^^^^^^^^^^^^^^^^^^
.venv/lib/python3.12/site-packages/sqlalchemy/pool/base.py:712: in checkout
    rec = pool._do_get()
          ^^^^^^^^^^^^^^
.venv/lib/python3.12/site-packages/sqlalchemy/pool/impl.py:178: in _do_get
    with util.safe_reraise():
         ^^^^^^^^^^^^^^^^^^^
.venv/lib/python3.12/site-packages/sqlalchemy/util/langhelpers.py:122: in __exit__
    raise exc_value.with_traceback(exc_tb)
.venv/lib/python3.12/site-packages/sqlalchemy/pool/impl.py:176: in _do_get
    return self._create_connection()
           ^^^^^^^^^^^^^^^^^^^^^^^^^
.venv/lib/python3.12/site-packages/sqlalchemy/pool/base.py:389: in _create_connection
    return _ConnectionRecord(self)
           ^^^^^^^^^^^^^^^^^^^^^^^
.venv/lib/python3.12/site-packages/sqlalchemy/pool/base.py:674: in __init__
    self.__connect()
.venv/lib/python3.12/site-packages/sqlalchemy/pool/base.py:900: in __connect
    with util.safe_reraise():
         ^^^^^^^^^^^^^^^^^^^
.venv/lib/python3.12/site-packages/sqlalchemy/util/langhelpers.py:122: in __exit__
    raise exc_value.with_traceback(exc_tb)
.venv/lib/python3.12/site-packages/sqlalchemy/pool/base.py:896: in __connect
    self.dbapi_connection = connection = pool._invoke_creator(self)
                                         ^^^^^^^^^^^^^^^^^^^^^^^^^^
.venv/lib/python3.12/site-packages/sqlalchemy/engine/create.py:667: in connect
    return dialect.connect(*cargs_tup, **cparams)
           ^^^^^^^^^^^^^^^^^^^^^^^^^^^^^^^^^^^^^^
.venv/lib/python3.12/site-packages/sqlalchemy/engine/default.py:630: in connect
    return self.loaded_dbapi.connect(*cargs, **cparams)  # type: ignore[no-any-return]  # NOQA: E501
           ^^^^^^^^^^^^^^^^^^^^^^^^^^^^^^^^^^^^^^^^^^^^
.venv/lib/python3.12/site-packages/psycopg/connection.py:126: in connect
    raise last_ex.with_traceback(None)
E   psycopg.OperationalError: connection failed: connection to server at "127.0.0.1", port 55432 failed: could not receive data from server: Connection refused

The above exception was the direct cause of the following exception:
tests/integration/conftest.py:24: in engine
    with administrative.connect() as connection:
         ^^^^^^^^^^^^^^^^^^^^^^^^
.venv/lib/python3.12/site-packages/sqlalchemy/engine/base.py:3295: in connect
    return self._connection_cls(self)
           ^^^^^^^^^^^^^^^^^^^^^^^^^^
.venv/lib/python3.12/site-packages/sqlalchemy/engine/base.py:146: in __init__
    Connection._handle_dbapi_exception_noconnection(
.venv/lib/python3.12/site-packages/sqlalchemy/engine/base.py:2450: in _handle_dbapi_exception_noconnection
    raise sqlalchemy_exception.with_traceback(exc_info[2]) from e
.venv/lib/python3.12/site-packages/sqlalchemy/engine/base.py:144: in __init__
    self._dbapi_connection = engine.raw_connection()
                             ^^^^^^^^^^^^^^^^^^^^^^^
.venv/lib/python3.12/site-packages/sqlalchemy/engine/base.py:3319: in raw_connection
    return self.pool.connect()
           ^^^^^^^^^^^^^^^^^^^
.venv/lib/python3.12/site-packages/sqlalchemy/pool/base.py:448: in connect
    return _ConnectionFairy._checkout(self)
           ^^^^^^^^^^^^^^^^^^^^^^^^^^^^^^^^
.venv/lib/python3.12/site-packages/sqlalchemy/pool/base.py:1290: in _checkout
    fairy = _ConnectionRecord.checkout(pool)
            ^^^^^^^^^^^^^^^^^^^^^^^^^^^^^^^^
.venv/lib/python3.12/site-packages/sqlalchemy/pool/base.py:712: in checkout
    rec = pool._do_get()
          ^^^^^^^^^^^^^^
.venv/lib/python3.12/site-packages/sqlalchemy/pool/impl.py:178: in _do_get
    with util.safe_reraise():
         ^^^^^^^^^^^^^^^^^^^
.venv/lib/python3.12/site-packages/sqlalchemy/util/langhelpers.py:122: in __exit__
    raise exc_value.with_traceback(exc_tb)
.venv/lib/python3.12/site-packages/sqlalchemy/pool/impl.py:176: in _do_get
    return self._create_connection()
           ^^^^^^^^^^^^^^^^^^^^^^^^^
.venv/lib/python3.12/site-packages/sqlalchemy/pool/base.py:389: in _create_connection
    return _ConnectionRecord(self)
           ^^^^^^^^^^^^^^^^^^^^^^^
.venv/lib/python3.12/site-packages/sqlalchemy/pool/base.py:674: in __init__
    self.__connect()
.venv/lib/python3.12/site-packages/sqlalchemy/pool/base.py:900: in __connect
    with util.safe_reraise():
         ^^^^^^^^^^^^^^^^^^^
.venv/lib/python3.12/site-packages/sqlalchemy/util/langhelpers.py:122: in __exit__
    raise exc_value.with_traceback(exc_tb)
.venv/lib/python3.12/site-packages/sqlalchemy/pool/base.py:896: in __connect
    self.dbapi_connection = connection = pool._invoke_creator(self)
                                         ^^^^^^^^^^^^^^^^^^^^^^^^^^
.venv/lib/python3.12/site-packages/sqlalchemy/engine/create.py:667: in connect
    return dialect.connect(*cargs_tup, **cparams)
           ^^^^^^^^^^^^^^^^^^^^^^^^^^^^^^^^^^^^^^
.venv/lib/python3.12/site-packages/sqlalchemy/engine/default.py:630: in connect
    return self.loaded_dbapi.connect(*cargs, **cparams)  # type: ignore[no-any-return]  # NOQA: E501
           ^^^^^^^^^^^^^^^^^^^^^^^^^^^^^^^^^^^^^^^^^^^^
.venv/lib/python3.12/site-packages/psycopg/connection.py:126: in connect
    raise last_ex.with_traceback(None)
E   sqlalchemy.exc.OperationalError: (psycopg.OperationalError) connection failed: connection to server at "127.0.0.1", port 55432 failed: could not receive data from server: Connection refused
E   (Background on this error at: https://sqlalche.me/e/20/e3q8)
__________ ERROR at setup of test_foreign_key_rejects_orphan_versions __________
.venv/lib/python3.12/site-packages/sqlalchemy/engine/base.py:144: in __init__
    self._dbapi_connection = engine.raw_connection()
                             ^^^^^^^^^^^^^^^^^^^^^^^
.venv/lib/python3.12/site-packages/sqlalchemy/engine/base.py:3319: in raw_connection
    return self.pool.connect()
           ^^^^^^^^^^^^^^^^^^^
.venv/lib/python3.12/site-packages/sqlalchemy/pool/base.py:448: in connect
    return _ConnectionFairy._checkout(self)
           ^^^^^^^^^^^^^^^^^^^^^^^^^^^^^^^^
.venv/lib/python3.12/site-packages/sqlalchemy/pool/base.py:1290: in _checkout
    fairy = _ConnectionRecord.checkout(pool)
            ^^^^^^^^^^^^^^^^^^^^^^^^^^^^^^^^
.venv/lib/python3.12/site-packages/sqlalchemy/pool/base.py:712: in checkout
    rec = pool._do_get()
          ^^^^^^^^^^^^^^
.venv/lib/python3.12/site-packages/sqlalchemy/pool/impl.py:178: in _do_get
    with util.safe_reraise():
         ^^^^^^^^^^^^^^^^^^^
.venv/lib/python3.12/site-packages/sqlalchemy/util/langhelpers.py:122: in __exit__
    raise exc_value.with_traceback(exc_tb)
.venv/lib/python3.12/site-packages/sqlalchemy/pool/impl.py:176: in _do_get
    return self._create_connection()
           ^^^^^^^^^^^^^^^^^^^^^^^^^
.venv/lib/python3.12/site-packages/sqlalchemy/pool/base.py:389: in _create_connection
    return _ConnectionRecord(self)
           ^^^^^^^^^^^^^^^^^^^^^^^
.venv/lib/python3.12/site-packages/sqlalchemy/pool/base.py:674: in __init__
    self.__connect()
.venv/lib/python3.12/site-packages/sqlalchemy/pool/base.py:900: in __connect
    with util.safe_reraise():
         ^^^^^^^^^^^^^^^^^^^
.venv/lib/python3.12/site-packages/sqlalchemy/util/langhelpers.py:122: in __exit__
    raise exc_value.with_traceback(exc_tb)
.venv/lib/python3.12/site-packages/sqlalchemy/pool/base.py:896: in __connect
    self.dbapi_connection = connection = pool._invoke_creator(self)
                                         ^^^^^^^^^^^^^^^^^^^^^^^^^^
.venv/lib/python3.12/site-packages/sqlalchemy/engine/create.py:667: in connect
    return dialect.connect(*cargs_tup, **cparams)
           ^^^^^^^^^^^^^^^^^^^^^^^^^^^^^^^^^^^^^^
.venv/lib/python3.12/site-packages/sqlalchemy/engine/default.py:630: in connect
    return self.loaded_dbapi.connect(*cargs, **cparams)  # type: ignore[no-any-return]  # NOQA: E501
           ^^^^^^^^^^^^^^^^^^^^^^^^^^^^^^^^^^^^^^^^^^^^
.venv/lib/python3.12/site-packages/psycopg/connection.py:126: in connect
    raise last_ex.with_traceback(None)
E   psycopg.OperationalError: connection failed: connection to server at "127.0.0.1", port 55432 failed: could not receive data from server: Connection refused

The above exception was the direct cause of the following exception:
tests/integration/conftest.py:24: in engine
    with administrative.connect() as connection:
         ^^^^^^^^^^^^^^^^^^^^^^^^
.venv/lib/python3.12/site-packages/sqlalchemy/engine/base.py:3295: in connect
    return self._connection_cls(self)
           ^^^^^^^^^^^^^^^^^^^^^^^^^^
.venv/lib/python3.12/site-packages/sqlalchemy/engine/base.py:146: in __init__
    Connection._handle_dbapi_exception_noconnection(
.venv/lib/python3.12/site-packages/sqlalchemy/engine/base.py:2450: in _handle_dbapi_exception_noconnection
    raise sqlalchemy_exception.with_traceback(exc_info[2]) from e
.venv/lib/python3.12/site-packages/sqlalchemy/engine/base.py:144: in __init__
    self._dbapi_connection = engine.raw_connection()
                             ^^^^^^^^^^^^^^^^^^^^^^^
.venv/lib/python3.12/site-packages/sqlalchemy/engine/base.py:3319: in raw_connection
    return self.pool.connect()
           ^^^^^^^^^^^^^^^^^^^
.venv/lib/python3.12/site-packages/sqlalchemy/pool/base.py:448: in connect
    return _ConnectionFairy._checkout(self)
           ^^^^^^^^^^^^^^^^^^^^^^^^^^^^^^^^
.venv/lib/python3.12/site-packages/sqlalchemy/pool/base.py:1290: in _checkout
    fairy = _ConnectionRecord.checkout(pool)
            ^^^^^^^^^^^^^^^^^^^^^^^^^^^^^^^^
.venv/lib/python3.12/site-packages/sqlalchemy/pool/base.py:712: in checkout
    rec = pool._do_get()
          ^^^^^^^^^^^^^^
.venv/lib/python3.12/site-packages/sqlalchemy/pool/impl.py:178: in _do_get
    with util.safe_reraise():
         ^^^^^^^^^^^^^^^^^^^
.venv/lib/python3.12/site-packages/sqlalchemy/util/langhelpers.py:122: in __exit__
    raise exc_value.with_traceback(exc_tb)
.venv/lib/python3.12/site-packages/sqlalchemy/pool/impl.py:176: in _do_get
    return self._create_connection()
           ^^^^^^^^^^^^^^^^^^^^^^^^^
.venv/lib/python3.12/site-packages/sqlalchemy/pool/base.py:389: in _create_connection
    return _ConnectionRecord(self)
           ^^^^^^^^^^^^^^^^^^^^^^^
.venv/lib/python3.12/site-packages/sqlalchemy/pool/base.py:674: in __init__
    self.__connect()
.venv/lib/python3.12/site-packages/sqlalchemy/pool/base.py:900: in __connect
    with util.safe_reraise():
         ^^^^^^^^^^^^^^^^^^^
.venv/lib/python3.12/site-packages/sqlalchemy/util/langhelpers.py:122: in __exit__
    raise exc_value.with_traceback(exc_tb)
.venv/lib/python3.12/site-packages/sqlalchemy/pool/base.py:896: in __connect
    self.dbapi_connection = connection = pool._invoke_creator(self)
                                         ^^^^^^^^^^^^^^^^^^^^^^^^^^
.venv/lib/python3.12/site-packages/sqlalchemy/engine/create.py:667: in connect
    return dialect.connect(*cargs_tup, **cparams)
           ^^^^^^^^^^^^^^^^^^^^^^^^^^^^^^^^^^^^^^
.venv/lib/python3.12/site-packages/sqlalchemy/engine/default.py:630: in connect
    return self.loaded_dbapi.connect(*cargs, **cparams)  # type: ignore[no-any-return]  # NOQA: E501
           ^^^^^^^^^^^^^^^^^^^^^^^^^^^^^^^^^^^^^^^^^^^^
.venv/lib/python3.12/site-packages/psycopg/connection.py:126: in connect
    raise last_ex.with_traceback(None)
E   sqlalchemy.exc.OperationalError: (psycopg.OperationalError) connection failed: connection to server at "127.0.0.1", port 55432 failed: could not receive data from server: Connection refused
E   (Background on this error at: https://sqlalche.me/e/20/e3q8)
_ ERROR at setup of test_plan_parse_recommend_build_share_artifact_then_run_real_workflow _
.venv/lib/python3.12/site-packages/sqlalchemy/engine/base.py:144: in __init__
    self._dbapi_connection = engine.raw_connection()
                             ^^^^^^^^^^^^^^^^^^^^^^^
.venv/lib/python3.12/site-packages/sqlalchemy/engine/base.py:3319: in raw_connection
    return self.pool.connect()
           ^^^^^^^^^^^^^^^^^^^
.venv/lib/python3.12/site-packages/sqlalchemy/pool/base.py:448: in connect
    return _ConnectionFairy._checkout(self)
           ^^^^^^^^^^^^^^^^^^^^^^^^^^^^^^^^
.venv/lib/python3.12/site-packages/sqlalchemy/pool/base.py:1290: in _checkout
    fairy = _ConnectionRecord.checkout(pool)
            ^^^^^^^^^^^^^^^^^^^^^^^^^^^^^^^^
.venv/lib/python3.12/site-packages/sqlalchemy/pool/base.py:712: in checkout
    rec = pool._do_get()
          ^^^^^^^^^^^^^^
.venv/lib/python3.12/site-packages/sqlalchemy/pool/impl.py:178: in _do_get
    with util.safe_reraise():
         ^^^^^^^^^^^^^^^^^^^
.venv/lib/python3.12/site-packages/sqlalchemy/util/langhelpers.py:122: in __exit__
    raise exc_value.with_traceback(exc_tb)
.venv/lib/python3.12/site-packages/sqlalchemy/pool/impl.py:176: in _do_get
    return self._create_connection()
           ^^^^^^^^^^^^^^^^^^^^^^^^^
.venv/lib/python3.12/site-packages/sqlalchemy/pool/base.py:389: in _create_connection
    return _ConnectionRecord(self)
           ^^^^^^^^^^^^^^^^^^^^^^^
.venv/lib/python3.12/site-packages/sqlalchemy/pool/base.py:674: in __init__
    self.__connect()
.venv/lib/python3.12/site-packages/sqlalchemy/pool/base.py:900: in __connect
    with util.safe_reraise():
         ^^^^^^^^^^^^^^^^^^^
.venv/lib/python3.12/site-packages/sqlalchemy/util/langhelpers.py:122: in __exit__
    raise exc_value.with_traceback(exc_tb)
.venv/lib/python3.12/site-packages/sqlalchemy/pool/base.py:896: in __connect
    self.dbapi_connection = connection = pool._invoke_creator(self)
                                         ^^^^^^^^^^^^^^^^^^^^^^^^^^
.venv/lib/python3.12/site-packages/sqlalchemy/engine/create.py:667: in connect
    return dialect.connect(*cargs_tup, **cparams)
           ^^^^^^^^^^^^^^^^^^^^^^^^^^^^^^^^^^^^^^
.venv/lib/python3.12/site-packages/sqlalchemy/engine/default.py:630: in connect
    return self.loaded_dbapi.connect(*cargs, **cparams)  # type: ignore[no-any-return]  # NOQA: E501
           ^^^^^^^^^^^^^^^^^^^^^^^^^^^^^^^^^^^^^^^^^^^^
.venv/lib/python3.12/site-packages/psycopg/connection.py:126: in connect
    raise last_ex.with_traceback(None)
E   psycopg.OperationalError: connection failed: connection to server at "127.0.0.1", port 55432 failed: could not receive data from server: Connection refused

The above exception was the direct cause of the following exception:
tests/integration/conftest.py:24: in engine
    with administrative.connect() as connection:
         ^^^^^^^^^^^^^^^^^^^^^^^^
.venv/lib/python3.12/site-packages/sqlalchemy/engine/base.py:3295: in connect
    return self._connection_cls(self)
           ^^^^^^^^^^^^^^^^^^^^^^^^^^
.venv/lib/python3.12/site-packages/sqlalchemy/engine/base.py:146: in __init__
    Connection._handle_dbapi_exception_noconnection(
.venv/lib/python3.12/site-packages/sqlalchemy/engine/base.py:2450: in _handle_dbapi_exception_noconnection
    raise sqlalchemy_exception.with_traceback(exc_info[2]) from e
.venv/lib/python3.12/site-packages/sqlalchemy/engine/base.py:144: in __init__
    self._dbapi_connection = engine.raw_connection()
                             ^^^^^^^^^^^^^^^^^^^^^^^
.venv/lib/python3.12/site-packages/sqlalchemy/engine/base.py:3319: in raw_connection
    return self.pool.connect()
           ^^^^^^^^^^^^^^^^^^^
.venv/lib/python3.12/site-packages/sqlalchemy/pool/base.py:448: in connect
    return _ConnectionFairy._checkout(self)
           ^^^^^^^^^^^^^^^^^^^^^^^^^^^^^^^^
.venv/lib/python3.12/site-packages/sqlalchemy/pool/base.py:1290: in _checkout
    fairy = _ConnectionRecord.checkout(pool)
            ^^^^^^^^^^^^^^^^^^^^^^^^^^^^^^^^
.venv/lib/python3.12/site-packages/sqlalchemy/pool/base.py:712: in checkout
    rec = pool._do_get()
          ^^^^^^^^^^^^^^
.venv/lib/python3.12/site-packages/sqlalchemy/pool/impl.py:178: in _do_get
    with util.safe_reraise():
         ^^^^^^^^^^^^^^^^^^^
.venv/lib/python3.12/site-packages/sqlalchemy/util/langhelpers.py:122: in __exit__
    raise exc_value.with_traceback(exc_tb)
.venv/lib/python3.12/site-packages/sqlalchemy/pool/impl.py:176: in _do_get
    return self._create_connection()
           ^^^^^^^^^^^^^^^^^^^^^^^^^
.venv/lib/python3.12/site-packages/sqlalchemy/pool/base.py:389: in _create_connection
    return _ConnectionRecord(self)
           ^^^^^^^^^^^^^^^^^^^^^^^
.venv/lib/python3.12/site-packages/sqlalchemy/pool/base.py:674: in __init__
    self.__connect()
.venv/lib/python3.12/site-packages/sqlalchemy/pool/base.py:900: in __connect
    with util.safe_reraise():
         ^^^^^^^^^^^^^^^^^^^
.venv/lib/python3.12/site-packages/sqlalchemy/util/langhelpers.py:122: in __exit__
    raise exc_value.with_traceback(exc_tb)
.venv/lib/python3.12/site-packages/sqlalchemy/pool/base.py:896: in __connect
    self.dbapi_connection = connection = pool._invoke_creator(self)
                                         ^^^^^^^^^^^^^^^^^^^^^^^^^^
.venv/lib/python3.12/site-packages/sqlalchemy/engine/create.py:667: in connect
    return dialect.connect(*cargs_tup, **cparams)
           ^^^^^^^^^^^^^^^^^^^^^^^^^^^^^^^^^^^^^^
.venv/lib/python3.12/site-packages/sqlalchemy/engine/default.py:630: in connect
    return self.loaded_dbapi.connect(*cargs, **cparams)  # type: ignore[no-any-return]  # NOQA: E501
           ^^^^^^^^^^^^^^^^^^^^^^^^^^^^^^^^^^^^^^^^^^^^
.venv/lib/python3.12/site-packages/psycopg/connection.py:126: in connect
    raise last_ex.with_traceback(None)
E   sqlalchemy.exc.OperationalError: (psycopg.OperationalError) connection failed: connection to server at "127.0.0.1", port 55432 failed: could not receive data from server: Connection refused
E   (Background on this error at: https://sqlalche.me/e/20/e3q8)
_ ERROR at setup of test_unrecognized_goal_is_preserved_and_external_access_not_assumed _
.venv/lib/python3.12/site-packages/sqlalchemy/engine/base.py:144: in __init__
    self._dbapi_connection = engine.raw_connection()
                             ^^^^^^^^^^^^^^^^^^^^^^^
.venv/lib/python3.12/site-packages/sqlalchemy/engine/base.py:3319: in raw_connection
    return self.pool.connect()
           ^^^^^^^^^^^^^^^^^^^
.venv/lib/python3.12/site-packages/sqlalchemy/pool/base.py:448: in connect
    return _ConnectionFairy._checkout(self)
           ^^^^^^^^^^^^^^^^^^^^^^^^^^^^^^^^
.venv/lib/python3.12/site-packages/sqlalchemy/pool/base.py:1290: in _checkout
    fairy = _ConnectionRecord.checkout(pool)
            ^^^^^^^^^^^^^^^^^^^^^^^^^^^^^^^^
.venv/lib/python3.12/site-packages/sqlalchemy/pool/base.py:712: in checkout
    rec = pool._do_get()
          ^^^^^^^^^^^^^^
.venv/lib/python3.12/site-packages/sqlalchemy/pool/impl.py:178: in _do_get
    with util.safe_reraise():
         ^^^^^^^^^^^^^^^^^^^
.venv/lib/python3.12/site-packages/sqlalchemy/util/langhelpers.py:122: in __exit__
    raise exc_value.with_traceback(exc_tb)
.venv/lib/python3.12/site-packages/sqlalchemy/pool/impl.py:176: in _do_get
    return self._create_connection()
           ^^^^^^^^^^^^^^^^^^^^^^^^^
.venv/lib/python3.12/site-packages/sqlalchemy/pool/base.py:389: in _create_connection
    return _ConnectionRecord(self)
           ^^^^^^^^^^^^^^^^^^^^^^^
.venv/lib/python3.12/site-packages/sqlalchemy/pool/base.py:674: in __init__
    self.__connect()
.venv/lib/python3.12/site-packages/sqlalchemy/pool/base.py:900: in __connect
    with util.safe_reraise():
         ^^^^^^^^^^^^^^^^^^^
.venv/lib/python3.12/site-packages/sqlalchemy/util/langhelpers.py:122: in __exit__
    raise exc_value.with_traceback(exc_tb)
.venv/lib/python3.12/site-packages/sqlalchemy/pool/base.py:896: in __connect
    self.dbapi_connection = connection = pool._invoke_creator(self)
                                         ^^^^^^^^^^^^^^^^^^^^^^^^^^
.venv/lib/python3.12/site-packages/sqlalchemy/engine/create.py:667: in connect
    return dialect.connect(*cargs_tup, **cparams)
           ^^^^^^^^^^^^^^^^^^^^^^^^^^^^^^^^^^^^^^
.venv/lib/python3.12/site-packages/sqlalchemy/engine/default.py:630: in connect
    return self.loaded_dbapi.connect(*cargs, **cparams)  # type: ignore[no-any-return]  # NOQA: E501
           ^^^^^^^^^^^^^^^^^^^^^^^^^^^^^^^^^^^^^^^^^^^^
.venv/lib/python3.12/site-packages/psycopg/connection.py:126: in connect
    raise last_ex.with_traceback(None)
E   psycopg.OperationalError: connection failed: connection to server at "127.0.0.1", port 55432 failed: could not receive data from server: Connection refused

The above exception was the direct cause of the following exception:
tests/integration/conftest.py:24: in engine
    with administrative.connect() as connection:
         ^^^^^^^^^^^^^^^^^^^^^^^^
.venv/lib/python3.12/site-packages/sqlalchemy/engine/base.py:3295: in connect
    return self._connection_cls(self)
           ^^^^^^^^^^^^^^^^^^^^^^^^^^
.venv/lib/python3.12/site-packages/sqlalchemy/engine/base.py:146: in __init__
    Connection._handle_dbapi_exception_noconnection(
.venv/lib/python3.12/site-packages/sqlalchemy/engine/base.py:2450: in _handle_dbapi_exception_noconnection
    raise sqlalchemy_exception.with_traceback(exc_info[2]) from e
.venv/lib/python3.12/site-packages/sqlalchemy/engine/base.py:144: in __init__
    self._dbapi_connection = engine.raw_connection()
                             ^^^^^^^^^^^^^^^^^^^^^^^
.venv/lib/python3.12/site-packages/sqlalchemy/engine/base.py:3319: in raw_connection
    return self.pool.connect()
           ^^^^^^^^^^^^^^^^^^^
.venv/lib/python3.12/site-packages/sqlalchemy/pool/base.py:448: in connect
    return _ConnectionFairy._checkout(self)
           ^^^^^^^^^^^^^^^^^^^^^^^^^^^^^^^^
.venv/lib/python3.12/site-packages/sqlalchemy/pool/base.py:1290: in _checkout
    fairy = _ConnectionRecord.checkout(pool)
            ^^^^^^^^^^^^^^^^^^^^^^^^^^^^^^^^
.venv/lib/python3.12/site-packages/sqlalchemy/pool/base.py:712: in checkout
    rec = pool._do_get()
          ^^^^^^^^^^^^^^
.venv/lib/python3.12/site-packages/sqlalchemy/pool/impl.py:178: in _do_get
    with util.safe_reraise():
         ^^^^^^^^^^^^^^^^^^^
.venv/lib/python3.12/site-packages/sqlalchemy/util/langhelpers.py:122: in __exit__
    raise exc_value.with_traceback(exc_tb)
.venv/lib/python3.12/site-packages/sqlalchemy/pool/impl.py:176: in _do_get
    return self._create_connection()
           ^^^^^^^^^^^^^^^^^^^^^^^^^
.venv/lib/python3.12/site-packages/sqlalchemy/pool/base.py:389: in _create_connection
    return _ConnectionRecord(self)
           ^^^^^^^^^^^^^^^^^^^^^^^
.venv/lib/python3.12/site-packages/sqlalchemy/pool/base.py:674: in __init__
    self.__connect()
.venv/lib/python3.12/site-packages/sqlalchemy/pool/base.py:900: in __connect
    with util.safe_reraise():
         ^^^^^^^^^^^^^^^^^^^
.venv/lib/python3.12/site-packages/sqlalchemy/util/langhelpers.py:122: in __exit__
    raise exc_value.with_traceback(exc_tb)
.venv/lib/python3.12/site-packages/sqlalchemy/pool/base.py:896: in __connect
    self.dbapi_connection = connection = pool._invoke_creator(self)
                                         ^^^^^^^^^^^^^^^^^^^^^^^^^^
.venv/lib/python3.12/site-packages/sqlalchemy/engine/create.py:667: in connect
    return dialect.connect(*cargs_tup, **cparams)
           ^^^^^^^^^^^^^^^^^^^^^^^^^^^^^^^^^^^^^^
.venv/lib/python3.12/site-packages/sqlalchemy/engine/default.py:630: in connect
    return self.loaded_dbapi.connect(*cargs, **cparams)  # type: ignore[no-any-return]  # NOQA: E501
           ^^^^^^^^^^^^^^^^^^^^^^^^^^^^^^^^^^^^^^^^^^^^
.venv/lib/python3.12/site-packages/psycopg/connection.py:126: in connect
    raise last_ex.with_traceback(None)
E   sqlalchemy.exc.OperationalError: (psycopg.OperationalError) connection failed: connection to server at "127.0.0.1", port 55432 failed: could not receive data from server: Connection refused
E   (Background on this error at: https://sqlalche.me/e/20/e3q8)
_ ERROR at setup of test_external_endpoints_use_one_trace_and_do_not_export_source_uris _
.venv/lib/python3.12/site-packages/sqlalchemy/engine/base.py:144: in __init__
    self._dbapi_connection = engine.raw_connection()
                             ^^^^^^^^^^^^^^^^^^^^^^^
.venv/lib/python3.12/site-packages/sqlalchemy/engine/base.py:3319: in raw_connection
    return self.pool.connect()
           ^^^^^^^^^^^^^^^^^^^
.venv/lib/python3.12/site-packages/sqlalchemy/pool/base.py:448: in connect
    return _ConnectionFairy._checkout(self)
           ^^^^^^^^^^^^^^^^^^^^^^^^^^^^^^^^
.venv/lib/python3.12/site-packages/sqlalchemy/pool/base.py:1290: in _checkout
    fairy = _ConnectionRecord.checkout(pool)
            ^^^^^^^^^^^^^^^^^^^^^^^^^^^^^^^^
.venv/lib/python3.12/site-packages/sqlalchemy/pool/base.py:712: in checkout
    rec = pool._do_get()
          ^^^^^^^^^^^^^^
.venv/lib/python3.12/site-packages/sqlalchemy/pool/impl.py:178: in _do_get
    with util.safe_reraise():
         ^^^^^^^^^^^^^^^^^^^
.venv/lib/python3.12/site-packages/sqlalchemy/util/langhelpers.py:122: in __exit__
    raise exc_value.with_traceback(exc_tb)
.venv/lib/python3.12/site-packages/sqlalchemy/pool/impl.py:176: in _do_get
    return self._create_connection()
           ^^^^^^^^^^^^^^^^^^^^^^^^^
.venv/lib/python3.12/site-packages/sqlalchemy/pool/base.py:389: in _create_connection
    return _ConnectionRecord(self)
           ^^^^^^^^^^^^^^^^^^^^^^^
.venv/lib/python3.12/site-packages/sqlalchemy/pool/base.py:674: in __init__
    self.__connect()
.venv/lib/python3.12/site-packages/sqlalchemy/pool/base.py:900: in __connect
    with util.safe_reraise():
         ^^^^^^^^^^^^^^^^^^^
.venv/lib/python3.12/site-packages/sqlalchemy/util/langhelpers.py:122: in __exit__
    raise exc_value.with_traceback(exc_tb)
.venv/lib/python3.12/site-packages/sqlalchemy/pool/base.py:896: in __connect
    self.dbapi_connection = connection = pool._invoke_creator(self)
                                         ^^^^^^^^^^^^^^^^^^^^^^^^^^
.venv/lib/python3.12/site-packages/sqlalchemy/engine/create.py:667: in connect
    return dialect.connect(*cargs_tup, **cparams)
           ^^^^^^^^^^^^^^^^^^^^^^^^^^^^^^^^^^^^^^
.venv/lib/python3.12/site-packages/sqlalchemy/engine/default.py:630: in connect
    return self.loaded_dbapi.connect(*cargs, **cparams)  # type: ignore[no-any-return]  # NOQA: E501
           ^^^^^^^^^^^^^^^^^^^^^^^^^^^^^^^^^^^^^^^^^^^^
.venv/lib/python3.12/site-packages/psycopg/connection.py:126: in connect
    raise last_ex.with_traceback(None)
E   psycopg.OperationalError: connection failed: connection to server at "127.0.0.1", port 55432 failed: could not receive data from server: Connection refused

The above exception was the direct cause of the following exception:
tests/integration/conftest.py:24: in engine
    with administrative.connect() as connection:
         ^^^^^^^^^^^^^^^^^^^^^^^^
.venv/lib/python3.12/site-packages/sqlalchemy/engine/base.py:3295: in connect
    return self._connection_cls(self)
           ^^^^^^^^^^^^^^^^^^^^^^^^^^
.venv/lib/python3.12/site-packages/sqlalchemy/engine/base.py:146: in __init__
    Connection._handle_dbapi_exception_noconnection(
.venv/lib/python3.12/site-packages/sqlalchemy/engine/base.py:2450: in _handle_dbapi_exception_noconnection
    raise sqlalchemy_exception.with_traceback(exc_info[2]) from e
.venv/lib/python3.12/site-packages/sqlalchemy/engine/base.py:144: in __init__
    self._dbapi_connection = engine.raw_connection()
                             ^^^^^^^^^^^^^^^^^^^^^^^
.venv/lib/python3.12/site-packages/sqlalchemy/engine/base.py:3319: in raw_connection
    return self.pool.connect()
           ^^^^^^^^^^^^^^^^^^^
.venv/lib/python3.12/site-packages/sqlalchemy/pool/base.py:448: in connect
    return _ConnectionFairy._checkout(self)
           ^^^^^^^^^^^^^^^^^^^^^^^^^^^^^^^^
.venv/lib/python3.12/site-packages/sqlalchemy/pool/base.py:1290: in _checkout
    fairy = _ConnectionRecord.checkout(pool)
            ^^^^^^^^^^^^^^^^^^^^^^^^^^^^^^^^
.venv/lib/python3.12/site-packages/sqlalchemy/pool/base.py:712: in checkout
    rec = pool._do_get()
          ^^^^^^^^^^^^^^
.venv/lib/python3.12/site-packages/sqlalchemy/pool/impl.py:178: in _do_get
    with util.safe_reraise():
         ^^^^^^^^^^^^^^^^^^^
.venv/lib/python3.12/site-packages/sqlalchemy/util/langhelpers.py:122: in __exit__
    raise exc_value.with_traceback(exc_tb)
.venv/lib/python3.12/site-packages/sqlalchemy/pool/impl.py:176: in _do_get
    return self._create_connection()
           ^^^^^^^^^^^^^^^^^^^^^^^^^
.venv/lib/python3.12/site-packages/sqlalchemy/pool/base.py:389: in _create_connection
    return _ConnectionRecord(self)
           ^^^^^^^^^^^^^^^^^^^^^^^
.venv/lib/python3.12/site-packages/sqlalchemy/pool/base.py:674: in __init__
    self.__connect()
.venv/lib/python3.12/site-packages/sqlalchemy/pool/base.py:900: in __connect
    with util.safe_reraise():
         ^^^^^^^^^^^^^^^^^^^
.venv/lib/python3.12/site-packages/sqlalchemy/util/langhelpers.py:122: in __exit__
    raise exc_value.with_traceback(exc_tb)
.venv/lib/python3.12/site-packages/sqlalchemy/pool/base.py:896: in __connect
    self.dbapi_connection = connection = pool._invoke_creator(self)
                                         ^^^^^^^^^^^^^^^^^^^^^^^^^^
.venv/lib/python3.12/site-packages/sqlalchemy/engine/create.py:667: in connect
    return dialect.connect(*cargs_tup, **cparams)
           ^^^^^^^^^^^^^^^^^^^^^^^^^^^^^^^^^^^^^^
.venv/lib/python3.12/site-packages/sqlalchemy/engine/default.py:630: in connect
    return self.loaded_dbapi.connect(*cargs, **cparams)  # type: ignore[no-any-return]  # NOQA: E501
           ^^^^^^^^^^^^^^^^^^^^^^^^^^^^^^^^^^^^^^^^^^^^
.venv/lib/python3.12/site-packages/psycopg/connection.py:126: in connect
    raise last_ex.with_traceback(None)
E   sqlalchemy.exc.OperationalError: (psycopg.OperationalError) connection failed: connection to server at "127.0.0.1", port 55432 failed: could not receive data from server: Connection refused
E   (Background on this error at: https://sqlalche.me/e/20/e3q8)
_ ERROR at setup of test_shared_plan_budget_is_atomic_under_concurrent_endpoints _
.venv/lib/python3.12/site-packages/sqlalchemy/engine/base.py:144: in __init__
    self._dbapi_connection = engine.raw_connection()
                             ^^^^^^^^^^^^^^^^^^^^^^^
.venv/lib/python3.12/site-packages/sqlalchemy/engine/base.py:3319: in raw_connection
    return self.pool.connect()
           ^^^^^^^^^^^^^^^^^^^
.venv/lib/python3.12/site-packages/sqlalchemy/pool/base.py:448: in connect
    return _ConnectionFairy._checkout(self)
           ^^^^^^^^^^^^^^^^^^^^^^^^^^^^^^^^
.venv/lib/python3.12/site-packages/sqlalchemy/pool/base.py:1290: in _checkout
    fairy = _ConnectionRecord.checkout(pool)
            ^^^^^^^^^^^^^^^^^^^^^^^^^^^^^^^^
.venv/lib/python3.12/site-packages/sqlalchemy/pool/base.py:712: in checkout
    rec = pool._do_get()
          ^^^^^^^^^^^^^^
.venv/lib/python3.12/site-packages/sqlalchemy/pool/impl.py:178: in _do_get
    with util.safe_reraise():
         ^^^^^^^^^^^^^^^^^^^
.venv/lib/python3.12/site-packages/sqlalchemy/util/langhelpers.py:122: in __exit__
    raise exc_value.with_traceback(exc_tb)
.venv/lib/python3.12/site-packages/sqlalchemy/pool/impl.py:176: in _do_get
    return self._create_connection()
           ^^^^^^^^^^^^^^^^^^^^^^^^^
.venv/lib/python3.12/site-packages/sqlalchemy/pool/base.py:389: in _create_connection
    return _ConnectionRecord(self)
           ^^^^^^^^^^^^^^^^^^^^^^^
.venv/lib/python3.12/site-packages/sqlalchemy/pool/base.py:674: in __init__
    self.__connect()
.venv/lib/python3.12/site-packages/sqlalchemy/pool/base.py:900: in __connect
    with util.safe_reraise():
         ^^^^^^^^^^^^^^^^^^^
.venv/lib/python3.12/site-packages/sqlalchemy/util/langhelpers.py:122: in __exit__
    raise exc_value.with_traceback(exc_tb)
.venv/lib/python3.12/site-packages/sqlalchemy/pool/base.py:896: in __connect
    self.dbapi_connection = connection = pool._invoke_creator(self)
                                         ^^^^^^^^^^^^^^^^^^^^^^^^^^
.venv/lib/python3.12/site-packages/sqlalchemy/engine/create.py:667: in connect
    return dialect.connect(*cargs_tup, **cparams)
           ^^^^^^^^^^^^^^^^^^^^^^^^^^^^^^^^^^^^^^
.venv/lib/python3.12/site-packages/sqlalchemy/engine/default.py:630: in connect
    return self.loaded_dbapi.connect(*cargs, **cparams)  # type: ignore[no-any-return]  # NOQA: E501
           ^^^^^^^^^^^^^^^^^^^^^^^^^^^^^^^^^^^^^^^^^^^^
.venv/lib/python3.12/site-packages/psycopg/connection.py:126: in connect
    raise last_ex.with_traceback(None)
E   psycopg.OperationalError: connection failed: connection to server at "127.0.0.1", port 55432 failed: could not receive data from server: Connection refused

The above exception was the direct cause of the following exception:
tests/integration/conftest.py:24: in engine
    with administrative.connect() as connection:
         ^^^^^^^^^^^^^^^^^^^^^^^^
.venv/lib/python3.12/site-packages/sqlalchemy/engine/base.py:3295: in connect
    return self._connection_cls(self)
           ^^^^^^^^^^^^^^^^^^^^^^^^^^
.venv/lib/python3.12/site-packages/sqlalchemy/engine/base.py:146: in __init__
    Connection._handle_dbapi_exception_noconnection(
.venv/lib/python3.12/site-packages/sqlalchemy/engine/base.py:2450: in _handle_dbapi_exception_noconnection
    raise sqlalchemy_exception.with_traceback(exc_info[2]) from e
.venv/lib/python3.12/site-packages/sqlalchemy/engine/base.py:144: in __init__
    self._dbapi_connection = engine.raw_connection()
                             ^^^^^^^^^^^^^^^^^^^^^^^
.venv/lib/python3.12/site-packages/sqlalchemy/engine/base.py:3319: in raw_connection
    return self.pool.connect()
           ^^^^^^^^^^^^^^^^^^^
.venv/lib/python3.12/site-packages/sqlalchemy/pool/base.py:448: in connect
    return _ConnectionFairy._checkout(self)
           ^^^^^^^^^^^^^^^^^^^^^^^^^^^^^^^^
.venv/lib/python3.12/site-packages/sqlalchemy/pool/base.py:1290: in _checkout
    fairy = _ConnectionRecord.checkout(pool)
            ^^^^^^^^^^^^^^^^^^^^^^^^^^^^^^^^
.venv/lib/python3.12/site-packages/sqlalchemy/pool/base.py:712: in checkout
    rec = pool._do_get()
          ^^^^^^^^^^^^^^
.venv/lib/python3.12/site-packages/sqlalchemy/pool/impl.py:178: in _do_get
    with util.safe_reraise():
         ^^^^^^^^^^^^^^^^^^^
.venv/lib/python3.12/site-packages/sqlalchemy/util/langhelpers.py:122: in __exit__
    raise exc_value.with_traceback(exc_tb)
.venv/lib/python3.12/site-packages/sqlalchemy/pool/impl.py:176: in _do_get
    return self._create_connection()
           ^^^^^^^^^^^^^^^^^^^^^^^^^
.venv/lib/python3.12/site-packages/sqlalchemy/pool/base.py:389: in _create_connection
    return _ConnectionRecord(self)
           ^^^^^^^^^^^^^^^^^^^^^^^
.venv/lib/python3.12/site-packages/sqlalchemy/pool/base.py:674: in __init__
    self.__connect()
.venv/lib/python3.12/site-packages/sqlalchemy/pool/base.py:900: in __connect
    with util.safe_reraise():
         ^^^^^^^^^^^^^^^^^^^
.venv/lib/python3.12/site-packages/sqlalchemy/util/langhelpers.py:122: in __exit__
    raise exc_value.with_traceback(exc_tb)
.venv/lib/python3.12/site-packages/sqlalchemy/pool/base.py:896: in __connect
    self.dbapi_connection = connection = pool._invoke_creator(self)
                                         ^^^^^^^^^^^^^^^^^^^^^^^^^^
.venv/lib/python3.12/site-packages/sqlalchemy/engine/create.py:667: in connect
    return dialect.connect(*cargs_tup, **cparams)
           ^^^^^^^^^^^^^^^^^^^^^^^^^^^^^^^^^^^^^^
.venv/lib/python3.12/site-packages/sqlalchemy/engine/default.py:630: in connect
    return self.loaded_dbapi.connect(*cargs, **cparams)  # type: ignore[no-any-return]  # NOQA: E501
           ^^^^^^^^^^^^^^^^^^^^^^^^^^^^^^^^^^^^^^^^^^^^
.venv/lib/python3.12/site-packages/psycopg/connection.py:126: in connect
    raise last_ex.with_traceback(None)
E   sqlalchemy.exc.OperationalError: (psycopg.OperationalError) connection failed: connection to server at "127.0.0.1", port 55432 failed: could not receive data from server: Connection refused
E   (Background on this error at: https://sqlalche.me/e/20/e3q8)
__ ERROR at setup of test_trace_idempotency_is_scoped_and_cannot_reset_budget __
.venv/lib/python3.12/site-packages/sqlalchemy/engine/base.py:144: in __init__
    self._dbapi_connection = engine.raw_connection()
                             ^^^^^^^^^^^^^^^^^^^^^^^
.venv/lib/python3.12/site-packages/sqlalchemy/engine/base.py:3319: in raw_connection
    return self.pool.connect()
           ^^^^^^^^^^^^^^^^^^^
.venv/lib/python3.12/site-packages/sqlalchemy/pool/base.py:448: in connect
    return _ConnectionFairy._checkout(self)
           ^^^^^^^^^^^^^^^^^^^^^^^^^^^^^^^^
.venv/lib/python3.12/site-packages/sqlalchemy/pool/base.py:1290: in _checkout
    fairy = _ConnectionRecord.checkout(pool)
            ^^^^^^^^^^^^^^^^^^^^^^^^^^^^^^^^
.venv/lib/python3.12/site-packages/sqlalchemy/pool/base.py:712: in checkout
    rec = pool._do_get()
          ^^^^^^^^^^^^^^
.venv/lib/python3.12/site-packages/sqlalchemy/pool/impl.py:178: in _do_get
    with util.safe_reraise():
         ^^^^^^^^^^^^^^^^^^^
.venv/lib/python3.12/site-packages/sqlalchemy/util/langhelpers.py:122: in __exit__
    raise exc_value.with_traceback(exc_tb)
.venv/lib/python3.12/site-packages/sqlalchemy/pool/impl.py:176: in _do_get
    return self._create_connection()
           ^^^^^^^^^^^^^^^^^^^^^^^^^
.venv/lib/python3.12/site-packages/sqlalchemy/pool/base.py:389: in _create_connection
    return _ConnectionRecord(self)
           ^^^^^^^^^^^^^^^^^^^^^^^
.venv/lib/python3.12/site-packages/sqlalchemy/pool/base.py:674: in __init__
    self.__connect()
.venv/lib/python3.12/site-packages/sqlalchemy/pool/base.py:900: in __connect
    with util.safe_reraise():
         ^^^^^^^^^^^^^^^^^^^
.venv/lib/python3.12/site-packages/sqlalchemy/util/langhelpers.py:122: in __exit__
    raise exc_value.with_traceback(exc_tb)
.venv/lib/python3.12/site-packages/sqlalchemy/pool/base.py:896: in __connect
    self.dbapi_connection = connection = pool._invoke_creator(self)
                                         ^^^^^^^^^^^^^^^^^^^^^^^^^^
.venv/lib/python3.12/site-packages/sqlalchemy/engine/create.py:667: in connect
    return dialect.connect(*cargs_tup, **cparams)
           ^^^^^^^^^^^^^^^^^^^^^^^^^^^^^^^^^^^^^^
.venv/lib/python3.12/site-packages/sqlalchemy/engine/default.py:630: in connect
    return self.loaded_dbapi.connect(*cargs, **cparams)  # type: ignore[no-any-return]  # NOQA: E501
           ^^^^^^^^^^^^^^^^^^^^^^^^^^^^^^^^^^^^^^^^^^^^
.venv/lib/python3.12/site-packages/psycopg/connection.py:126: in connect
    raise last_ex.with_traceback(None)
E   psycopg.OperationalError: connection failed: connection to server at "127.0.0.1", port 55432 failed: could not receive data from server: Connection refused

The above exception was the direct cause of the following exception:
tests/integration/conftest.py:24: in engine
    with administrative.connect() as connection:
         ^^^^^^^^^^^^^^^^^^^^^^^^
.venv/lib/python3.12/site-packages/sqlalchemy/engine/base.py:3295: in connect
    return self._connection_cls(self)
           ^^^^^^^^^^^^^^^^^^^^^^^^^^
.venv/lib/python3.12/site-packages/sqlalchemy/engine/base.py:146: in __init__
    Connection._handle_dbapi_exception_noconnection(
.venv/lib/python3.12/site-packages/sqlalchemy/engine/base.py:2450: in _handle_dbapi_exception_noconnection
    raise sqlalchemy_exception.with_traceback(exc_info[2]) from e
.venv/lib/python3.12/site-packages/sqlalchemy/engine/base.py:144: in __init__
    self._dbapi_connection = engine.raw_connection()
                             ^^^^^^^^^^^^^^^^^^^^^^^
.venv/lib/python3.12/site-packages/sqlalchemy/engine/base.py:3319: in raw_connection
    return self.pool.connect()
           ^^^^^^^^^^^^^^^^^^^
.venv/lib/python3.12/site-packages/sqlalchemy/pool/base.py:448: in connect
    return _ConnectionFairy._checkout(self)
           ^^^^^^^^^^^^^^^^^^^^^^^^^^^^^^^^
.venv/lib/python3.12/site-packages/sqlalchemy/pool/base.py:1290: in _checkout
    fairy = _ConnectionRecord.checkout(pool)
            ^^^^^^^^^^^^^^^^^^^^^^^^^^^^^^^^
.venv/lib/python3.12/site-packages/sqlalchemy/pool/base.py:712: in checkout
    rec = pool._do_get()
          ^^^^^^^^^^^^^^
.venv/lib/python3.12/site-packages/sqlalchemy/pool/impl.py:178: in _do_get
    with util.safe_reraise():
         ^^^^^^^^^^^^^^^^^^^
.venv/lib/python3.12/site-packages/sqlalchemy/util/langhelpers.py:122: in __exit__
    raise exc_value.with_traceback(exc_tb)
.venv/lib/python3.12/site-packages/sqlalchemy/pool/impl.py:176: in _do_get
    return self._create_connection()
           ^^^^^^^^^^^^^^^^^^^^^^^^^
.venv/lib/python3.12/site-packages/sqlalchemy/pool/base.py:389: in _create_connection
    return _ConnectionRecord(self)
           ^^^^^^^^^^^^^^^^^^^^^^^
.venv/lib/python3.12/site-packages/sqlalchemy/pool/base.py:674: in __init__
    self.__connect()
.venv/lib/python3.12/site-packages/sqlalchemy/pool/base.py:900: in __connect
    with util.safe_reraise():
         ^^^^^^^^^^^^^^^^^^^
.venv/lib/python3.12/site-packages/sqlalchemy/util/langhelpers.py:122: in __exit__
    raise exc_value.with_traceback(exc_tb)
.venv/lib/python3.12/site-packages/sqlalchemy/pool/base.py:896: in __connect
    self.dbapi_connection = connection = pool._invoke_creator(self)
                                         ^^^^^^^^^^^^^^^^^^^^^^^^^^
.venv/lib/python3.12/site-packages/sqlalchemy/engine/create.py:667: in connect
    return dialect.connect(*cargs_tup, **cparams)
           ^^^^^^^^^^^^^^^^^^^^^^^^^^^^^^^^^^^^^^
.venv/lib/python3.12/site-packages/sqlalchemy/engine/default.py:630: in connect
    return self.loaded_dbapi.connect(*cargs, **cparams)  # type: ignore[no-any-return]  # NOQA: E501
           ^^^^^^^^^^^^^^^^^^^^^^^^^^^^^^^^^^^^^^^^^^^^
.venv/lib/python3.12/site-packages/psycopg/connection.py:126: in connect
    raise last_ex.with_traceback(None)
E   sqlalchemy.exc.OperationalError: (psycopg.OperationalError) connection failed: connection to server at "127.0.0.1", port 55432 failed: could not receive data from server: Connection refused
E   (Background on this error at: https://sqlalche.me/e/20/e3q8)
__ ERROR at setup of test_external_consent_and_fresh_permissions_are_required __
.venv/lib/python3.12/site-packages/sqlalchemy/engine/base.py:144: in __init__
    self._dbapi_connection = engine.raw_connection()
                             ^^^^^^^^^^^^^^^^^^^^^^^
.venv/lib/python3.12/site-packages/sqlalchemy/engine/base.py:3319: in raw_connection
    return self.pool.connect()
           ^^^^^^^^^^^^^^^^^^^
.venv/lib/python3.12/site-packages/sqlalchemy/pool/base.py:448: in connect
    return _ConnectionFairy._checkout(self)
           ^^^^^^^^^^^^^^^^^^^^^^^^^^^^^^^^
.venv/lib/python3.12/site-packages/sqlalchemy/pool/base.py:1290: in _checkout
    fairy = _ConnectionRecord.checkout(pool)
            ^^^^^^^^^^^^^^^^^^^^^^^^^^^^^^^^
.venv/lib/python3.12/site-packages/sqlalchemy/pool/base.py:712: in checkout
    rec = pool._do_get()
          ^^^^^^^^^^^^^^
.venv/lib/python3.12/site-packages/sqlalchemy/pool/impl.py:178: in _do_get
    with util.safe_reraise():
         ^^^^^^^^^^^^^^^^^^^
.venv/lib/python3.12/site-packages/sqlalchemy/util/langhelpers.py:122: in __exit__
    raise exc_value.with_traceback(exc_tb)
.venv/lib/python3.12/site-packages/sqlalchemy/pool/impl.py:176: in _do_get
    return self._create_connection()
           ^^^^^^^^^^^^^^^^^^^^^^^^^
.venv/lib/python3.12/site-packages/sqlalchemy/pool/base.py:389: in _create_connection
    return _ConnectionRecord(self)
           ^^^^^^^^^^^^^^^^^^^^^^^
.venv/lib/python3.12/site-packages/sqlalchemy/pool/base.py:674: in __init__
    self.__connect()
.venv/lib/python3.12/site-packages/sqlalchemy/pool/base.py:900: in __connect
    with util.safe_reraise():
         ^^^^^^^^^^^^^^^^^^^
.venv/lib/python3.12/site-packages/sqlalchemy/util/langhelpers.py:122: in __exit__
    raise exc_value.with_traceback(exc_tb)
.venv/lib/python3.12/site-packages/sqlalchemy/pool/base.py:896: in __connect
    self.dbapi_connection = connection = pool._invoke_creator(self)
                                         ^^^^^^^^^^^^^^^^^^^^^^^^^^
.venv/lib/python3.12/site-packages/sqlalchemy/engine/create.py:667: in connect
    return dialect.connect(*cargs_tup, **cparams)
           ^^^^^^^^^^^^^^^^^^^^^^^^^^^^^^^^^^^^^^
.venv/lib/python3.12/site-packages/sqlalchemy/engine/default.py:630: in connect
    return self.loaded_dbapi.connect(*cargs, **cparams)  # type: ignore[no-any-return]  # NOQA: E501
           ^^^^^^^^^^^^^^^^^^^^^^^^^^^^^^^^^^^^^^^^^^^^
.venv/lib/python3.12/site-packages/psycopg/connection.py:126: in connect
    raise last_ex.with_traceback(None)
E   psycopg.OperationalError: connection failed: connection to server at "127.0.0.1", port 55432 failed: could not receive data from server: Connection refused

The above exception was the direct cause of the following exception:
tests/integration/conftest.py:24: in engine
    with administrative.connect() as connection:
         ^^^^^^^^^^^^^^^^^^^^^^^^
.venv/lib/python3.12/site-packages/sqlalchemy/engine/base.py:3295: in connect
    return self._connection_cls(self)
           ^^^^^^^^^^^^^^^^^^^^^^^^^^
.venv/lib/python3.12/site-packages/sqlalchemy/engine/base.py:146: in __init__
    Connection._handle_dbapi_exception_noconnection(
.venv/lib/python3.12/site-packages/sqlalchemy/engine/base.py:2450: in _handle_dbapi_exception_noconnection
    raise sqlalchemy_exception.with_traceback(exc_info[2]) from e
.venv/lib/python3.12/site-packages/sqlalchemy/engine/base.py:144: in __init__
    self._dbapi_connection = engine.raw_connection()
                             ^^^^^^^^^^^^^^^^^^^^^^^
.venv/lib/python3.12/site-packages/sqlalchemy/engine/base.py:3319: in raw_connection
    return self.pool.connect()
           ^^^^^^^^^^^^^^^^^^^
.venv/lib/python3.12/site-packages/sqlalchemy/pool/base.py:448: in connect
    return _ConnectionFairy._checkout(self)
           ^^^^^^^^^^^^^^^^^^^^^^^^^^^^^^^^
.venv/lib/python3.12/site-packages/sqlalchemy/pool/base.py:1290: in _checkout
    fairy = _ConnectionRecord.checkout(pool)
            ^^^^^^^^^^^^^^^^^^^^^^^^^^^^^^^^
.venv/lib/python3.12/site-packages/sqlalchemy/pool/base.py:712: in checkout
    rec = pool._do_get()
          ^^^^^^^^^^^^^^
.venv/lib/python3.12/site-packages/sqlalchemy/pool/impl.py:178: in _do_get
    with util.safe_reraise():
         ^^^^^^^^^^^^^^^^^^^
.venv/lib/python3.12/site-packages/sqlalchemy/util/langhelpers.py:122: in __exit__
    raise exc_value.with_traceback(exc_tb)
.venv/lib/python3.12/site-packages/sqlalchemy/pool/impl.py:176: in _do_get
    return self._create_connection()
           ^^^^^^^^^^^^^^^^^^^^^^^^^
.venv/lib/python3.12/site-packages/sqlalchemy/pool/base.py:389: in _create_connection
    return _ConnectionRecord(self)
           ^^^^^^^^^^^^^^^^^^^^^^^
.venv/lib/python3.12/site-packages/sqlalchemy/pool/base.py:674: in __init__
    self.__connect()
.venv/lib/python3.12/site-packages/sqlalchemy/pool/base.py:900: in __connect
    with util.safe_reraise():
         ^^^^^^^^^^^^^^^^^^^
.venv/lib/python3.12/site-packages/sqlalchemy/util/langhelpers.py:122: in __exit__
    raise exc_value.with_traceback(exc_tb)
.venv/lib/python3.12/site-packages/sqlalchemy/pool/base.py:896: in __connect
    self.dbapi_connection = connection = pool._invoke_creator(self)
                                         ^^^^^^^^^^^^^^^^^^^^^^^^^^
.venv/lib/python3.12/site-packages/sqlalchemy/engine/create.py:667: in connect
    return dialect.connect(*cargs_tup, **cparams)
           ^^^^^^^^^^^^^^^^^^^^^^^^^^^^^^^^^^^^^^
.venv/lib/python3.12/site-packages/sqlalchemy/engine/default.py:630: in connect
    return self.loaded_dbapi.connect(*cargs, **cparams)  # type: ignore[no-any-return]  # NOQA: E501
           ^^^^^^^^^^^^^^^^^^^^^^^^^^^^^^^^^^^^^^^^^^^^
.venv/lib/python3.12/site-packages/psycopg/connection.py:126: in connect
    raise last_ex.with_traceback(None)
E   sqlalchemy.exc.OperationalError: (psycopg.OperationalError) connection failed: connection to server at "127.0.0.1", port 55432 failed: could not receive data from server: Connection refused
E   (Background on this error at: https://sqlalche.me/e/20/e3q8)
_ ERROR at setup of test_request_evidence_is_write_once_and_unknown_usage_stays_null _
.venv/lib/python3.12/site-packages/sqlalchemy/engine/base.py:144: in __init__
    self._dbapi_connection = engine.raw_connection()
                             ^^^^^^^^^^^^^^^^^^^^^^^
.venv/lib/python3.12/site-packages/sqlalchemy/engine/base.py:3319: in raw_connection
    return self.pool.connect()
           ^^^^^^^^^^^^^^^^^^^
.venv/lib/python3.12/site-packages/sqlalchemy/pool/base.py:448: in connect
    return _ConnectionFairy._checkout(self)
           ^^^^^^^^^^^^^^^^^^^^^^^^^^^^^^^^
.venv/lib/python3.12/site-packages/sqlalchemy/pool/base.py:1290: in _checkout
    fairy = _ConnectionRecord.checkout(pool)
            ^^^^^^^^^^^^^^^^^^^^^^^^^^^^^^^^
.venv/lib/python3.12/site-packages/sqlalchemy/pool/base.py:712: in checkout
    rec = pool._do_get()
          ^^^^^^^^^^^^^^
.venv/lib/python3.12/site-packages/sqlalchemy/pool/impl.py:178: in _do_get
    with util.safe_reraise():
         ^^^^^^^^^^^^^^^^^^^
.venv/lib/python3.12/site-packages/sqlalchemy/util/langhelpers.py:122: in __exit__
    raise exc_value.with_traceback(exc_tb)
.venv/lib/python3.12/site-packages/sqlalchemy/pool/impl.py:176: in _do_get
    return self._create_connection()
           ^^^^^^^^^^^^^^^^^^^^^^^^^
.venv/lib/python3.12/site-packages/sqlalchemy/pool/base.py:389: in _create_connection
    return _ConnectionRecord(self)
           ^^^^^^^^^^^^^^^^^^^^^^^
.venv/lib/python3.12/site-packages/sqlalchemy/pool/base.py:674: in __init__
    self.__connect()
.venv/lib/python3.12/site-packages/sqlalchemy/pool/base.py:900: in __connect
    with util.safe_reraise():
         ^^^^^^^^^^^^^^^^^^^
.venv/lib/python3.12/site-packages/sqlalchemy/util/langhelpers.py:122: in __exit__
    raise exc_value.with_traceback(exc_tb)
.venv/lib/python3.12/site-packages/sqlalchemy/pool/base.py:896: in __connect
    self.dbapi_connection = connection = pool._invoke_creator(self)
                                         ^^^^^^^^^^^^^^^^^^^^^^^^^^
.venv/lib/python3.12/site-packages/sqlalchemy/engine/create.py:667: in connect
    return dialect.connect(*cargs_tup, **cparams)
           ^^^^^^^^^^^^^^^^^^^^^^^^^^^^^^^^^^^^^^
.venv/lib/python3.12/site-packages/sqlalchemy/engine/default.py:630: in connect
    return self.loaded_dbapi.connect(*cargs, **cparams)  # type: ignore[no-any-return]  # NOQA: E501
           ^^^^^^^^^^^^^^^^^^^^^^^^^^^^^^^^^^^^^^^^^^^^
.venv/lib/python3.12/site-packages/psycopg/connection.py:126: in connect
    raise last_ex.with_traceback(None)
E   psycopg.OperationalError: connection failed: connection to server at "127.0.0.1", port 55432 failed: could not receive data from server: Connection refused

The above exception was the direct cause of the following exception:
tests/integration/conftest.py:24: in engine
    with administrative.connect() as connection:
         ^^^^^^^^^^^^^^^^^^^^^^^^
.venv/lib/python3.12/site-packages/sqlalchemy/engine/base.py:3295: in connect
    return self._connection_cls(self)
           ^^^^^^^^^^^^^^^^^^^^^^^^^^
.venv/lib/python3.12/site-packages/sqlalchemy/engine/base.py:146: in __init__
    Connection._handle_dbapi_exception_noconnection(
.venv/lib/python3.12/site-packages/sqlalchemy/engine/base.py:2450: in _handle_dbapi_exception_noconnection
    raise sqlalchemy_exception.with_traceback(exc_info[2]) from e
.venv/lib/python3.12/site-packages/sqlalchemy/engine/base.py:144: in __init__
    self._dbapi_connection = engine.raw_connection()
                             ^^^^^^^^^^^^^^^^^^^^^^^
.venv/lib/python3.12/site-packages/sqlalchemy/engine/base.py:3319: in raw_connection
    return self.pool.connect()
           ^^^^^^^^^^^^^^^^^^^
.venv/lib/python3.12/site-packages/sqlalchemy/pool/base.py:448: in connect
    return _ConnectionFairy._checkout(self)
           ^^^^^^^^^^^^^^^^^^^^^^^^^^^^^^^^
.venv/lib/python3.12/site-packages/sqlalchemy/pool/base.py:1290: in _checkout
    fairy = _ConnectionRecord.checkout(pool)
            ^^^^^^^^^^^^^^^^^^^^^^^^^^^^^^^^
.venv/lib/python3.12/site-packages/sqlalchemy/pool/base.py:712: in checkout
    rec = pool._do_get()
          ^^^^^^^^^^^^^^
.venv/lib/python3.12/site-packages/sqlalchemy/pool/impl.py:178: in _do_get
    with util.safe_reraise():
         ^^^^^^^^^^^^^^^^^^^
.venv/lib/python3.12/site-packages/sqlalchemy/util/langhelpers.py:122: in __exit__
    raise exc_value.with_traceback(exc_tb)
.venv/lib/python3.12/site-packages/sqlalchemy/pool/impl.py:176: in _do_get
    return self._create_connection()
           ^^^^^^^^^^^^^^^^^^^^^^^^^
.venv/lib/python3.12/site-packages/sqlalchemy/pool/base.py:389: in _create_connection
    return _ConnectionRecord(self)
           ^^^^^^^^^^^^^^^^^^^^^^^
.venv/lib/python3.12/site-packages/sqlalchemy/pool/base.py:674: in __init__
    self.__connect()
.venv/lib/python3.12/site-packages/sqlalchemy/pool/base.py:900: in __connect
    with util.safe_reraise():
         ^^^^^^^^^^^^^^^^^^^
.venv/lib/python3.12/site-packages/sqlalchemy/util/langhelpers.py:122: in __exit__
    raise exc_value.with_traceback(exc_tb)
.venv/lib/python3.12/site-packages/sqlalchemy/pool/base.py:896: in __connect
    self.dbapi_connection = connection = pool._invoke_creator(self)
                                         ^^^^^^^^^^^^^^^^^^^^^^^^^^
.venv/lib/python3.12/site-packages/sqlalchemy/engine/create.py:667: in connect
    return dialect.connect(*cargs_tup, **cparams)
           ^^^^^^^^^^^^^^^^^^^^^^^^^^^^^^^^^^^^^^
.venv/lib/python3.12/site-packages/sqlalchemy/engine/default.py:630: in connect
    return self.loaded_dbapi.connect(*cargs, **cparams)  # type: ignore[no-any-return]  # NOQA: E501
           ^^^^^^^^^^^^^^^^^^^^^^^^^^^^^^^^^^^^^^^^^^^^
.venv/lib/python3.12/site-packages/psycopg/connection.py:126: in connect
    raise last_ex.with_traceback(None)
E   sqlalchemy.exc.OperationalError: (psycopg.OperationalError) connection failed: connection to server at "127.0.0.1", port 55432 failed: could not receive data from server: Connection refused
E   (Background on this error at: https://sqlalche.me/e/20/e3q8)
_ ERROR at setup of test_workflow_dependencies_protect_referenced_versions_from_archive _
.venv/lib/python3.12/site-packages/sqlalchemy/engine/base.py:144: in __init__
    self._dbapi_connection = engine.raw_connection()
                             ^^^^^^^^^^^^^^^^^^^^^^^
.venv/lib/python3.12/site-packages/sqlalchemy/engine/base.py:3319: in raw_connection
    return self.pool.connect()
           ^^^^^^^^^^^^^^^^^^^
.venv/lib/python3.12/site-packages/sqlalchemy/pool/base.py:448: in connect
    return _ConnectionFairy._checkout(self)
           ^^^^^^^^^^^^^^^^^^^^^^^^^^^^^^^^
.venv/lib/python3.12/site-packages/sqlalchemy/pool/base.py:1290: in _checkout
    fairy = _ConnectionRecord.checkout(pool)
            ^^^^^^^^^^^^^^^^^^^^^^^^^^^^^^^^
.venv/lib/python3.12/site-packages/sqlalchemy/pool/base.py:712: in checkout
    rec = pool._do_get()
          ^^^^^^^^^^^^^^
.venv/lib/python3.12/site-packages/sqlalchemy/pool/impl.py:178: in _do_get
    with util.safe_reraise():
         ^^^^^^^^^^^^^^^^^^^
.venv/lib/python3.12/site-packages/sqlalchemy/util/langhelpers.py:122: in __exit__
    raise exc_value.with_traceback(exc_tb)
.venv/lib/python3.12/site-packages/sqlalchemy/pool/impl.py:176: in _do_get
    return self._create_connection()
           ^^^^^^^^^^^^^^^^^^^^^^^^^
.venv/lib/python3.12/site-packages/sqlalchemy/pool/base.py:389: in _create_connection
    return _ConnectionRecord(self)
           ^^^^^^^^^^^^^^^^^^^^^^^
.venv/lib/python3.12/site-packages/sqlalchemy/pool/base.py:674: in __init__
    self.__connect()
.venv/lib/python3.12/site-packages/sqlalchemy/pool/base.py:900: in __connect
    with util.safe_reraise():
         ^^^^^^^^^^^^^^^^^^^
.venv/lib/python3.12/site-packages/sqlalchemy/util/langhelpers.py:122: in __exit__
    raise exc_value.with_traceback(exc_tb)
.venv/lib/python3.12/site-packages/sqlalchemy/pool/base.py:896: in __connect
    self.dbapi_connection = connection = pool._invoke_creator(self)
                                         ^^^^^^^^^^^^^^^^^^^^^^^^^^
.venv/lib/python3.12/site-packages/sqlalchemy/engine/create.py:667: in connect
    return dialect.connect(*cargs_tup, **cparams)
           ^^^^^^^^^^^^^^^^^^^^^^^^^^^^^^^^^^^^^^
.venv/lib/python3.12/site-packages/sqlalchemy/engine/default.py:630: in connect
    return self.loaded_dbapi.connect(*cargs, **cparams)  # type: ignore[no-any-return]  # NOQA: E501
           ^^^^^^^^^^^^^^^^^^^^^^^^^^^^^^^^^^^^^^^^^^^^
.venv/lib/python3.12/site-packages/psycopg/connection.py:126: in connect
    raise last_ex.with_traceback(None)
E   psycopg.OperationalError: connection failed: connection to server at "127.0.0.1", port 55432 failed: could not receive data from server: Connection refused

The above exception was the direct cause of the following exception:
tests/integration/conftest.py:24: in engine
    with administrative.connect() as connection:
         ^^^^^^^^^^^^^^^^^^^^^^^^
.venv/lib/python3.12/site-packages/sqlalchemy/engine/base.py:3295: in connect
    return self._connection_cls(self)
           ^^^^^^^^^^^^^^^^^^^^^^^^^^
.venv/lib/python3.12/site-packages/sqlalchemy/engine/base.py:146: in __init__
    Connection._handle_dbapi_exception_noconnection(
.venv/lib/python3.12/site-packages/sqlalchemy/engine/base.py:2450: in _handle_dbapi_exception_noconnection
    raise sqlalchemy_exception.with_traceback(exc_info[2]) from e
.venv/lib/python3.12/site-packages/sqlalchemy/engine/base.py:144: in __init__
    self._dbapi_connection = engine.raw_connection()
                             ^^^^^^^^^^^^^^^^^^^^^^^
.venv/lib/python3.12/site-packages/sqlalchemy/engine/base.py:3319: in raw_connection
    return self.pool.connect()
           ^^^^^^^^^^^^^^^^^^^
.venv/lib/python3.12/site-packages/sqlalchemy/pool/base.py:448: in connect
    return _ConnectionFairy._checkout(self)
           ^^^^^^^^^^^^^^^^^^^^^^^^^^^^^^^^
.venv/lib/python3.12/site-packages/sqlalchemy/pool/base.py:1290: in _checkout
    fairy = _ConnectionRecord.checkout(pool)
            ^^^^^^^^^^^^^^^^^^^^^^^^^^^^^^^^
.venv/lib/python3.12/site-packages/sqlalchemy/pool/base.py:712: in checkout
    rec = pool._do_get()
          ^^^^^^^^^^^^^^
.venv/lib/python3.12/site-packages/sqlalchemy/pool/impl.py:178: in _do_get
    with util.safe_reraise():
         ^^^^^^^^^^^^^^^^^^^
.venv/lib/python3.12/site-packages/sqlalchemy/util/langhelpers.py:122: in __exit__
    raise exc_value.with_traceback(exc_tb)
.venv/lib/python3.12/site-packages/sqlalchemy/pool/impl.py:176: in _do_get
    return self._create_connection()
           ^^^^^^^^^^^^^^^^^^^^^^^^^
.venv/lib/python3.12/site-packages/sqlalchemy/pool/base.py:389: in _create_connection
    return _ConnectionRecord(self)
           ^^^^^^^^^^^^^^^^^^^^^^^
.venv/lib/python3.12/site-packages/sqlalchemy/pool/base.py:674: in __init__
    self.__connect()
.venv/lib/python3.12/site-packages/sqlalchemy/pool/base.py:900: in __connect
    with util.safe_reraise():
         ^^^^^^^^^^^^^^^^^^^
.venv/lib/python3.12/site-packages/sqlalchemy/util/langhelpers.py:122: in __exit__
    raise exc_value.with_traceback(exc_tb)
.venv/lib/python3.12/site-packages/sqlalchemy/pool/base.py:896: in __connect
    self.dbapi_connection = connection = pool._invoke_creator(self)
                                         ^^^^^^^^^^^^^^^^^^^^^^^^^^
.venv/lib/python3.12/site-packages/sqlalchemy/engine/create.py:667: in connect
    return dialect.connect(*cargs_tup, **cparams)
           ^^^^^^^^^^^^^^^^^^^^^^^^^^^^^^^^^^^^^^
.venv/lib/python3.12/site-packages/sqlalchemy/engine/default.py:630: in connect
    return self.loaded_dbapi.connect(*cargs, **cparams)  # type: ignore[no-any-return]  # NOQA: E501
           ^^^^^^^^^^^^^^^^^^^^^^^^^^^^^^^^^^^^^^^^^^^^
.venv/lib/python3.12/site-packages/psycopg/connection.py:126: in connect
    raise last_ex.with_traceback(None)
E   sqlalchemy.exc.OperationalError: (psycopg.OperationalError) connection failed: connection to server at "127.0.0.1", port 55432 failed: could not receive data from server: Connection refused
E   (Background on this error at: https://sqlalche.me/e/20/e3q8)
_ ERROR at setup of test_unused_resource_archive_preserves_history_and_checks_permissions _
.venv/lib/python3.12/site-packages/sqlalchemy/engine/base.py:144: in __init__
    self._dbapi_connection = engine.raw_connection()
                             ^^^^^^^^^^^^^^^^^^^^^^^
.venv/lib/python3.12/site-packages/sqlalchemy/engine/base.py:3319: in raw_connection
    return self.pool.connect()
           ^^^^^^^^^^^^^^^^^^^
.venv/lib/python3.12/site-packages/sqlalchemy/pool/base.py:448: in connect
    return _ConnectionFairy._checkout(self)
           ^^^^^^^^^^^^^^^^^^^^^^^^^^^^^^^^
.venv/lib/python3.12/site-packages/sqlalchemy/pool/base.py:1290: in _checkout
    fairy = _ConnectionRecord.checkout(pool)
            ^^^^^^^^^^^^^^^^^^^^^^^^^^^^^^^^
.venv/lib/python3.12/site-packages/sqlalchemy/pool/base.py:712: in checkout
    rec = pool._do_get()
          ^^^^^^^^^^^^^^
.venv/lib/python3.12/site-packages/sqlalchemy/pool/impl.py:178: in _do_get
    with util.safe_reraise():
         ^^^^^^^^^^^^^^^^^^^
.venv/lib/python3.12/site-packages/sqlalchemy/util/langhelpers.py:122: in __exit__
    raise exc_value.with_traceback(exc_tb)
.venv/lib/python3.12/site-packages/sqlalchemy/pool/impl.py:176: in _do_get
    return self._create_connection()
           ^^^^^^^^^^^^^^^^^^^^^^^^^
.venv/lib/python3.12/site-packages/sqlalchemy/pool/base.py:389: in _create_connection
    return _ConnectionRecord(self)
           ^^^^^^^^^^^^^^^^^^^^^^^
.venv/lib/python3.12/site-packages/sqlalchemy/pool/base.py:674: in __init__
    self.__connect()
.venv/lib/python3.12/site-packages/sqlalchemy/pool/base.py:900: in __connect
    with util.safe_reraise():
         ^^^^^^^^^^^^^^^^^^^
.venv/lib/python3.12/site-packages/sqlalchemy/util/langhelpers.py:122: in __exit__
    raise exc_value.with_traceback(exc_tb)
.venv/lib/python3.12/site-packages/sqlalchemy/pool/base.py:896: in __connect
    self.dbapi_connection = connection = pool._invoke_creator(self)
                                         ^^^^^^^^^^^^^^^^^^^^^^^^^^
.venv/lib/python3.12/site-packages/sqlalchemy/engine/create.py:667: in connect
    return dialect.connect(*cargs_tup, **cparams)
           ^^^^^^^^^^^^^^^^^^^^^^^^^^^^^^^^^^^^^^
.venv/lib/python3.12/site-packages/sqlalchemy/engine/default.py:630: in connect
    return self.loaded_dbapi.connect(*cargs, **cparams)  # type: ignore[no-any-return]  # NOQA: E501
           ^^^^^^^^^^^^^^^^^^^^^^^^^^^^^^^^^^^^^^^^^^^^
.venv/lib/python3.12/site-packages/psycopg/connection.py:126: in connect
    raise last_ex.with_traceback(None)
E   psycopg.OperationalError: connection failed: connection to server at "127.0.0.1", port 55432 failed: could not receive data from server: Connection refused

The above exception was the direct cause of the following exception:
tests/integration/conftest.py:24: in engine
    with administrative.connect() as connection:
         ^^^^^^^^^^^^^^^^^^^^^^^^
.venv/lib/python3.12/site-packages/sqlalchemy/engine/base.py:3295: in connect
    return self._connection_cls(self)
           ^^^^^^^^^^^^^^^^^^^^^^^^^^
.venv/lib/python3.12/site-packages/sqlalchemy/engine/base.py:146: in __init__
    Connection._handle_dbapi_exception_noconnection(
.venv/lib/python3.12/site-packages/sqlalchemy/engine/base.py:2450: in _handle_dbapi_exception_noconnection
    raise sqlalchemy_exception.with_traceback(exc_info[2]) from e
.venv/lib/python3.12/site-packages/sqlalchemy/engine/base.py:144: in __init__
    self._dbapi_connection = engine.raw_connection()
                             ^^^^^^^^^^^^^^^^^^^^^^^
.venv/lib/python3.12/site-packages/sqlalchemy/engine/base.py:3319: in raw_connection
    return self.pool.connect()
           ^^^^^^^^^^^^^^^^^^^
.venv/lib/python3.12/site-packages/sqlalchemy/pool/base.py:448: in connect
    return _ConnectionFairy._checkout(self)
           ^^^^^^^^^^^^^^^^^^^^^^^^^^^^^^^^
.venv/lib/python3.12/site-packages/sqlalchemy/pool/base.py:1290: in _checkout
    fairy = _ConnectionRecord.checkout(pool)
            ^^^^^^^^^^^^^^^^^^^^^^^^^^^^^^^^
.venv/lib/python3.12/site-packages/sqlalchemy/pool/base.py:712: in checkout
    rec = pool._do_get()
          ^^^^^^^^^^^^^^
.venv/lib/python3.12/site-packages/sqlalchemy/pool/impl.py:178: in _do_get
    with util.safe_reraise():
         ^^^^^^^^^^^^^^^^^^^
.venv/lib/python3.12/site-packages/sqlalchemy/util/langhelpers.py:122: in __exit__
    raise exc_value.with_traceback(exc_tb)
.venv/lib/python3.12/site-packages/sqlalchemy/pool/impl.py:176: in _do_get
    return self._create_connection()
           ^^^^^^^^^^^^^^^^^^^^^^^^^
.venv/lib/python3.12/site-packages/sqlalchemy/pool/base.py:389: in _create_connection
    return _ConnectionRecord(self)
           ^^^^^^^^^^^^^^^^^^^^^^^
.venv/lib/python3.12/site-packages/sqlalchemy/pool/base.py:674: in __init__
    self.__connect()
.venv/lib/python3.12/site-packages/sqlalchemy/pool/base.py:900: in __connect
    with util.safe_reraise():
         ^^^^^^^^^^^^^^^^^^^
.venv/lib/python3.12/site-packages/sqlalchemy/util/langhelpers.py:122: in __exit__
    raise exc_value.with_traceback(exc_tb)
.venv/lib/python3.12/site-packages/sqlalchemy/pool/base.py:896: in __connect
    self.dbapi_connection = connection = pool._invoke_creator(self)
                                         ^^^^^^^^^^^^^^^^^^^^^^^^^^
.venv/lib/python3.12/site-packages/sqlalchemy/engine/create.py:667: in connect
    return dialect.connect(*cargs_tup, **cparams)
           ^^^^^^^^^^^^^^^^^^^^^^^^^^^^^^^^^^^^^^
.venv/lib/python3.12/site-packages/sqlalchemy/engine/default.py:630: in connect
    return self.loaded_dbapi.connect(*cargs, **cparams)  # type: ignore[no-any-return]  # NOQA: E501
           ^^^^^^^^^^^^^^^^^^^^^^^^^^^^^^^^^^^^^^^^^^^^
.venv/lib/python3.12/site-packages/psycopg/connection.py:126: in connect
    raise last_ex.with_traceback(None)
E   sqlalchemy.exc.OperationalError: (psycopg.OperationalError) connection failed: connection to server at "127.0.0.1", port 55432 failed: could not receive data from server: Connection refused
E   (Background on this error at: https://sqlalche.me/e/20/e3q8)
_ ERROR at setup of test_workflow_cannot_reference_unavailable_or_foreign_project_data _
.venv/lib/python3.12/site-packages/sqlalchemy/engine/base.py:144: in __init__
    self._dbapi_connection = engine.raw_connection()
                             ^^^^^^^^^^^^^^^^^^^^^^^
.venv/lib/python3.12/site-packages/sqlalchemy/engine/base.py:3319: in raw_connection
    return self.pool.connect()
           ^^^^^^^^^^^^^^^^^^^
.venv/lib/python3.12/site-packages/sqlalchemy/pool/base.py:448: in connect
    return _ConnectionFairy._checkout(self)
           ^^^^^^^^^^^^^^^^^^^^^^^^^^^^^^^^
.venv/lib/python3.12/site-packages/sqlalchemy/pool/base.py:1290: in _checkout
    fairy = _ConnectionRecord.checkout(pool)
            ^^^^^^^^^^^^^^^^^^^^^^^^^^^^^^^^
.venv/lib/python3.12/site-packages/sqlalchemy/pool/base.py:712: in checkout
    rec = pool._do_get()
          ^^^^^^^^^^^^^^
.venv/lib/python3.12/site-packages/sqlalchemy/pool/impl.py:178: in _do_get
    with util.safe_reraise():
         ^^^^^^^^^^^^^^^^^^^
.venv/lib/python3.12/site-packages/sqlalchemy/util/langhelpers.py:122: in __exit__
    raise exc_value.with_traceback(exc_tb)
.venv/lib/python3.12/site-packages/sqlalchemy/pool/impl.py:176: in _do_get
    return self._create_connection()
           ^^^^^^^^^^^^^^^^^^^^^^^^^
.venv/lib/python3.12/site-packages/sqlalchemy/pool/base.py:389: in _create_connection
    return _ConnectionRecord(self)
           ^^^^^^^^^^^^^^^^^^^^^^^
.venv/lib/python3.12/site-packages/sqlalchemy/pool/base.py:674: in __init__
    self.__connect()
.venv/lib/python3.12/site-packages/sqlalchemy/pool/base.py:900: in __connect
    with util.safe_reraise():
         ^^^^^^^^^^^^^^^^^^^
.venv/lib/python3.12/site-packages/sqlalchemy/util/langhelpers.py:122: in __exit__
    raise exc_value.with_traceback(exc_tb)
.venv/lib/python3.12/site-packages/sqlalchemy/pool/base.py:896: in __connect
    self.dbapi_connection = connection = pool._invoke_creator(self)
                                         ^^^^^^^^^^^^^^^^^^^^^^^^^^
.venv/lib/python3.12/site-packages/sqlalchemy/engine/create.py:667: in connect
    return dialect.connect(*cargs_tup, **cparams)
           ^^^^^^^^^^^^^^^^^^^^^^^^^^^^^^^^^^^^^^
.venv/lib/python3.12/site-packages/sqlalchemy/engine/default.py:630: in connect
    return self.loaded_dbapi.connect(*cargs, **cparams)  # type: ignore[no-any-return]  # NOQA: E501
           ^^^^^^^^^^^^^^^^^^^^^^^^^^^^^^^^^^^^^^^^^^^^
.venv/lib/python3.12/site-packages/psycopg/connection.py:126: in connect
    raise last_ex.with_traceback(None)
E   psycopg.OperationalError: connection failed: connection to server at "127.0.0.1", port 55432 failed: could not receive data from server: Connection refused

The above exception was the direct cause of the following exception:
tests/integration/conftest.py:24: in engine
    with administrative.connect() as connection:
         ^^^^^^^^^^^^^^^^^^^^^^^^
.venv/lib/python3.12/site-packages/sqlalchemy/engine/base.py:3295: in connect
    return self._connection_cls(self)
           ^^^^^^^^^^^^^^^^^^^^^^^^^^
.venv/lib/python3.12/site-packages/sqlalchemy/engine/base.py:146: in __init__
    Connection._handle_dbapi_exception_noconnection(
.venv/lib/python3.12/site-packages/sqlalchemy/engine/base.py:2450: in _handle_dbapi_exception_noconnection
    raise sqlalchemy_exception.with_traceback(exc_info[2]) from e
.venv/lib/python3.12/site-packages/sqlalchemy/engine/base.py:144: in __init__
    self._dbapi_connection = engine.raw_connection()
                             ^^^^^^^^^^^^^^^^^^^^^^^
.venv/lib/python3.12/site-packages/sqlalchemy/engine/base.py:3319: in raw_connection
    return self.pool.connect()
           ^^^^^^^^^^^^^^^^^^^
.venv/lib/python3.12/site-packages/sqlalchemy/pool/base.py:448: in connect
    return _ConnectionFairy._checkout(self)
           ^^^^^^^^^^^^^^^^^^^^^^^^^^^^^^^^
.venv/lib/python3.12/site-packages/sqlalchemy/pool/base.py:1290: in _checkout
    fairy = _ConnectionRecord.checkout(pool)
            ^^^^^^^^^^^^^^^^^^^^^^^^^^^^^^^^
.venv/lib/python3.12/site-packages/sqlalchemy/pool/base.py:712: in checkout
    rec = pool._do_get()
          ^^^^^^^^^^^^^^
.venv/lib/python3.12/site-packages/sqlalchemy/pool/impl.py:178: in _do_get
    with util.safe_reraise():
         ^^^^^^^^^^^^^^^^^^^
.venv/lib/python3.12/site-packages/sqlalchemy/util/langhelpers.py:122: in __exit__
    raise exc_value.with_traceback(exc_tb)
.venv/lib/python3.12/site-packages/sqlalchemy/pool/impl.py:176: in _do_get
    return self._create_connection()
           ^^^^^^^^^^^^^^^^^^^^^^^^^
.venv/lib/python3.12/site-packages/sqlalchemy/pool/base.py:389: in _create_connection
    return _ConnectionRecord(self)
           ^^^^^^^^^^^^^^^^^^^^^^^
.venv/lib/python3.12/site-packages/sqlalchemy/pool/base.py:674: in __init__
    self.__connect()
.venv/lib/python3.12/site-packages/sqlalchemy/pool/base.py:900: in __connect
    with util.safe_reraise():
         ^^^^^^^^^^^^^^^^^^^
.venv/lib/python3.12/site-packages/sqlalchemy/util/langhelpers.py:122: in __exit__
    raise exc_value.with_traceback(exc_tb)
.venv/lib/python3.12/site-packages/sqlalchemy/pool/base.py:896: in __connect
    self.dbapi_connection = connection = pool._invoke_creator(self)
                                         ^^^^^^^^^^^^^^^^^^^^^^^^^^
.venv/lib/python3.12/site-packages/sqlalchemy/engine/create.py:667: in connect
    return dialect.connect(*cargs_tup, **cparams)
           ^^^^^^^^^^^^^^^^^^^^^^^^^^^^^^^^^^^^^^
.venv/lib/python3.12/site-packages/sqlalchemy/engine/default.py:630: in connect
    return self.loaded_dbapi.connect(*cargs, **cparams)  # type: ignore[no-any-return]  # NOQA: E501
           ^^^^^^^^^^^^^^^^^^^^^^^^^^^^^^^^^^^^^^^^^^^^
.venv/lib/python3.12/site-packages/psycopg/connection.py:126: in connect
    raise last_ex.with_traceback(None)
E   sqlalchemy.exc.OperationalError: (psycopg.OperationalError) connection failed: connection to server at "127.0.0.1", port 55432 failed: could not receive data from server: Connection refused
E   (Background on this error at: https://sqlalche.me/e/20/e3q8)
______ ERROR at setup of test_archive_cannot_race_new_workflow_reference _______
.venv/lib/python3.12/site-packages/sqlalchemy/engine/base.py:144: in __init__
    self._dbapi_connection = engine.raw_connection()
                             ^^^^^^^^^^^^^^^^^^^^^^^
.venv/lib/python3.12/site-packages/sqlalchemy/engine/base.py:3319: in raw_connection
    return self.pool.connect()
           ^^^^^^^^^^^^^^^^^^^
.venv/lib/python3.12/site-packages/sqlalchemy/pool/base.py:448: in connect
    return _ConnectionFairy._checkout(self)
           ^^^^^^^^^^^^^^^^^^^^^^^^^^^^^^^^
.venv/lib/python3.12/site-packages/sqlalchemy/pool/base.py:1290: in _checkout
    fairy = _ConnectionRecord.checkout(pool)
            ^^^^^^^^^^^^^^^^^^^^^^^^^^^^^^^^
.venv/lib/python3.12/site-packages/sqlalchemy/pool/base.py:712: in checkout
    rec = pool._do_get()
          ^^^^^^^^^^^^^^
.venv/lib/python3.12/site-packages/sqlalchemy/pool/impl.py:178: in _do_get
    with util.safe_reraise():
         ^^^^^^^^^^^^^^^^^^^
.venv/lib/python3.12/site-packages/sqlalchemy/util/langhelpers.py:122: in __exit__
    raise exc_value.with_traceback(exc_tb)
.venv/lib/python3.12/site-packages/sqlalchemy/pool/impl.py:176: in _do_get
    return self._create_connection()
           ^^^^^^^^^^^^^^^^^^^^^^^^^
.venv/lib/python3.12/site-packages/sqlalchemy/pool/base.py:389: in _create_connection
    return _ConnectionRecord(self)
           ^^^^^^^^^^^^^^^^^^^^^^^
.venv/lib/python3.12/site-packages/sqlalchemy/pool/base.py:674: in __init__
    self.__connect()
.venv/lib/python3.12/site-packages/sqlalchemy/pool/base.py:900: in __connect
    with util.safe_reraise():
         ^^^^^^^^^^^^^^^^^^^
.venv/lib/python3.12/site-packages/sqlalchemy/util/langhelpers.py:122: in __exit__
    raise exc_value.with_traceback(exc_tb)
.venv/lib/python3.12/site-packages/sqlalchemy/pool/base.py:896: in __connect
    self.dbapi_connection = connection = pool._invoke_creator(self)
                                         ^^^^^^^^^^^^^^^^^^^^^^^^^^
.venv/lib/python3.12/site-packages/sqlalchemy/engine/create.py:667: in connect
    return dialect.connect(*cargs_tup, **cparams)
           ^^^^^^^^^^^^^^^^^^^^^^^^^^^^^^^^^^^^^^
.venv/lib/python3.12/site-packages/sqlalchemy/engine/default.py:630: in connect
    return self.loaded_dbapi.connect(*cargs, **cparams)  # type: ignore[no-any-return]  # NOQA: E501
           ^^^^^^^^^^^^^^^^^^^^^^^^^^^^^^^^^^^^^^^^^^^^
.venv/lib/python3.12/site-packages/psycopg/connection.py:126: in connect
    raise last_ex.with_traceback(None)
E   psycopg.OperationalError: connection failed: connection to server at "127.0.0.1", port 55432 failed: could not receive data from server: Connection refused

The above exception was the direct cause of the following exception:
tests/integration/conftest.py:24: in engine
    with administrative.connect() as connection:
         ^^^^^^^^^^^^^^^^^^^^^^^^
.venv/lib/python3.12/site-packages/sqlalchemy/engine/base.py:3295: in connect
    return self._connection_cls(self)
           ^^^^^^^^^^^^^^^^^^^^^^^^^^
.venv/lib/python3.12/site-packages/sqlalchemy/engine/base.py:146: in __init__
    Connection._handle_dbapi_exception_noconnection(
.venv/lib/python3.12/site-packages/sqlalchemy/engine/base.py:2450: in _handle_dbapi_exception_noconnection
    raise sqlalchemy_exception.with_traceback(exc_info[2]) from e
.venv/lib/python3.12/site-packages/sqlalchemy/engine/base.py:144: in __init__
    self._dbapi_connection = engine.raw_connection()
                             ^^^^^^^^^^^^^^^^^^^^^^^
.venv/lib/python3.12/site-packages/sqlalchemy/engine/base.py:3319: in raw_connection
    return self.pool.connect()
           ^^^^^^^^^^^^^^^^^^^
.venv/lib/python3.12/site-packages/sqlalchemy/pool/base.py:448: in connect
    return _ConnectionFairy._checkout(self)
           ^^^^^^^^^^^^^^^^^^^^^^^^^^^^^^^^
.venv/lib/python3.12/site-packages/sqlalchemy/pool/base.py:1290: in _checkout
    fairy = _ConnectionRecord.checkout(pool)
            ^^^^^^^^^^^^^^^^^^^^^^^^^^^^^^^^
.venv/lib/python3.12/site-packages/sqlalchemy/pool/base.py:712: in checkout
    rec = pool._do_get()
          ^^^^^^^^^^^^^^
.venv/lib/python3.12/site-packages/sqlalchemy/pool/impl.py:178: in _do_get
    with util.safe_reraise():
         ^^^^^^^^^^^^^^^^^^^
.venv/lib/python3.12/site-packages/sqlalchemy/util/langhelpers.py:122: in __exit__
    raise exc_value.with_traceback(exc_tb)
.venv/lib/python3.12/site-packages/sqlalchemy/pool/impl.py:176: in _do_get
    return self._create_connection()
           ^^^^^^^^^^^^^^^^^^^^^^^^^
.venv/lib/python3.12/site-packages/sqlalchemy/pool/base.py:389: in _create_connection
    return _ConnectionRecord(self)
           ^^^^^^^^^^^^^^^^^^^^^^^
.venv/lib/python3.12/site-packages/sqlalchemy/pool/base.py:674: in __init__
    self.__connect()
.venv/lib/python3.12/site-packages/sqlalchemy/pool/base.py:900: in __connect
    with util.safe_reraise():
         ^^^^^^^^^^^^^^^^^^^
.venv/lib/python3.12/site-packages/sqlalchemy/util/langhelpers.py:122: in __exit__
    raise exc_value.with_traceback(exc_tb)
.venv/lib/python3.12/site-packages/sqlalchemy/pool/base.py:896: in __connect
    self.dbapi_connection = connection = pool._invoke_creator(self)
                                         ^^^^^^^^^^^^^^^^^^^^^^^^^^
.venv/lib/python3.12/site-packages/sqlalchemy/engine/create.py:667: in connect
    return dialect.connect(*cargs_tup, **cparams)
           ^^^^^^^^^^^^^^^^^^^^^^^^^^^^^^^^^^^^^^
.venv/lib/python3.12/site-packages/sqlalchemy/engine/default.py:630: in connect
    return self.loaded_dbapi.connect(*cargs, **cparams)  # type: ignore[no-any-return]  # NOQA: E501
           ^^^^^^^^^^^^^^^^^^^^^^^^^^^^^^^^^^^^^^^^^^^^
.venv/lib/python3.12/site-packages/psycopg/connection.py:126: in connect
    raise last_ex.with_traceback(None)
E   sqlalchemy.exc.OperationalError: (psycopg.OperationalError) connection failed: connection to server at "127.0.0.1", port 55432 failed: could not receive data from server: Connection refused
E   (Background on this error at: https://sqlalche.me/e/20/e3q8)
_ ERROR at setup of test_update_rechecks_version_after_lock_even_with_cached_orm_identity _
.venv/lib/python3.12/site-packages/sqlalchemy/engine/base.py:144: in __init__
    self._dbapi_connection = engine.raw_connection()
                             ^^^^^^^^^^^^^^^^^^^^^^^
.venv/lib/python3.12/site-packages/sqlalchemy/engine/base.py:3319: in raw_connection
    return self.pool.connect()
           ^^^^^^^^^^^^^^^^^^^
.venv/lib/python3.12/site-packages/sqlalchemy/pool/base.py:448: in connect
    return _ConnectionFairy._checkout(self)
           ^^^^^^^^^^^^^^^^^^^^^^^^^^^^^^^^
.venv/lib/python3.12/site-packages/sqlalchemy/pool/base.py:1290: in _checkout
    fairy = _ConnectionRecord.checkout(pool)
            ^^^^^^^^^^^^^^^^^^^^^^^^^^^^^^^^
.venv/lib/python3.12/site-packages/sqlalchemy/pool/base.py:712: in checkout
    rec = pool._do_get()
          ^^^^^^^^^^^^^^
.venv/lib/python3.12/site-packages/sqlalchemy/pool/impl.py:178: in _do_get
    with util.safe_reraise():
         ^^^^^^^^^^^^^^^^^^^
.venv/lib/python3.12/site-packages/sqlalchemy/util/langhelpers.py:122: in __exit__
    raise exc_value.with_traceback(exc_tb)
.venv/lib/python3.12/site-packages/sqlalchemy/pool/impl.py:176: in _do_get
    return self._create_connection()
           ^^^^^^^^^^^^^^^^^^^^^^^^^
.venv/lib/python3.12/site-packages/sqlalchemy/pool/base.py:389: in _create_connection
    return _ConnectionRecord(self)
           ^^^^^^^^^^^^^^^^^^^^^^^
.venv/lib/python3.12/site-packages/sqlalchemy/pool/base.py:674: in __init__
    self.__connect()
.venv/lib/python3.12/site-packages/sqlalchemy/pool/base.py:900: in __connect
    with util.safe_reraise():
         ^^^^^^^^^^^^^^^^^^^
.venv/lib/python3.12/site-packages/sqlalchemy/util/langhelpers.py:122: in __exit__
    raise exc_value.with_traceback(exc_tb)
.venv/lib/python3.12/site-packages/sqlalchemy/pool/base.py:896: in __connect
    self.dbapi_connection = connection = pool._invoke_creator(self)
                                         ^^^^^^^^^^^^^^^^^^^^^^^^^^
.venv/lib/python3.12/site-packages/sqlalchemy/engine/create.py:667: in connect
    return dialect.connect(*cargs_tup, **cparams)
           ^^^^^^^^^^^^^^^^^^^^^^^^^^^^^^^^^^^^^^
.venv/lib/python3.12/site-packages/sqlalchemy/engine/default.py:630: in connect
    return self.loaded_dbapi.connect(*cargs, **cparams)  # type: ignore[no-any-return]  # NOQA: E501
           ^^^^^^^^^^^^^^^^^^^^^^^^^^^^^^^^^^^^^^^^^^^^
.venv/lib/python3.12/site-packages/psycopg/connection.py:126: in connect
    raise last_ex.with_traceback(None)
E   psycopg.OperationalError: connection failed: connection to server at "127.0.0.1", port 55432 failed: could not receive data from server: Connection refused

The above exception was the direct cause of the following exception:
tests/integration/conftest.py:24: in engine
    with administrative.connect() as connection:
         ^^^^^^^^^^^^^^^^^^^^^^^^
.venv/lib/python3.12/site-packages/sqlalchemy/engine/base.py:3295: in connect
    return self._connection_cls(self)
           ^^^^^^^^^^^^^^^^^^^^^^^^^^
.venv/lib/python3.12/site-packages/sqlalchemy/engine/base.py:146: in __init__
    Connection._handle_dbapi_exception_noconnection(
.venv/lib/python3.12/site-packages/sqlalchemy/engine/base.py:2450: in _handle_dbapi_exception_noconnection
    raise sqlalchemy_exception.with_traceback(exc_info[2]) from e
.venv/lib/python3.12/site-packages/sqlalchemy/engine/base.py:144: in __init__
    self._dbapi_connection = engine.raw_connection()
                             ^^^^^^^^^^^^^^^^^^^^^^^
.venv/lib/python3.12/site-packages/sqlalchemy/engine/base.py:3319: in raw_connection
    return self.pool.connect()
           ^^^^^^^^^^^^^^^^^^^
.venv/lib/python3.12/site-packages/sqlalchemy/pool/base.py:448: in connect
    return _ConnectionFairy._checkout(self)
           ^^^^^^^^^^^^^^^^^^^^^^^^^^^^^^^^
.venv/lib/python3.12/site-packages/sqlalchemy/pool/base.py:1290: in _checkout
    fairy = _ConnectionRecord.checkout(pool)
            ^^^^^^^^^^^^^^^^^^^^^^^^^^^^^^^^
.venv/lib/python3.12/site-packages/sqlalchemy/pool/base.py:712: in checkout
    rec = pool._do_get()
          ^^^^^^^^^^^^^^
.venv/lib/python3.12/site-packages/sqlalchemy/pool/impl.py:178: in _do_get
    with util.safe_reraise():
         ^^^^^^^^^^^^^^^^^^^
.venv/lib/python3.12/site-packages/sqlalchemy/util/langhelpers.py:122: in __exit__
    raise exc_value.with_traceback(exc_tb)
.venv/lib/python3.12/site-packages/sqlalchemy/pool/impl.py:176: in _do_get
    return self._create_connection()
           ^^^^^^^^^^^^^^^^^^^^^^^^^
.venv/lib/python3.12/site-packages/sqlalchemy/pool/base.py:389: in _create_connection
    return _ConnectionRecord(self)
           ^^^^^^^^^^^^^^^^^^^^^^^
.venv/lib/python3.12/site-packages/sqlalchemy/pool/base.py:674: in __init__
    self.__connect()
.venv/lib/python3.12/site-packages/sqlalchemy/pool/base.py:900: in __connect
    with util.safe_reraise():
         ^^^^^^^^^^^^^^^^^^^
.venv/lib/python3.12/site-packages/sqlalchemy/util/langhelpers.py:122: in __exit__
    raise exc_value.with_traceback(exc_tb)
.venv/lib/python3.12/site-packages/sqlalchemy/pool/base.py:896: in __connect
    self.dbapi_connection = connection = pool._invoke_creator(self)
                                         ^^^^^^^^^^^^^^^^^^^^^^^^^^
.venv/lib/python3.12/site-packages/sqlalchemy/engine/create.py:667: in connect
    return dialect.connect(*cargs_tup, **cparams)
           ^^^^^^^^^^^^^^^^^^^^^^^^^^^^^^^^^^^^^^
.venv/lib/python3.12/site-packages/sqlalchemy/engine/default.py:630: in connect
    return self.loaded_dbapi.connect(*cargs, **cparams)  # type: ignore[no-any-return]  # NOQA: E501
           ^^^^^^^^^^^^^^^^^^^^^^^^^^^^^^^^^^^^^^^^^^^^
.venv/lib/python3.12/site-packages/psycopg/connection.py:126: in connect
    raise last_ex.with_traceback(None)
E   sqlalchemy.exc.OperationalError: (psycopg.OperationalError) connection failed: connection to server at "127.0.0.1", port 55432 failed: could not receive data from server: Connection refused
E   (Background on this error at: https://sqlalche.me/e/20/e3q8)
__ ERROR at setup of test_permission_revocation_invalidates_cached_membership __
.venv/lib/python3.12/site-packages/sqlalchemy/engine/base.py:144: in __init__
    self._dbapi_connection = engine.raw_connection()
                             ^^^^^^^^^^^^^^^^^^^^^^^
.venv/lib/python3.12/site-packages/sqlalchemy/engine/base.py:3319: in raw_connection
    return self.pool.connect()
           ^^^^^^^^^^^^^^^^^^^
.venv/lib/python3.12/site-packages/sqlalchemy/pool/base.py:448: in connect
    return _ConnectionFairy._checkout(self)
           ^^^^^^^^^^^^^^^^^^^^^^^^^^^^^^^^
.venv/lib/python3.12/site-packages/sqlalchemy/pool/base.py:1290: in _checkout
    fairy = _ConnectionRecord.checkout(pool)
            ^^^^^^^^^^^^^^^^^^^^^^^^^^^^^^^^
.venv/lib/python3.12/site-packages/sqlalchemy/pool/base.py:712: in checkout
    rec = pool._do_get()
          ^^^^^^^^^^^^^^
.venv/lib/python3.12/site-packages/sqlalchemy/pool/impl.py:178: in _do_get
    with util.safe_reraise():
         ^^^^^^^^^^^^^^^^^^^
.venv/lib/python3.12/site-packages/sqlalchemy/util/langhelpers.py:122: in __exit__
    raise exc_value.with_traceback(exc_tb)
.venv/lib/python3.12/site-packages/sqlalchemy/pool/impl.py:176: in _do_get
    return self._create_connection()
           ^^^^^^^^^^^^^^^^^^^^^^^^^
.venv/lib/python3.12/site-packages/sqlalchemy/pool/base.py:389: in _create_connection
    return _ConnectionRecord(self)
           ^^^^^^^^^^^^^^^^^^^^^^^
.venv/lib/python3.12/site-packages/sqlalchemy/pool/base.py:674: in __init__
    self.__connect()
.venv/lib/python3.12/site-packages/sqlalchemy/pool/base.py:900: in __connect
    with util.safe_reraise():
         ^^^^^^^^^^^^^^^^^^^
.venv/lib/python3.12/site-packages/sqlalchemy/util/langhelpers.py:122: in __exit__
    raise exc_value.with_traceback(exc_tb)
.venv/lib/python3.12/site-packages/sqlalchemy/pool/base.py:896: in __connect
    self.dbapi_connection = connection = pool._invoke_creator(self)
                                         ^^^^^^^^^^^^^^^^^^^^^^^^^^
.venv/lib/python3.12/site-packages/sqlalchemy/engine/create.py:667: in connect
    return dialect.connect(*cargs_tup, **cparams)
           ^^^^^^^^^^^^^^^^^^^^^^^^^^^^^^^^^^^^^^
.venv/lib/python3.12/site-packages/sqlalchemy/engine/default.py:630: in connect
    return self.loaded_dbapi.connect(*cargs, **cparams)  # type: ignore[no-any-return]  # NOQA: E501
           ^^^^^^^^^^^^^^^^^^^^^^^^^^^^^^^^^^^^^^^^^^^^
.venv/lib/python3.12/site-packages/psycopg/connection.py:126: in connect
    raise last_ex.with_traceback(None)
E   psycopg.OperationalError: connection failed: connection to server at "127.0.0.1", port 55432 failed: could not receive data from server: Connection refused

The above exception was the direct cause of the following exception:
tests/integration/conftest.py:24: in engine
    with administrative.connect() as connection:
         ^^^^^^^^^^^^^^^^^^^^^^^^
.venv/lib/python3.12/site-packages/sqlalchemy/engine/base.py:3295: in connect
    return self._connection_cls(self)
           ^^^^^^^^^^^^^^^^^^^^^^^^^^
.venv/lib/python3.12/site-packages/sqlalchemy/engine/base.py:146: in __init__
    Connection._handle_dbapi_exception_noconnection(
.venv/lib/python3.12/site-packages/sqlalchemy/engine/base.py:2450: in _handle_dbapi_exception_noconnection
    raise sqlalchemy_exception.with_traceback(exc_info[2]) from e
.venv/lib/python3.12/site-packages/sqlalchemy/engine/base.py:144: in __init__
    self._dbapi_connection = engine.raw_connection()
                             ^^^^^^^^^^^^^^^^^^^^^^^
.venv/lib/python3.12/site-packages/sqlalchemy/engine/base.py:3319: in raw_connection
    return self.pool.connect()
           ^^^^^^^^^^^^^^^^^^^
.venv/lib/python3.12/site-packages/sqlalchemy/pool/base.py:448: in connect
    return _ConnectionFairy._checkout(self)
           ^^^^^^^^^^^^^^^^^^^^^^^^^^^^^^^^
.venv/lib/python3.12/site-packages/sqlalchemy/pool/base.py:1290: in _checkout
    fairy = _ConnectionRecord.checkout(pool)
            ^^^^^^^^^^^^^^^^^^^^^^^^^^^^^^^^
.venv/lib/python3.12/site-packages/sqlalchemy/pool/base.py:712: in checkout
    rec = pool._do_get()
          ^^^^^^^^^^^^^^
.venv/lib/python3.12/site-packages/sqlalchemy/pool/impl.py:178: in _do_get
    with util.safe_reraise():
         ^^^^^^^^^^^^^^^^^^^
.venv/lib/python3.12/site-packages/sqlalchemy/util/langhelpers.py:122: in __exit__
    raise exc_value.with_traceback(exc_tb)
.venv/lib/python3.12/site-packages/sqlalchemy/pool/impl.py:176: in _do_get
    return self._create_connection()
           ^^^^^^^^^^^^^^^^^^^^^^^^^
.venv/lib/python3.12/site-packages/sqlalchemy/pool/base.py:389: in _create_connection
    return _ConnectionRecord(self)
           ^^^^^^^^^^^^^^^^^^^^^^^
.venv/lib/python3.12/site-packages/sqlalchemy/pool/base.py:674: in __init__
    self.__connect()
.venv/lib/python3.12/site-packages/sqlalchemy/pool/base.py:900: in __connect
    with util.safe_reraise():
         ^^^^^^^^^^^^^^^^^^^
.venv/lib/python3.12/site-packages/sqlalchemy/util/langhelpers.py:122: in __exit__
    raise exc_value.with_traceback(exc_tb)
.venv/lib/python3.12/site-packages/sqlalchemy/pool/base.py:896: in __connect
    self.dbapi_connection = connection = pool._invoke_creator(self)
                                         ^^^^^^^^^^^^^^^^^^^^^^^^^^
.venv/lib/python3.12/site-packages/sqlalchemy/engine/create.py:667: in connect
    return dialect.connect(*cargs_tup, **cparams)
           ^^^^^^^^^^^^^^^^^^^^^^^^^^^^^^^^^^^^^^
.venv/lib/python3.12/site-packages/sqlalchemy/engine/default.py:630: in connect
    return self.loaded_dbapi.connect(*cargs, **cparams)  # type: ignore[no-any-return]  # NOQA: E501
           ^^^^^^^^^^^^^^^^^^^^^^^^^^^^^^^^^^^^^^^^^^^^
.venv/lib/python3.12/site-packages/psycopg/connection.py:126: in connect
    raise last_ex.with_traceback(None)
E   sqlalchemy.exc.OperationalError: (psycopg.OperationalError) connection failed: connection to server at "127.0.0.1", port 55432 failed: could not receive data from server: Connection refused
E   (Background on this error at: https://sqlalche.me/e/20/e3q8)
_ ERROR at setup of test_invalid_update_does_not_stage_partial_version_when_error_is_caught _
.venv/lib/python3.12/site-packages/sqlalchemy/engine/base.py:144: in __init__
    self._dbapi_connection = engine.raw_connection()
                             ^^^^^^^^^^^^^^^^^^^^^^^
.venv/lib/python3.12/site-packages/sqlalchemy/engine/base.py:3319: in raw_connection
    return self.pool.connect()
           ^^^^^^^^^^^^^^^^^^^
.venv/lib/python3.12/site-packages/sqlalchemy/pool/base.py:448: in connect
    return _ConnectionFairy._checkout(self)
           ^^^^^^^^^^^^^^^^^^^^^^^^^^^^^^^^
.venv/lib/python3.12/site-packages/sqlalchemy/pool/base.py:1290: in _checkout
    fairy = _ConnectionRecord.checkout(pool)
            ^^^^^^^^^^^^^^^^^^^^^^^^^^^^^^^^
.venv/lib/python3.12/site-packages/sqlalchemy/pool/base.py:712: in checkout
    rec = pool._do_get()
          ^^^^^^^^^^^^^^
.venv/lib/python3.12/site-packages/sqlalchemy/pool/impl.py:178: in _do_get
    with util.safe_reraise():
         ^^^^^^^^^^^^^^^^^^^
.venv/lib/python3.12/site-packages/sqlalchemy/util/langhelpers.py:122: in __exit__
    raise exc_value.with_traceback(exc_tb)
.venv/lib/python3.12/site-packages/sqlalchemy/pool/impl.py:176: in _do_get
    return self._create_connection()
           ^^^^^^^^^^^^^^^^^^^^^^^^^
.venv/lib/python3.12/site-packages/sqlalchemy/pool/base.py:389: in _create_connection
    return _ConnectionRecord(self)
           ^^^^^^^^^^^^^^^^^^^^^^^
.venv/lib/python3.12/site-packages/sqlalchemy/pool/base.py:674: in __init__
    self.__connect()
.venv/lib/python3.12/site-packages/sqlalchemy/pool/base.py:900: in __connect
    with util.safe_reraise():
         ^^^^^^^^^^^^^^^^^^^
.venv/lib/python3.12/site-packages/sqlalchemy/util/langhelpers.py:122: in __exit__
    raise exc_value.with_traceback(exc_tb)
.venv/lib/python3.12/site-packages/sqlalchemy/pool/base.py:896: in __connect
    self.dbapi_connection = connection = pool._invoke_creator(self)
                                         ^^^^^^^^^^^^^^^^^^^^^^^^^^
.venv/lib/python3.12/site-packages/sqlalchemy/engine/create.py:667: in connect
    return dialect.connect(*cargs_tup, **cparams)
           ^^^^^^^^^^^^^^^^^^^^^^^^^^^^^^^^^^^^^^
.venv/lib/python3.12/site-packages/sqlalchemy/engine/default.py:630: in connect
    return self.loaded_dbapi.connect(*cargs, **cparams)  # type: ignore[no-any-return]  # NOQA: E501
           ^^^^^^^^^^^^^^^^^^^^^^^^^^^^^^^^^^^^^^^^^^^^
.venv/lib/python3.12/site-packages/psycopg/connection.py:126: in connect
    raise last_ex.with_traceback(None)
E   psycopg.OperationalError: connection failed: connection to server at "127.0.0.1", port 55432 failed: could not receive data from server: Connection refused

The above exception was the direct cause of the following exception:
tests/integration/conftest.py:24: in engine
    with administrative.connect() as connection:
         ^^^^^^^^^^^^^^^^^^^^^^^^
.venv/lib/python3.12/site-packages/sqlalchemy/engine/base.py:3295: in connect
    return self._connection_cls(self)
           ^^^^^^^^^^^^^^^^^^^^^^^^^^
.venv/lib/python3.12/site-packages/sqlalchemy/engine/base.py:146: in __init__
    Connection._handle_dbapi_exception_noconnection(
.venv/lib/python3.12/site-packages/sqlalchemy/engine/base.py:2450: in _handle_dbapi_exception_noconnection
    raise sqlalchemy_exception.with_traceback(exc_info[2]) from e
.venv/lib/python3.12/site-packages/sqlalchemy/engine/base.py:144: in __init__
    self._dbapi_connection = engine.raw_connection()
                             ^^^^^^^^^^^^^^^^^^^^^^^
.venv/lib/python3.12/site-packages/sqlalchemy/engine/base.py:3319: in raw_connection
    return self.pool.connect()
           ^^^^^^^^^^^^^^^^^^^
.venv/lib/python3.12/site-packages/sqlalchemy/pool/base.py:448: in connect
    return _ConnectionFairy._checkout(self)
           ^^^^^^^^^^^^^^^^^^^^^^^^^^^^^^^^
.venv/lib/python3.12/site-packages/sqlalchemy/pool/base.py:1290: in _checkout
    fairy = _ConnectionRecord.checkout(pool)
            ^^^^^^^^^^^^^^^^^^^^^^^^^^^^^^^^
.venv/lib/python3.12/site-packages/sqlalchemy/pool/base.py:712: in checkout
    rec = pool._do_get()
          ^^^^^^^^^^^^^^
.venv/lib/python3.12/site-packages/sqlalchemy/pool/impl.py:178: in _do_get
    with util.safe_reraise():
         ^^^^^^^^^^^^^^^^^^^
.venv/lib/python3.12/site-packages/sqlalchemy/util/langhelpers.py:122: in __exit__
    raise exc_value.with_traceback(exc_tb)
.venv/lib/python3.12/site-packages/sqlalchemy/pool/impl.py:176: in _do_get
    return self._create_connection()
           ^^^^^^^^^^^^^^^^^^^^^^^^^
.venv/lib/python3.12/site-packages/sqlalchemy/pool/base.py:389: in _create_connection
    return _ConnectionRecord(self)
           ^^^^^^^^^^^^^^^^^^^^^^^
.venv/lib/python3.12/site-packages/sqlalchemy/pool/base.py:674: in __init__
    self.__connect()
.venv/lib/python3.12/site-packages/sqlalchemy/pool/base.py:900: in __connect
    with util.safe_reraise():
         ^^^^^^^^^^^^^^^^^^^
.venv/lib/python3.12/site-packages/sqlalchemy/util/langhelpers.py:122: in __exit__
    raise exc_value.with_traceback(exc_tb)
.venv/lib/python3.12/site-packages/sqlalchemy/pool/base.py:896: in __connect
    self.dbapi_connection = connection = pool._invoke_creator(self)
                                         ^^^^^^^^^^^^^^^^^^^^^^^^^^
.venv/lib/python3.12/site-packages/sqlalchemy/engine/create.py:667: in connect
    return dialect.connect(*cargs_tup, **cparams)
           ^^^^^^^^^^^^^^^^^^^^^^^^^^^^^^^^^^^^^^
.venv/lib/python3.12/site-packages/sqlalchemy/engine/default.py:630: in connect
    return self.loaded_dbapi.connect(*cargs, **cparams)  # type: ignore[no-any-return]  # NOQA: E501
           ^^^^^^^^^^^^^^^^^^^^^^^^^^^^^^^^^^^^^^^^^^^^
.venv/lib/python3.12/site-packages/psycopg/connection.py:126: in connect
    raise last_ex.with_traceback(None)
E   sqlalchemy.exc.OperationalError: (psycopg.OperationalError) connection failed: connection to server at "127.0.0.1", port 55432 failed: could not receive data from server: Connection refused
E   (Background on this error at: https://sqlalche.me/e/20/e3q8)
___ ERROR at setup of test_run_api_builds_manifest_and_publishes_real_result ___
.venv/lib/python3.12/site-packages/sqlalchemy/engine/base.py:144: in __init__
    self._dbapi_connection = engine.raw_connection()
                             ^^^^^^^^^^^^^^^^^^^^^^^
.venv/lib/python3.12/site-packages/sqlalchemy/engine/base.py:3319: in raw_connection
    return self.pool.connect()
           ^^^^^^^^^^^^^^^^^^^
.venv/lib/python3.12/site-packages/sqlalchemy/pool/base.py:448: in connect
    return _ConnectionFairy._checkout(self)
           ^^^^^^^^^^^^^^^^^^^^^^^^^^^^^^^^
.venv/lib/python3.12/site-packages/sqlalchemy/pool/base.py:1290: in _checkout
    fairy = _ConnectionRecord.checkout(pool)
            ^^^^^^^^^^^^^^^^^^^^^^^^^^^^^^^^
.venv/lib/python3.12/site-packages/sqlalchemy/pool/base.py:712: in checkout
    rec = pool._do_get()
          ^^^^^^^^^^^^^^
.venv/lib/python3.12/site-packages/sqlalchemy/pool/impl.py:178: in _do_get
    with util.safe_reraise():
         ^^^^^^^^^^^^^^^^^^^
.venv/lib/python3.12/site-packages/sqlalchemy/util/langhelpers.py:122: in __exit__
    raise exc_value.with_traceback(exc_tb)
.venv/lib/python3.12/site-packages/sqlalchemy/pool/impl.py:176: in _do_get
    return self._create_connection()
           ^^^^^^^^^^^^^^^^^^^^^^^^^
.venv/lib/python3.12/site-packages/sqlalchemy/pool/base.py:389: in _create_connection
    return _ConnectionRecord(self)
           ^^^^^^^^^^^^^^^^^^^^^^^
.venv/lib/python3.12/site-packages/sqlalchemy/pool/base.py:674: in __init__
    self.__connect()
.venv/lib/python3.12/site-packages/sqlalchemy/pool/base.py:900: in __connect
    with util.safe_reraise():
         ^^^^^^^^^^^^^^^^^^^
.venv/lib/python3.12/site-packages/sqlalchemy/util/langhelpers.py:122: in __exit__
    raise exc_value.with_traceback(exc_tb)
.venv/lib/python3.12/site-packages/sqlalchemy/pool/base.py:896: in __connect
    self.dbapi_connection = connection = pool._invoke_creator(self)
                                         ^^^^^^^^^^^^^^^^^^^^^^^^^^
.venv/lib/python3.12/site-packages/sqlalchemy/engine/create.py:667: in connect
    return dialect.connect(*cargs_tup, **cparams)
           ^^^^^^^^^^^^^^^^^^^^^^^^^^^^^^^^^^^^^^
.venv/lib/python3.12/site-packages/sqlalchemy/engine/default.py:630: in connect
    return self.loaded_dbapi.connect(*cargs, **cparams)  # type: ignore[no-any-return]  # NOQA: E501
           ^^^^^^^^^^^^^^^^^^^^^^^^^^^^^^^^^^^^^^^^^^^^
.venv/lib/python3.12/site-packages/psycopg/connection.py:126: in connect
    raise last_ex.with_traceback(None)
E   psycopg.OperationalError: connection failed: connection to server at "127.0.0.1", port 55432 failed: could not receive data from server: Connection refused

The above exception was the direct cause of the following exception:
tests/integration/conftest.py:24: in engine
    with administrative.connect() as connection:
         ^^^^^^^^^^^^^^^^^^^^^^^^
.venv/lib/python3.12/site-packages/sqlalchemy/engine/base.py:3295: in connect
    return self._connection_cls(self)
           ^^^^^^^^^^^^^^^^^^^^^^^^^^
.venv/lib/python3.12/site-packages/sqlalchemy/engine/base.py:146: in __init__
    Connection._handle_dbapi_exception_noconnection(
.venv/lib/python3.12/site-packages/sqlalchemy/engine/base.py:2450: in _handle_dbapi_exception_noconnection
    raise sqlalchemy_exception.with_traceback(exc_info[2]) from e
.venv/lib/python3.12/site-packages/sqlalchemy/engine/base.py:144: in __init__
    self._dbapi_connection = engine.raw_connection()
                             ^^^^^^^^^^^^^^^^^^^^^^^
.venv/lib/python3.12/site-packages/sqlalchemy/engine/base.py:3319: in raw_connection
    return self.pool.connect()
           ^^^^^^^^^^^^^^^^^^^
.venv/lib/python3.12/site-packages/sqlalchemy/pool/base.py:448: in connect
    return _ConnectionFairy._checkout(self)
           ^^^^^^^^^^^^^^^^^^^^^^^^^^^^^^^^
.venv/lib/python3.12/site-packages/sqlalchemy/pool/base.py:1290: in _checkout
    fairy = _ConnectionRecord.checkout(pool)
            ^^^^^^^^^^^^^^^^^^^^^^^^^^^^^^^^
.venv/lib/python3.12/site-packages/sqlalchemy/pool/base.py:712: in checkout
    rec = pool._do_get()
          ^^^^^^^^^^^^^^
.venv/lib/python3.12/site-packages/sqlalchemy/pool/impl.py:178: in _do_get
    with util.safe_reraise():
         ^^^^^^^^^^^^^^^^^^^
.venv/lib/python3.12/site-packages/sqlalchemy/util/langhelpers.py:122: in __exit__
    raise exc_value.with_traceback(exc_tb)
.venv/lib/python3.12/site-packages/sqlalchemy/pool/impl.py:176: in _do_get
    return self._create_connection()
           ^^^^^^^^^^^^^^^^^^^^^^^^^
.venv/lib/python3.12/site-packages/sqlalchemy/pool/base.py:389: in _create_connection
    return _ConnectionRecord(self)
           ^^^^^^^^^^^^^^^^^^^^^^^
.venv/lib/python3.12/site-packages/sqlalchemy/pool/base.py:674: in __init__
    self.__connect()
.venv/lib/python3.12/site-packages/sqlalchemy/pool/base.py:900: in __connect
    with util.safe_reraise():
         ^^^^^^^^^^^^^^^^^^^
.venv/lib/python3.12/site-packages/sqlalchemy/util/langhelpers.py:122: in __exit__
    raise exc_value.with_traceback(exc_tb)
.venv/lib/python3.12/site-packages/sqlalchemy/pool/base.py:896: in __connect
    self.dbapi_connection = connection = pool._invoke_creator(self)
                                         ^^^^^^^^^^^^^^^^^^^^^^^^^^
.venv/lib/python3.12/site-packages/sqlalchemy/engine/create.py:667: in connect
    return dialect.connect(*cargs_tup, **cparams)
           ^^^^^^^^^^^^^^^^^^^^^^^^^^^^^^^^^^^^^^
.venv/lib/python3.12/site-packages/sqlalchemy/engine/default.py:630: in connect
    return self.loaded_dbapi.connect(*cargs, **cparams)  # type: ignore[no-any-return]  # NOQA: E501
           ^^^^^^^^^^^^^^^^^^^^^^^^^^^^^^^^^^^^^^^^^^^^
.venv/lib/python3.12/site-packages/psycopg/connection.py:126: in connect
    raise last_ex.with_traceback(None)
E   sqlalchemy.exc.OperationalError: (psycopg.OperationalError) connection failed: connection to server at "127.0.0.1", port 55432 failed: could not receive data from server: Connection refused
E   (Background on this error at: https://sqlalche.me/e/20/e3q8)
_ ERROR at setup of test_run_api_blocks_disabled_input_and_supports_cancel_then_explicit_retry _
.venv/lib/python3.12/site-packages/sqlalchemy/engine/base.py:144: in __init__
    self._dbapi_connection = engine.raw_connection()
                             ^^^^^^^^^^^^^^^^^^^^^^^
.venv/lib/python3.12/site-packages/sqlalchemy/engine/base.py:3319: in raw_connection
    return self.pool.connect()
           ^^^^^^^^^^^^^^^^^^^
.venv/lib/python3.12/site-packages/sqlalchemy/pool/base.py:448: in connect
    return _ConnectionFairy._checkout(self)
           ^^^^^^^^^^^^^^^^^^^^^^^^^^^^^^^^
.venv/lib/python3.12/site-packages/sqlalchemy/pool/base.py:1290: in _checkout
    fairy = _ConnectionRecord.checkout(pool)
            ^^^^^^^^^^^^^^^^^^^^^^^^^^^^^^^^
.venv/lib/python3.12/site-packages/sqlalchemy/pool/base.py:712: in checkout
    rec = pool._do_get()
          ^^^^^^^^^^^^^^
.venv/lib/python3.12/site-packages/sqlalchemy/pool/impl.py:178: in _do_get
    with util.safe_reraise():
         ^^^^^^^^^^^^^^^^^^^
.venv/lib/python3.12/site-packages/sqlalchemy/util/langhelpers.py:122: in __exit__
    raise exc_value.with_traceback(exc_tb)
.venv/lib/python3.12/site-packages/sqlalchemy/pool/impl.py:176: in _do_get
    return self._create_connection()
           ^^^^^^^^^^^^^^^^^^^^^^^^^
.venv/lib/python3.12/site-packages/sqlalchemy/pool/base.py:389: in _create_connection
    return _ConnectionRecord(self)
           ^^^^^^^^^^^^^^^^^^^^^^^
.venv/lib/python3.12/site-packages/sqlalchemy/pool/base.py:674: in __init__
    self.__connect()
.venv/lib/python3.12/site-packages/sqlalchemy/pool/base.py:900: in __connect
    with util.safe_reraise():
         ^^^^^^^^^^^^^^^^^^^
.venv/lib/python3.12/site-packages/sqlalchemy/util/langhelpers.py:122: in __exit__
    raise exc_value.with_traceback(exc_tb)
.venv/lib/python3.12/site-packages/sqlalchemy/pool/base.py:896: in __connect
    self.dbapi_connection = connection = pool._invoke_creator(self)
                                         ^^^^^^^^^^^^^^^^^^^^^^^^^^
.venv/lib/python3.12/site-packages/sqlalchemy/engine/create.py:667: in connect
    return dialect.connect(*cargs_tup, **cparams)
           ^^^^^^^^^^^^^^^^^^^^^^^^^^^^^^^^^^^^^^
.venv/lib/python3.12/site-packages/sqlalchemy/engine/default.py:630: in connect
    return self.loaded_dbapi.connect(*cargs, **cparams)  # type: ignore[no-any-return]  # NOQA: E501
           ^^^^^^^^^^^^^^^^^^^^^^^^^^^^^^^^^^^^^^^^^^^^
.venv/lib/python3.12/site-packages/psycopg/connection.py:126: in connect
    raise last_ex.with_traceback(None)
E   psycopg.OperationalError: connection failed: connection to server at "127.0.0.1", port 55432 failed: could not receive data from server: Connection refused

The above exception was the direct cause of the following exception:
tests/integration/conftest.py:24: in engine
    with administrative.connect() as connection:
         ^^^^^^^^^^^^^^^^^^^^^^^^
.venv/lib/python3.12/site-packages/sqlalchemy/engine/base.py:3295: in connect
    return self._connection_cls(self)
           ^^^^^^^^^^^^^^^^^^^^^^^^^^
.venv/lib/python3.12/site-packages/sqlalchemy/engine/base.py:146: in __init__
    Connection._handle_dbapi_exception_noconnection(
.venv/lib/python3.12/site-packages/sqlalchemy/engine/base.py:2450: in _handle_dbapi_exception_noconnection
    raise sqlalchemy_exception.with_traceback(exc_info[2]) from e
.venv/lib/python3.12/site-packages/sqlalchemy/engine/base.py:144: in __init__
    self._dbapi_connection = engine.raw_connection()
                             ^^^^^^^^^^^^^^^^^^^^^^^
.venv/lib/python3.12/site-packages/sqlalchemy/engine/base.py:3319: in raw_connection
    return self.pool.connect()
           ^^^^^^^^^^^^^^^^^^^
.venv/lib/python3.12/site-packages/sqlalchemy/pool/base.py:448: in connect
    return _ConnectionFairy._checkout(self)
           ^^^^^^^^^^^^^^^^^^^^^^^^^^^^^^^^
.venv/lib/python3.12/site-packages/sqlalchemy/pool/base.py:1290: in _checkout
    fairy = _ConnectionRecord.checkout(pool)
            ^^^^^^^^^^^^^^^^^^^^^^^^^^^^^^^^
.venv/lib/python3.12/site-packages/sqlalchemy/pool/base.py:712: in checkout
    rec = pool._do_get()
          ^^^^^^^^^^^^^^
.venv/lib/python3.12/site-packages/sqlalchemy/pool/impl.py:178: in _do_get
    with util.safe_reraise():
         ^^^^^^^^^^^^^^^^^^^
.venv/lib/python3.12/site-packages/sqlalchemy/util/langhelpers.py:122: in __exit__
    raise exc_value.with_traceback(exc_tb)
.venv/lib/python3.12/site-packages/sqlalchemy/pool/impl.py:176: in _do_get
    return self._create_connection()
           ^^^^^^^^^^^^^^^^^^^^^^^^^
.venv/lib/python3.12/site-packages/sqlalchemy/pool/base.py:389: in _create_connection
    return _ConnectionRecord(self)
           ^^^^^^^^^^^^^^^^^^^^^^^
.venv/lib/python3.12/site-packages/sqlalchemy/pool/base.py:674: in __init__
    self.__connect()
.venv/lib/python3.12/site-packages/sqlalchemy/pool/base.py:900: in __connect
    with util.safe_reraise():
         ^^^^^^^^^^^^^^^^^^^
.venv/lib/python3.12/site-packages/sqlalchemy/util/langhelpers.py:122: in __exit__
    raise exc_value.with_traceback(exc_tb)
.venv/lib/python3.12/site-packages/sqlalchemy/pool/base.py:896: in __connect
    self.dbapi_connection = connection = pool._invoke_creator(self)
                                         ^^^^^^^^^^^^^^^^^^^^^^^^^^
.venv/lib/python3.12/site-packages/sqlalchemy/engine/create.py:667: in connect
    return dialect.connect(*cargs_tup, **cparams)
           ^^^^^^^^^^^^^^^^^^^^^^^^^^^^^^^^^^^^^^
.venv/lib/python3.12/site-packages/sqlalchemy/engine/default.py:630: in connect
    return self.loaded_dbapi.connect(*cargs, **cparams)  # type: ignore[no-any-return]  # NOQA: E501
           ^^^^^^^^^^^^^^^^^^^^^^^^^^^^^^^^^^^^^^^^^^^^
.venv/lib/python3.12/site-packages/psycopg/connection.py:126: in connect
    raise last_ex.with_traceback(None)
E   sqlalchemy.exc.OperationalError: (psycopg.OperationalError) connection failed: connection to server at "127.0.0.1", port 55432 failed: could not receive data from server: Connection refused
E   (Background on this error at: https://sqlalche.me/e/20/e3q8)
_ ERROR at setup of test_run_api_does_not_accept_caller_manifest_or_unknown_runtime _
.venv/lib/python3.12/site-packages/sqlalchemy/engine/base.py:144: in __init__
    self._dbapi_connection = engine.raw_connection()
                             ^^^^^^^^^^^^^^^^^^^^^^^
.venv/lib/python3.12/site-packages/sqlalchemy/engine/base.py:3319: in raw_connection
    return self.pool.connect()
           ^^^^^^^^^^^^^^^^^^^
.venv/lib/python3.12/site-packages/sqlalchemy/pool/base.py:448: in connect
    return _ConnectionFairy._checkout(self)
           ^^^^^^^^^^^^^^^^^^^^^^^^^^^^^^^^
.venv/lib/python3.12/site-packages/sqlalchemy/pool/base.py:1290: in _checkout
    fairy = _ConnectionRecord.checkout(pool)
            ^^^^^^^^^^^^^^^^^^^^^^^^^^^^^^^^
.venv/lib/python3.12/site-packages/sqlalchemy/pool/base.py:712: in checkout
    rec = pool._do_get()
          ^^^^^^^^^^^^^^
.venv/lib/python3.12/site-packages/sqlalchemy/pool/impl.py:178: in _do_get
    with util.safe_reraise():
         ^^^^^^^^^^^^^^^^^^^
.venv/lib/python3.12/site-packages/sqlalchemy/util/langhelpers.py:122: in __exit__
    raise exc_value.with_traceback(exc_tb)
.venv/lib/python3.12/site-packages/sqlalchemy/pool/impl.py:176: in _do_get
    return self._create_connection()
           ^^^^^^^^^^^^^^^^^^^^^^^^^
.venv/lib/python3.12/site-packages/sqlalchemy/pool/base.py:389: in _create_connection
    return _ConnectionRecord(self)
           ^^^^^^^^^^^^^^^^^^^^^^^
.venv/lib/python3.12/site-packages/sqlalchemy/pool/base.py:674: in __init__
    self.__connect()
.venv/lib/python3.12/site-packages/sqlalchemy/pool/base.py:900: in __connect
    with util.safe_reraise():
         ^^^^^^^^^^^^^^^^^^^
.venv/lib/python3.12/site-packages/sqlalchemy/util/langhelpers.py:122: in __exit__
    raise exc_value.with_traceback(exc_tb)
.venv/lib/python3.12/site-packages/sqlalchemy/pool/base.py:896: in __connect
    self.dbapi_connection = connection = pool._invoke_creator(self)
                                         ^^^^^^^^^^^^^^^^^^^^^^^^^^
.venv/lib/python3.12/site-packages/sqlalchemy/engine/create.py:667: in connect
    return dialect.connect(*cargs_tup, **cparams)
           ^^^^^^^^^^^^^^^^^^^^^^^^^^^^^^^^^^^^^^
.venv/lib/python3.12/site-packages/sqlalchemy/engine/default.py:630: in connect
    return self.loaded_dbapi.connect(*cargs, **cparams)  # type: ignore[no-any-return]  # NOQA: E501
           ^^^^^^^^^^^^^^^^^^^^^^^^^^^^^^^^^^^^^^^^^^^^
.venv/lib/python3.12/site-packages/psycopg/connection.py:126: in connect
    raise last_ex.with_traceback(None)
E   psycopg.OperationalError: connection failed: connection to server at "127.0.0.1", port 55432 failed: could not receive data from server: Connection refused

The above exception was the direct cause of the following exception:
tests/integration/conftest.py:24: in engine
    with administrative.connect() as connection:
         ^^^^^^^^^^^^^^^^^^^^^^^^
.venv/lib/python3.12/site-packages/sqlalchemy/engine/base.py:3295: in connect
    return self._connection_cls(self)
           ^^^^^^^^^^^^^^^^^^^^^^^^^^
.venv/lib/python3.12/site-packages/sqlalchemy/engine/base.py:146: in __init__
    Connection._handle_dbapi_exception_noconnection(
.venv/lib/python3.12/site-packages/sqlalchemy/engine/base.py:2450: in _handle_dbapi_exception_noconnection
    raise sqlalchemy_exception.with_traceback(exc_info[2]) from e
.venv/lib/python3.12/site-packages/sqlalchemy/engine/base.py:144: in __init__
    self._dbapi_connection = engine.raw_connection()
                             ^^^^^^^^^^^^^^^^^^^^^^^
.venv/lib/python3.12/site-packages/sqlalchemy/engine/base.py:3319: in raw_connection
    return self.pool.connect()
           ^^^^^^^^^^^^^^^^^^^
.venv/lib/python3.12/site-packages/sqlalchemy/pool/base.py:448: in connect
    return _ConnectionFairy._checkout(self)
           ^^^^^^^^^^^^^^^^^^^^^^^^^^^^^^^^
.venv/lib/python3.12/site-packages/sqlalchemy/pool/base.py:1290: in _checkout
    fairy = _ConnectionRecord.checkout(pool)
            ^^^^^^^^^^^^^^^^^^^^^^^^^^^^^^^^
.venv/lib/python3.12/site-packages/sqlalchemy/pool/base.py:712: in checkout
    rec = pool._do_get()
          ^^^^^^^^^^^^^^
.venv/lib/python3.12/site-packages/sqlalchemy/pool/impl.py:178: in _do_get
    with util.safe_reraise():
         ^^^^^^^^^^^^^^^^^^^
.venv/lib/python3.12/site-packages/sqlalchemy/util/langhelpers.py:122: in __exit__
    raise exc_value.with_traceback(exc_tb)
.venv/lib/python3.12/site-packages/sqlalchemy/pool/impl.py:176: in _do_get
    return self._create_connection()
           ^^^^^^^^^^^^^^^^^^^^^^^^^
.venv/lib/python3.12/site-packages/sqlalchemy/pool/base.py:389: in _create_connection
    return _ConnectionRecord(self)
           ^^^^^^^^^^^^^^^^^^^^^^^
.venv/lib/python3.12/site-packages/sqlalchemy/pool/base.py:674: in __init__
    self.__connect()
.venv/lib/python3.12/site-packages/sqlalchemy/pool/base.py:900: in __connect
    with util.safe_reraise():
         ^^^^^^^^^^^^^^^^^^^
.venv/lib/python3.12/site-packages/sqlalchemy/util/langhelpers.py:122: in __exit__
    raise exc_value.with_traceback(exc_tb)
.venv/lib/python3.12/site-packages/sqlalchemy/pool/base.py:896: in __connect
    self.dbapi_connection = connection = pool._invoke_creator(self)
                                         ^^^^^^^^^^^^^^^^^^^^^^^^^^
.venv/lib/python3.12/site-packages/sqlalchemy/engine/create.py:667: in connect
    return dialect.connect(*cargs_tup, **cparams)
           ^^^^^^^^^^^^^^^^^^^^^^^^^^^^^^^^^^^^^^
.venv/lib/python3.12/site-packages/sqlalchemy/engine/default.py:630: in connect
    return self.loaded_dbapi.connect(*cargs, **cparams)  # type: ignore[no-any-return]  # NOQA: E501
           ^^^^^^^^^^^^^^^^^^^^^^^^^^^^^^^^^^^^^^^^^^^^
.venv/lib/python3.12/site-packages/psycopg/connection.py:126: in connect
    raise last_ex.with_traceback(None)
E   sqlalchemy.exc.OperationalError: (psycopg.OperationalError) connection failed: connection to server at "127.0.0.1", port 55432 failed: could not receive data from server: Connection refused
E   (Background on this error at: https://sqlalche.me/e/20/e3q8)
_ ERROR at setup of test_concurrent_api_submissions_share_one_persisted_manifest _
.venv/lib/python3.12/site-packages/sqlalchemy/engine/base.py:144: in __init__
    self._dbapi_connection = engine.raw_connection()
                             ^^^^^^^^^^^^^^^^^^^^^^^
.venv/lib/python3.12/site-packages/sqlalchemy/engine/base.py:3319: in raw_connection
    return self.pool.connect()
           ^^^^^^^^^^^^^^^^^^^
.venv/lib/python3.12/site-packages/sqlalchemy/pool/base.py:448: in connect
    return _ConnectionFairy._checkout(self)
           ^^^^^^^^^^^^^^^^^^^^^^^^^^^^^^^^
.venv/lib/python3.12/site-packages/sqlalchemy/pool/base.py:1290: in _checkout
    fairy = _ConnectionRecord.checkout(pool)
            ^^^^^^^^^^^^^^^^^^^^^^^^^^^^^^^^
.venv/lib/python3.12/site-packages/sqlalchemy/pool/base.py:712: in checkout
    rec = pool._do_get()
          ^^^^^^^^^^^^^^
.venv/lib/python3.12/site-packages/sqlalchemy/pool/impl.py:178: in _do_get
    with util.safe_reraise():
         ^^^^^^^^^^^^^^^^^^^
.venv/lib/python3.12/site-packages/sqlalchemy/util/langhelpers.py:122: in __exit__
    raise exc_value.with_traceback(exc_tb)
.venv/lib/python3.12/site-packages/sqlalchemy/pool/impl.py:176: in _do_get
    return self._create_connection()
           ^^^^^^^^^^^^^^^^^^^^^^^^^
.venv/lib/python3.12/site-packages/sqlalchemy/pool/base.py:389: in _create_connection
    return _ConnectionRecord(self)
           ^^^^^^^^^^^^^^^^^^^^^^^
.venv/lib/python3.12/site-packages/sqlalchemy/pool/base.py:674: in __init__
    self.__connect()
.venv/lib/python3.12/site-packages/sqlalchemy/pool/base.py:900: in __connect
    with util.safe_reraise():
         ^^^^^^^^^^^^^^^^^^^
.venv/lib/python3.12/site-packages/sqlalchemy/util/langhelpers.py:122: in __exit__
    raise exc_value.with_traceback(exc_tb)
.venv/lib/python3.12/site-packages/sqlalchemy/pool/base.py:896: in __connect
    self.dbapi_connection = connection = pool._invoke_creator(self)
                                         ^^^^^^^^^^^^^^^^^^^^^^^^^^
.venv/lib/python3.12/site-packages/sqlalchemy/engine/create.py:667: in connect
    return dialect.connect(*cargs_tup, **cparams)
           ^^^^^^^^^^^^^^^^^^^^^^^^^^^^^^^^^^^^^^
.venv/lib/python3.12/site-packages/sqlalchemy/engine/default.py:630: in connect
    return self.loaded_dbapi.connect(*cargs, **cparams)  # type: ignore[no-any-return]  # NOQA: E501
           ^^^^^^^^^^^^^^^^^^^^^^^^^^^^^^^^^^^^^^^^^^^^
.venv/lib/python3.12/site-packages/psycopg/connection.py:126: in connect
    raise last_ex.with_traceback(None)
E   psycopg.OperationalError: connection failed: connection to server at "127.0.0.1", port 55432 failed: could not receive data from server: Connection refused

The above exception was the direct cause of the following exception:
tests/integration/conftest.py:24: in engine
    with administrative.connect() as connection:
         ^^^^^^^^^^^^^^^^^^^^^^^^
.venv/lib/python3.12/site-packages/sqlalchemy/engine/base.py:3295: in connect
    return self._connection_cls(self)
           ^^^^^^^^^^^^^^^^^^^^^^^^^^
.venv/lib/python3.12/site-packages/sqlalchemy/engine/base.py:146: in __init__
    Connection._handle_dbapi_exception_noconnection(
.venv/lib/python3.12/site-packages/sqlalchemy/engine/base.py:2450: in _handle_dbapi_exception_noconnection
    raise sqlalchemy_exception.with_traceback(exc_info[2]) from e
.venv/lib/python3.12/site-packages/sqlalchemy/engine/base.py:144: in __init__
    self._dbapi_connection = engine.raw_connection()
                             ^^^^^^^^^^^^^^^^^^^^^^^
.venv/lib/python3.12/site-packages/sqlalchemy/engine/base.py:3319: in raw_connection
    return self.pool.connect()
           ^^^^^^^^^^^^^^^^^^^
.venv/lib/python3.12/site-packages/sqlalchemy/pool/base.py:448: in connect
    return _ConnectionFairy._checkout(self)
           ^^^^^^^^^^^^^^^^^^^^^^^^^^^^^^^^
.venv/lib/python3.12/site-packages/sqlalchemy/pool/base.py:1290: in _checkout
    fairy = _ConnectionRecord.checkout(pool)
            ^^^^^^^^^^^^^^^^^^^^^^^^^^^^^^^^
.venv/lib/python3.12/site-packages/sqlalchemy/pool/base.py:712: in checkout
    rec = pool._do_get()
          ^^^^^^^^^^^^^^
.venv/lib/python3.12/site-packages/sqlalchemy/pool/impl.py:178: in _do_get
    with util.safe_reraise():
         ^^^^^^^^^^^^^^^^^^^
.venv/lib/python3.12/site-packages/sqlalchemy/util/langhelpers.py:122: in __exit__
    raise exc_value.with_traceback(exc_tb)
.venv/lib/python3.12/site-packages/sqlalchemy/pool/impl.py:176: in _do_get
    return self._create_connection()
           ^^^^^^^^^^^^^^^^^^^^^^^^^
.venv/lib/python3.12/site-packages/sqlalchemy/pool/base.py:389: in _create_connection
    return _ConnectionRecord(self)
           ^^^^^^^^^^^^^^^^^^^^^^^
.venv/lib/python3.12/site-packages/sqlalchemy/pool/base.py:674: in __init__
    self.__connect()
.venv/lib/python3.12/site-packages/sqlalchemy/pool/base.py:900: in __connect
    with util.safe_reraise():
         ^^^^^^^^^^^^^^^^^^^
.venv/lib/python3.12/site-packages/sqlalchemy/util/langhelpers.py:122: in __exit__
    raise exc_value.with_traceback(exc_tb)
.venv/lib/python3.12/site-packages/sqlalchemy/pool/base.py:896: in __connect
    self.dbapi_connection = connection = pool._invoke_creator(self)
                                         ^^^^^^^^^^^^^^^^^^^^^^^^^^
.venv/lib/python3.12/site-packages/sqlalchemy/engine/create.py:667: in connect
    return dialect.connect(*cargs_tup, **cparams)
           ^^^^^^^^^^^^^^^^^^^^^^^^^^^^^^^^^^^^^^
.venv/lib/python3.12/site-packages/sqlalchemy/engine/default.py:630: in connect
    return self.loaded_dbapi.connect(*cargs, **cparams)  # type: ignore[no-any-return]  # NOQA: E501
           ^^^^^^^^^^^^^^^^^^^^^^^^^^^^^^^^^^^^^^^^^^^^
.venv/lib/python3.12/site-packages/psycopg/connection.py:126: in connect
    raise last_ex.with_traceback(None)
E   sqlalchemy.exc.OperationalError: (psycopg.OperationalError) connection failed: connection to server at "127.0.0.1", port 55432 failed: could not receive data from server: Connection refused
E   (Background on this error at: https://sqlalche.me/e/20/e3q8)
__ ERROR at setup of test_result_download_checks_bytes_and_current_permission __
.venv/lib/python3.12/site-packages/sqlalchemy/engine/base.py:144: in __init__
    self._dbapi_connection = engine.raw_connection()
                             ^^^^^^^^^^^^^^^^^^^^^^^
.venv/lib/python3.12/site-packages/sqlalchemy/engine/base.py:3319: in raw_connection
    return self.pool.connect()
           ^^^^^^^^^^^^^^^^^^^
.venv/lib/python3.12/site-packages/sqlalchemy/pool/base.py:448: in connect
    return _ConnectionFairy._checkout(self)
           ^^^^^^^^^^^^^^^^^^^^^^^^^^^^^^^^
.venv/lib/python3.12/site-packages/sqlalchemy/pool/base.py:1290: in _checkout
    fairy = _ConnectionRecord.checkout(pool)
            ^^^^^^^^^^^^^^^^^^^^^^^^^^^^^^^^
.venv/lib/python3.12/site-packages/sqlalchemy/pool/base.py:712: in checkout
    rec = pool._do_get()
          ^^^^^^^^^^^^^^
.venv/lib/python3.12/site-packages/sqlalchemy/pool/impl.py:178: in _do_get
    with util.safe_reraise():
         ^^^^^^^^^^^^^^^^^^^
.venv/lib/python3.12/site-packages/sqlalchemy/util/langhelpers.py:122: in __exit__
    raise exc_value.with_traceback(exc_tb)
.venv/lib/python3.12/site-packages/sqlalchemy/pool/impl.py:176: in _do_get
    return self._create_connection()
           ^^^^^^^^^^^^^^^^^^^^^^^^^
.venv/lib/python3.12/site-packages/sqlalchemy/pool/base.py:389: in _create_connection
    return _ConnectionRecord(self)
           ^^^^^^^^^^^^^^^^^^^^^^^
.venv/lib/python3.12/site-packages/sqlalchemy/pool/base.py:674: in __init__
    self.__connect()
.venv/lib/python3.12/site-packages/sqlalchemy/pool/base.py:900: in __connect
    with util.safe_reraise():
         ^^^^^^^^^^^^^^^^^^^
.venv/lib/python3.12/site-packages/sqlalchemy/util/langhelpers.py:122: in __exit__
    raise exc_value.with_traceback(exc_tb)
.venv/lib/python3.12/site-packages/sqlalchemy/pool/base.py:896: in __connect
    self.dbapi_connection = connection = pool._invoke_creator(self)
                                         ^^^^^^^^^^^^^^^^^^^^^^^^^^
.venv/lib/python3.12/site-packages/sqlalchemy/engine/create.py:667: in connect
    return dialect.connect(*cargs_tup, **cparams)
           ^^^^^^^^^^^^^^^^^^^^^^^^^^^^^^^^^^^^^^
.venv/lib/python3.12/site-packages/sqlalchemy/engine/default.py:630: in connect
    return self.loaded_dbapi.connect(*cargs, **cparams)  # type: ignore[no-any-return]  # NOQA: E501
           ^^^^^^^^^^^^^^^^^^^^^^^^^^^^^^^^^^^^^^^^^^^^
.venv/lib/python3.12/site-packages/psycopg/connection.py:126: in connect
    raise last_ex.with_traceback(None)
E   psycopg.OperationalError: connection failed: connection to server at "127.0.0.1", port 55432 failed: could not receive data from server: Connection refused

The above exception was the direct cause of the following exception:
tests/integration/conftest.py:24: in engine
    with administrative.connect() as connection:
         ^^^^^^^^^^^^^^^^^^^^^^^^
.venv/lib/python3.12/site-packages/sqlalchemy/engine/base.py:3295: in connect
    return self._connection_cls(self)
           ^^^^^^^^^^^^^^^^^^^^^^^^^^
.venv/lib/python3.12/site-packages/sqlalchemy/engine/base.py:146: in __init__
    Connection._handle_dbapi_exception_noconnection(
.venv/lib/python3.12/site-packages/sqlalchemy/engine/base.py:2450: in _handle_dbapi_exception_noconnection
    raise sqlalchemy_exception.with_traceback(exc_info[2]) from e
.venv/lib/python3.12/site-packages/sqlalchemy/engine/base.py:144: in __init__
    self._dbapi_connection = engine.raw_connection()
                             ^^^^^^^^^^^^^^^^^^^^^^^
.venv/lib/python3.12/site-packages/sqlalchemy/engine/base.py:3319: in raw_connection
    return self.pool.connect()
           ^^^^^^^^^^^^^^^^^^^
.venv/lib/python3.12/site-packages/sqlalchemy/pool/base.py:448: in connect
    return _ConnectionFairy._checkout(self)
           ^^^^^^^^^^^^^^^^^^^^^^^^^^^^^^^^
.venv/lib/python3.12/site-packages/sqlalchemy/pool/base.py:1290: in _checkout
    fairy = _ConnectionRecord.checkout(pool)
            ^^^^^^^^^^^^^^^^^^^^^^^^^^^^^^^^
.venv/lib/python3.12/site-packages/sqlalchemy/pool/base.py:712: in checkout
    rec = pool._do_get()
          ^^^^^^^^^^^^^^
.venv/lib/python3.12/site-packages/sqlalchemy/pool/impl.py:178: in _do_get
    with util.safe_reraise():
         ^^^^^^^^^^^^^^^^^^^
.venv/lib/python3.12/site-packages/sqlalchemy/util/langhelpers.py:122: in __exit__
    raise exc_value.with_traceback(exc_tb)
.venv/lib/python3.12/site-packages/sqlalchemy/pool/impl.py:176: in _do_get
    return self._create_connection()
           ^^^^^^^^^^^^^^^^^^^^^^^^^
.venv/lib/python3.12/site-packages/sqlalchemy/pool/base.py:389: in _create_connection
    return _ConnectionRecord(self)
           ^^^^^^^^^^^^^^^^^^^^^^^
.venv/lib/python3.12/site-packages/sqlalchemy/pool/base.py:674: in __init__
    self.__connect()
.venv/lib/python3.12/site-packages/sqlalchemy/pool/base.py:900: in __connect
    with util.safe_reraise():
         ^^^^^^^^^^^^^^^^^^^
.venv/lib/python3.12/site-packages/sqlalchemy/util/langhelpers.py:122: in __exit__
    raise exc_value.with_traceback(exc_tb)
.venv/lib/python3.12/site-packages/sqlalchemy/pool/base.py:896: in __connect
    self.dbapi_connection = connection = pool._invoke_creator(self)
                                         ^^^^^^^^^^^^^^^^^^^^^^^^^^
.venv/lib/python3.12/site-packages/sqlalchemy/engine/create.py:667: in connect
    return dialect.connect(*cargs_tup, **cparams)
           ^^^^^^^^^^^^^^^^^^^^^^^^^^^^^^^^^^^^^^
.venv/lib/python3.12/site-packages/sqlalchemy/engine/default.py:630: in connect
    return self.loaded_dbapi.connect(*cargs, **cparams)  # type: ignore[no-any-return]  # NOQA: E501
           ^^^^^^^^^^^^^^^^^^^^^^^^^^^^^^^^^^^^^^^^^^^^
.venv/lib/python3.12/site-packages/psycopg/connection.py:126: in connect
    raise last_ex.with_traceback(None)
E   sqlalchemy.exc.OperationalError: (psycopg.OperationalError) connection failed: connection to server at "127.0.0.1", port 55432 failed: could not receive data from server: Connection refused
E   (Background on this error at: https://sqlalche.me/e/20/e3q8)
_ ERROR at setup of test_seed_is_repeatable_preserves_user_state_and_three_scenes_run _
.venv/lib/python3.12/site-packages/sqlalchemy/engine/base.py:144: in __init__
    self._dbapi_connection = engine.raw_connection()
                             ^^^^^^^^^^^^^^^^^^^^^^^
.venv/lib/python3.12/site-packages/sqlalchemy/engine/base.py:3319: in raw_connection
    return self.pool.connect()
           ^^^^^^^^^^^^^^^^^^^
.venv/lib/python3.12/site-packages/sqlalchemy/pool/base.py:448: in connect
    return _ConnectionFairy._checkout(self)
           ^^^^^^^^^^^^^^^^^^^^^^^^^^^^^^^^
.venv/lib/python3.12/site-packages/sqlalchemy/pool/base.py:1290: in _checkout
    fairy = _ConnectionRecord.checkout(pool)
            ^^^^^^^^^^^^^^^^^^^^^^^^^^^^^^^^
.venv/lib/python3.12/site-packages/sqlalchemy/pool/base.py:712: in checkout
    rec = pool._do_get()
          ^^^^^^^^^^^^^^
.venv/lib/python3.12/site-packages/sqlalchemy/pool/impl.py:178: in _do_get
    with util.safe_reraise():
         ^^^^^^^^^^^^^^^^^^^
.venv/lib/python3.12/site-packages/sqlalchemy/util/langhelpers.py:122: in __exit__
    raise exc_value.with_traceback(exc_tb)
.venv/lib/python3.12/site-packages/sqlalchemy/pool/impl.py:176: in _do_get
    return self._create_connection()
           ^^^^^^^^^^^^^^^^^^^^^^^^^
.venv/lib/python3.12/site-packages/sqlalchemy/pool/base.py:389: in _create_connection
    return _ConnectionRecord(self)
           ^^^^^^^^^^^^^^^^^^^^^^^
.venv/lib/python3.12/site-packages/sqlalchemy/pool/base.py:674: in __init__
    self.__connect()
.venv/lib/python3.12/site-packages/sqlalchemy/pool/base.py:900: in __connect
    with util.safe_reraise():
         ^^^^^^^^^^^^^^^^^^^
.venv/lib/python3.12/site-packages/sqlalchemy/util/langhelpers.py:122: in __exit__
    raise exc_value.with_traceback(exc_tb)
.venv/lib/python3.12/site-packages/sqlalchemy/pool/base.py:896: in __connect
    self.dbapi_connection = connection = pool._invoke_creator(self)
                                         ^^^^^^^^^^^^^^^^^^^^^^^^^^
.venv/lib/python3.12/site-packages/sqlalchemy/engine/create.py:667: in connect
    return dialect.connect(*cargs_tup, **cparams)
           ^^^^^^^^^^^^^^^^^^^^^^^^^^^^^^^^^^^^^^
.venv/lib/python3.12/site-packages/sqlalchemy/engine/default.py:630: in connect
    return self.loaded_dbapi.connect(*cargs, **cparams)  # type: ignore[no-any-return]  # NOQA: E501
           ^^^^^^^^^^^^^^^^^^^^^^^^^^^^^^^^^^^^^^^^^^^^
.venv/lib/python3.12/site-packages/psycopg/connection.py:126: in connect
    raise last_ex.with_traceback(None)
E   psycopg.OperationalError: connection failed: connection to server at "127.0.0.1", port 55432 failed: could not receive data from server: Connection refused

The above exception was the direct cause of the following exception:
tests/integration/conftest.py:24: in engine
    with administrative.connect() as connection:
         ^^^^^^^^^^^^^^^^^^^^^^^^
.venv/lib/python3.12/site-packages/sqlalchemy/engine/base.py:3295: in connect
    return self._connection_cls(self)
           ^^^^^^^^^^^^^^^^^^^^^^^^^^
.venv/lib/python3.12/site-packages/sqlalchemy/engine/base.py:146: in __init__
    Connection._handle_dbapi_exception_noconnection(
.venv/lib/python3.12/site-packages/sqlalchemy/engine/base.py:2450: in _handle_dbapi_exception_noconnection
    raise sqlalchemy_exception.with_traceback(exc_info[2]) from e
.venv/lib/python3.12/site-packages/sqlalchemy/engine/base.py:144: in __init__
    self._dbapi_connection = engine.raw_connection()
                             ^^^^^^^^^^^^^^^^^^^^^^^
.venv/lib/python3.12/site-packages/sqlalchemy/engine/base.py:3319: in raw_connection
    return self.pool.connect()
           ^^^^^^^^^^^^^^^^^^^
.venv/lib/python3.12/site-packages/sqlalchemy/pool/base.py:448: in connect
    return _ConnectionFairy._checkout(self)
           ^^^^^^^^^^^^^^^^^^^^^^^^^^^^^^^^
.venv/lib/python3.12/site-packages/sqlalchemy/pool/base.py:1290: in _checkout
    fairy = _ConnectionRecord.checkout(pool)
            ^^^^^^^^^^^^^^^^^^^^^^^^^^^^^^^^
.venv/lib/python3.12/site-packages/sqlalchemy/pool/base.py:712: in checkout
    rec = pool._do_get()
          ^^^^^^^^^^^^^^
.venv/lib/python3.12/site-packages/sqlalchemy/pool/impl.py:178: in _do_get
    with util.safe_reraise():
         ^^^^^^^^^^^^^^^^^^^
.venv/lib/python3.12/site-packages/sqlalchemy/util/langhelpers.py:122: in __exit__
    raise exc_value.with_traceback(exc_tb)
.venv/lib/python3.12/site-packages/sqlalchemy/pool/impl.py:176: in _do_get
    return self._create_connection()
           ^^^^^^^^^^^^^^^^^^^^^^^^^
.venv/lib/python3.12/site-packages/sqlalchemy/pool/base.py:389: in _create_connection
    return _ConnectionRecord(self)
           ^^^^^^^^^^^^^^^^^^^^^^^
.venv/lib/python3.12/site-packages/sqlalchemy/pool/base.py:674: in __init__
    self.__connect()
.venv/lib/python3.12/site-packages/sqlalchemy/pool/base.py:900: in __connect
    with util.safe_reraise():
         ^^^^^^^^^^^^^^^^^^^
.venv/lib/python3.12/site-packages/sqlalchemy/util/langhelpers.py:122: in __exit__
    raise exc_value.with_traceback(exc_tb)
.venv/lib/python3.12/site-packages/sqlalchemy/pool/base.py:896: in __connect
    self.dbapi_connection = connection = pool._invoke_creator(self)
                                         ^^^^^^^^^^^^^^^^^^^^^^^^^^
.venv/lib/python3.12/site-packages/sqlalchemy/engine/create.py:667: in connect
    return dialect.connect(*cargs_tup, **cparams)
           ^^^^^^^^^^^^^^^^^^^^^^^^^^^^^^^^^^^^^^
.venv/lib/python3.12/site-packages/sqlalchemy/engine/default.py:630: in connect
    return self.loaded_dbapi.connect(*cargs, **cparams)  # type: ignore[no-any-return]  # NOQA: E501
           ^^^^^^^^^^^^^^^^^^^^^^^^^^^^^^^^^^^^^^^^^^^^
.venv/lib/python3.12/site-packages/psycopg/connection.py:126: in connect
    raise last_ex.with_traceback(None)
E   sqlalchemy.exc.OperationalError: (psycopg.OperationalError) connection failed: connection to server at "127.0.0.1", port 55432 failed: could not receive data from server: Connection refused
E   (Background on this error at: https://sqlalche.me/e/20/e3q8)
_ ERROR at setup of test_initial_account_is_idempotent_and_never_resets_password _
.venv/lib/python3.12/site-packages/sqlalchemy/engine/base.py:144: in __init__
    self._dbapi_connection = engine.raw_connection()
                             ^^^^^^^^^^^^^^^^^^^^^^^
.venv/lib/python3.12/site-packages/sqlalchemy/engine/base.py:3319: in raw_connection
    return self.pool.connect()
           ^^^^^^^^^^^^^^^^^^^
.venv/lib/python3.12/site-packages/sqlalchemy/pool/base.py:448: in connect
    return _ConnectionFairy._checkout(self)
           ^^^^^^^^^^^^^^^^^^^^^^^^^^^^^^^^
.venv/lib/python3.12/site-packages/sqlalchemy/pool/base.py:1290: in _checkout
    fairy = _ConnectionRecord.checkout(pool)
            ^^^^^^^^^^^^^^^^^^^^^^^^^^^^^^^^
.venv/lib/python3.12/site-packages/sqlalchemy/pool/base.py:712: in checkout
    rec = pool._do_get()
          ^^^^^^^^^^^^^^
.venv/lib/python3.12/site-packages/sqlalchemy/pool/impl.py:178: in _do_get
    with util.safe_reraise():
         ^^^^^^^^^^^^^^^^^^^
.venv/lib/python3.12/site-packages/sqlalchemy/util/langhelpers.py:122: in __exit__
    raise exc_value.with_traceback(exc_tb)
.venv/lib/python3.12/site-packages/sqlalchemy/pool/impl.py:176: in _do_get
    return self._create_connection()
           ^^^^^^^^^^^^^^^^^^^^^^^^^
.venv/lib/python3.12/site-packages/sqlalchemy/pool/base.py:389: in _create_connection
    return _ConnectionRecord(self)
           ^^^^^^^^^^^^^^^^^^^^^^^
.venv/lib/python3.12/site-packages/sqlalchemy/pool/base.py:674: in __init__
    self.__connect()
.venv/lib/python3.12/site-packages/sqlalchemy/pool/base.py:900: in __connect
    with util.safe_reraise():
         ^^^^^^^^^^^^^^^^^^^
.venv/lib/python3.12/site-packages/sqlalchemy/util/langhelpers.py:122: in __exit__
    raise exc_value.with_traceback(exc_tb)
.venv/lib/python3.12/site-packages/sqlalchemy/pool/base.py:896: in __connect
    self.dbapi_connection = connection = pool._invoke_creator(self)
                                         ^^^^^^^^^^^^^^^^^^^^^^^^^^
.venv/lib/python3.12/site-packages/sqlalchemy/engine/create.py:667: in connect
    return dialect.connect(*cargs_tup, **cparams)
           ^^^^^^^^^^^^^^^^^^^^^^^^^^^^^^^^^^^^^^
.venv/lib/python3.12/site-packages/sqlalchemy/engine/default.py:630: in connect
    return self.loaded_dbapi.connect(*cargs, **cparams)  # type: ignore[no-any-return]  # NOQA: E501
           ^^^^^^^^^^^^^^^^^^^^^^^^^^^^^^^^^^^^^^^^^^^^
.venv/lib/python3.12/site-packages/psycopg/connection.py:126: in connect
    raise last_ex.with_traceback(None)
E   psycopg.OperationalError: connection failed: connection to server at "127.0.0.1", port 55432 failed: could not receive data from server: Connection refused

The above exception was the direct cause of the following exception:
tests/integration/conftest.py:24: in engine
    with administrative.connect() as connection:
         ^^^^^^^^^^^^^^^^^^^^^^^^
.venv/lib/python3.12/site-packages/sqlalchemy/engine/base.py:3295: in connect
    return self._connection_cls(self)
           ^^^^^^^^^^^^^^^^^^^^^^^^^^
.venv/lib/python3.12/site-packages/sqlalchemy/engine/base.py:146: in __init__
    Connection._handle_dbapi_exception_noconnection(
.venv/lib/python3.12/site-packages/sqlalchemy/engine/base.py:2450: in _handle_dbapi_exception_noconnection
    raise sqlalchemy_exception.with_traceback(exc_info[2]) from e
.venv/lib/python3.12/site-packages/sqlalchemy/engine/base.py:144: in __init__
    self._dbapi_connection = engine.raw_connection()
                             ^^^^^^^^^^^^^^^^^^^^^^^
.venv/lib/python3.12/site-packages/sqlalchemy/engine/base.py:3319: in raw_connection
    return self.pool.connect()
           ^^^^^^^^^^^^^^^^^^^
.venv/lib/python3.12/site-packages/sqlalchemy/pool/base.py:448: in connect
    return _ConnectionFairy._checkout(self)
           ^^^^^^^^^^^^^^^^^^^^^^^^^^^^^^^^
.venv/lib/python3.12/site-packages/sqlalchemy/pool/base.py:1290: in _checkout
    fairy = _ConnectionRecord.checkout(pool)
            ^^^^^^^^^^^^^^^^^^^^^^^^^^^^^^^^
.venv/lib/python3.12/site-packages/sqlalchemy/pool/base.py:712: in checkout
    rec = pool._do_get()
          ^^^^^^^^^^^^^^
.venv/lib/python3.12/site-packages/sqlalchemy/pool/impl.py:178: in _do_get
    with util.safe_reraise():
         ^^^^^^^^^^^^^^^^^^^
.venv/lib/python3.12/site-packages/sqlalchemy/util/langhelpers.py:122: in __exit__
    raise exc_value.with_traceback(exc_tb)
.venv/lib/python3.12/site-packages/sqlalchemy/pool/impl.py:176: in _do_get
    return self._create_connection()
           ^^^^^^^^^^^^^^^^^^^^^^^^^
.venv/lib/python3.12/site-packages/sqlalchemy/pool/base.py:389: in _create_connection
    return _ConnectionRecord(self)
           ^^^^^^^^^^^^^^^^^^^^^^^
.venv/lib/python3.12/site-packages/sqlalchemy/pool/base.py:674: in __init__
    self.__connect()
.venv/lib/python3.12/site-packages/sqlalchemy/pool/base.py:900: in __connect
    with util.safe_reraise():
         ^^^^^^^^^^^^^^^^^^^
.venv/lib/python3.12/site-packages/sqlalchemy/util/langhelpers.py:122: in __exit__
    raise exc_value.with_traceback(exc_tb)
.venv/lib/python3.12/site-packages/sqlalchemy/pool/base.py:896: in __connect
    self.dbapi_connection = connection = pool._invoke_creator(self)
                                         ^^^^^^^^^^^^^^^^^^^^^^^^^^
.venv/lib/python3.12/site-packages/sqlalchemy/engine/create.py:667: in connect
    return dialect.connect(*cargs_tup, **cparams)
           ^^^^^^^^^^^^^^^^^^^^^^^^^^^^^^^^^^^^^^
.venv/lib/python3.12/site-packages/sqlalchemy/engine/default.py:630: in connect
    return self.loaded_dbapi.connect(*cargs, **cparams)  # type: ignore[no-any-return]  # NOQA: E501
           ^^^^^^^^^^^^^^^^^^^^^^^^^^^^^^^^^^^^^^^^^^^^
.venv/lib/python3.12/site-packages/psycopg/connection.py:126: in connect
    raise last_ex.with_traceback(None)
E   sqlalchemy.exc.OperationalError: (psycopg.OperationalError) connection failed: connection to server at "127.0.0.1", port 55432 failed: could not receive data from server: Connection refused
E   (Background on this error at: https://sqlalche.me/e/20/e3q8)
_ ERROR at setup of test_scene_draft_coverage_and_saved_references_enforce_project_and_version _
.venv/lib/python3.12/site-packages/sqlalchemy/engine/base.py:144: in __init__
    self._dbapi_connection = engine.raw_connection()
                             ^^^^^^^^^^^^^^^^^^^^^^^
.venv/lib/python3.12/site-packages/sqlalchemy/engine/base.py:3319: in raw_connection
    return self.pool.connect()
           ^^^^^^^^^^^^^^^^^^^
.venv/lib/python3.12/site-packages/sqlalchemy/pool/base.py:448: in connect
    return _ConnectionFairy._checkout(self)
           ^^^^^^^^^^^^^^^^^^^^^^^^^^^^^^^^
.venv/lib/python3.12/site-packages/sqlalchemy/pool/base.py:1290: in _checkout
    fairy = _ConnectionRecord.checkout(pool)
            ^^^^^^^^^^^^^^^^^^^^^^^^^^^^^^^^
.venv/lib/python3.12/site-packages/sqlalchemy/pool/base.py:712: in checkout
    rec = pool._do_get()
          ^^^^^^^^^^^^^^
.venv/lib/python3.12/site-packages/sqlalchemy/pool/impl.py:178: in _do_get
    with util.safe_reraise():
         ^^^^^^^^^^^^^^^^^^^
.venv/lib/python3.12/site-packages/sqlalchemy/util/langhelpers.py:122: in __exit__
    raise exc_value.with_traceback(exc_tb)
.venv/lib/python3.12/site-packages/sqlalchemy/pool/impl.py:176: in _do_get
    return self._create_connection()
           ^^^^^^^^^^^^^^^^^^^^^^^^^
.venv/lib/python3.12/site-packages/sqlalchemy/pool/base.py:389: in _create_connection
    return _ConnectionRecord(self)
           ^^^^^^^^^^^^^^^^^^^^^^^
.venv/lib/python3.12/site-packages/sqlalchemy/pool/base.py:674: in __init__
    self.__connect()
.venv/lib/python3.12/site-packages/sqlalchemy/pool/base.py:900: in __connect
    with util.safe_reraise():
         ^^^^^^^^^^^^^^^^^^^
.venv/lib/python3.12/site-packages/sqlalchemy/util/langhelpers.py:122: in __exit__
    raise exc_value.with_traceback(exc_tb)
.venv/lib/python3.12/site-packages/sqlalchemy/pool/base.py:896: in __connect
    self.dbapi_connection = connection = pool._invoke_creator(self)
                                         ^^^^^^^^^^^^^^^^^^^^^^^^^^
.venv/lib/python3.12/site-packages/sqlalchemy/engine/create.py:667: in connect
    return dialect.connect(*cargs_tup, **cparams)
           ^^^^^^^^^^^^^^^^^^^^^^^^^^^^^^^^^^^^^^
.venv/lib/python3.12/site-packages/sqlalchemy/engine/default.py:630: in connect
    return self.loaded_dbapi.connect(*cargs, **cparams)  # type: ignore[no-any-return]  # NOQA: E501
           ^^^^^^^^^^^^^^^^^^^^^^^^^^^^^^^^^^^^^^^^^^^^
.venv/lib/python3.12/site-packages/psycopg/connection.py:126: in connect
    raise last_ex.with_traceback(None)
E   psycopg.OperationalError: connection failed: connection to server at "127.0.0.1", port 55432 failed: could not receive data from server: Connection refused

The above exception was the direct cause of the following exception:
tests/integration/conftest.py:24: in engine
    with administrative.connect() as connection:
         ^^^^^^^^^^^^^^^^^^^^^^^^
.venv/lib/python3.12/site-packages/sqlalchemy/engine/base.py:3295: in connect
    return self._connection_cls(self)
           ^^^^^^^^^^^^^^^^^^^^^^^^^^
.venv/lib/python3.12/site-packages/sqlalchemy/engine/base.py:146: in __init__
    Connection._handle_dbapi_exception_noconnection(
.venv/lib/python3.12/site-packages/sqlalchemy/engine/base.py:2450: in _handle_dbapi_exception_noconnection
    raise sqlalchemy_exception.with_traceback(exc_info[2]) from e
.venv/lib/python3.12/site-packages/sqlalchemy/engine/base.py:144: in __init__
    self._dbapi_connection = engine.raw_connection()
                             ^^^^^^^^^^^^^^^^^^^^^^^
.venv/lib/python3.12/site-packages/sqlalchemy/engine/base.py:3319: in raw_connection
    return self.pool.connect()
           ^^^^^^^^^^^^^^^^^^^
.venv/lib/python3.12/site-packages/sqlalchemy/pool/base.py:448: in connect
    return _ConnectionFairy._checkout(self)
           ^^^^^^^^^^^^^^^^^^^^^^^^^^^^^^^^
.venv/lib/python3.12/site-packages/sqlalchemy/pool/base.py:1290: in _checkout
    fairy = _ConnectionRecord.checkout(pool)
            ^^^^^^^^^^^^^^^^^^^^^^^^^^^^^^^^
.venv/lib/python3.12/site-packages/sqlalchemy/pool/base.py:712: in checkout
    rec = pool._do_get()
          ^^^^^^^^^^^^^^
.venv/lib/python3.12/site-packages/sqlalchemy/pool/impl.py:178: in _do_get
    with util.safe_reraise():
         ^^^^^^^^^^^^^^^^^^^
.venv/lib/python3.12/site-packages/sqlalchemy/util/langhelpers.py:122: in __exit__
    raise exc_value.with_traceback(exc_tb)
.venv/lib/python3.12/site-packages/sqlalchemy/pool/impl.py:176: in _do_get
    return self._create_connection()
           ^^^^^^^^^^^^^^^^^^^^^^^^^
.venv/lib/python3.12/site-packages/sqlalchemy/pool/base.py:389: in _create_connection
    return _ConnectionRecord(self)
           ^^^^^^^^^^^^^^^^^^^^^^^
.venv/lib/python3.12/site-packages/sqlalchemy/pool/base.py:674: in __init__
    self.__connect()
.venv/lib/python3.12/site-packages/sqlalchemy/pool/base.py:900: in __connect
    with util.safe_reraise():
         ^^^^^^^^^^^^^^^^^^^
.venv/lib/python3.12/site-packages/sqlalchemy/util/langhelpers.py:122: in __exit__
    raise exc_value.with_traceback(exc_tb)
.venv/lib/python3.12/site-packages/sqlalchemy/pool/base.py:896: in __connect
    self.dbapi_connection = connection = pool._invoke_creator(self)
                                         ^^^^^^^^^^^^^^^^^^^^^^^^^^
.venv/lib/python3.12/site-packages/sqlalchemy/engine/create.py:667: in connect
    return dialect.connect(*cargs_tup, **cparams)
           ^^^^^^^^^^^^^^^^^^^^^^^^^^^^^^^^^^^^^^
.venv/lib/python3.12/site-packages/sqlalchemy/engine/default.py:630: in connect
    return self.loaded_dbapi.connect(*cargs, **cparams)  # type: ignore[no-any-return]  # NOQA: E501
           ^^^^^^^^^^^^^^^^^^^^^^^^^^^^^^^^^^^^^^^^^^^^
.venv/lib/python3.12/site-packages/psycopg/connection.py:126: in connect
    raise last_ex.with_traceback(None)
E   sqlalchemy.exc.OperationalError: (psycopg.OperationalError) connection failed: connection to server at "127.0.0.1", port 55432 failed: could not receive data from server: Connection refused
E   (Background on this error at: https://sqlalche.me/e/20/e3q8)
_ ERROR at setup of test_worker_accepts_verified_legacy_scene_with_absent_optional_reference_fields _
.venv/lib/python3.12/site-packages/sqlalchemy/engine/base.py:144: in __init__
    self._dbapi_connection = engine.raw_connection()
                             ^^^^^^^^^^^^^^^^^^^^^^^
.venv/lib/python3.12/site-packages/sqlalchemy/engine/base.py:3319: in raw_connection
    return self.pool.connect()
           ^^^^^^^^^^^^^^^^^^^
.venv/lib/python3.12/site-packages/sqlalchemy/pool/base.py:448: in connect
    return _ConnectionFairy._checkout(self)
           ^^^^^^^^^^^^^^^^^^^^^^^^^^^^^^^^
.venv/lib/python3.12/site-packages/sqlalchemy/pool/base.py:1290: in _checkout
    fairy = _ConnectionRecord.checkout(pool)
            ^^^^^^^^^^^^^^^^^^^^^^^^^^^^^^^^
.venv/lib/python3.12/site-packages/sqlalchemy/pool/base.py:712: in checkout
    rec = pool._do_get()
          ^^^^^^^^^^^^^^
.venv/lib/python3.12/site-packages/sqlalchemy/pool/impl.py:178: in _do_get
    with util.safe_reraise():
         ^^^^^^^^^^^^^^^^^^^
.venv/lib/python3.12/site-packages/sqlalchemy/util/langhelpers.py:122: in __exit__
    raise exc_value.with_traceback(exc_tb)
.venv/lib/python3.12/site-packages/sqlalchemy/pool/impl.py:176: in _do_get
    return self._create_connection()
           ^^^^^^^^^^^^^^^^^^^^^^^^^
.venv/lib/python3.12/site-packages/sqlalchemy/pool/base.py:389: in _create_connection
    return _ConnectionRecord(self)
           ^^^^^^^^^^^^^^^^^^^^^^^
.venv/lib/python3.12/site-packages/sqlalchemy/pool/base.py:674: in __init__
    self.__connect()
.venv/lib/python3.12/site-packages/sqlalchemy/pool/base.py:900: in __connect
    with util.safe_reraise():
         ^^^^^^^^^^^^^^^^^^^
.venv/lib/python3.12/site-packages/sqlalchemy/util/langhelpers.py:122: in __exit__
    raise exc_value.with_traceback(exc_tb)
.venv/lib/python3.12/site-packages/sqlalchemy/pool/base.py:896: in __connect
    self.dbapi_connection = connection = pool._invoke_creator(self)
                                         ^^^^^^^^^^^^^^^^^^^^^^^^^^
.venv/lib/python3.12/site-packages/sqlalchemy/engine/create.py:667: in connect
    return dialect.connect(*cargs_tup, **cparams)
           ^^^^^^^^^^^^^^^^^^^^^^^^^^^^^^^^^^^^^^
.venv/lib/python3.12/site-packages/sqlalchemy/engine/default.py:630: in connect
    return self.loaded_dbapi.connect(*cargs, **cparams)  # type: ignore[no-any-return]  # NOQA: E501
           ^^^^^^^^^^^^^^^^^^^^^^^^^^^^^^^^^^^^^^^^^^^^
.venv/lib/python3.12/site-packages/psycopg/connection.py:126: in connect
    raise last_ex.with_traceback(None)
E   psycopg.OperationalError: connection failed: connection to server at "127.0.0.1", port 55432 failed: could not receive data from server: Connection refused

The above exception was the direct cause of the following exception:
tests/integration/conftest.py:24: in engine
    with administrative.connect() as connection:
         ^^^^^^^^^^^^^^^^^^^^^^^^
.venv/lib/python3.12/site-packages/sqlalchemy/engine/base.py:3295: in connect
    return self._connection_cls(self)
           ^^^^^^^^^^^^^^^^^^^^^^^^^^
.venv/lib/python3.12/site-packages/sqlalchemy/engine/base.py:146: in __init__
    Connection._handle_dbapi_exception_noconnection(
.venv/lib/python3.12/site-packages/sqlalchemy/engine/base.py:2450: in _handle_dbapi_exception_noconnection
    raise sqlalchemy_exception.with_traceback(exc_info[2]) from e
.venv/lib/python3.12/site-packages/sqlalchemy/engine/base.py:144: in __init__
    self._dbapi_connection = engine.raw_connection()
                             ^^^^^^^^^^^^^^^^^^^^^^^
.venv/lib/python3.12/site-packages/sqlalchemy/engine/base.py:3319: in raw_connection
    return self.pool.connect()
           ^^^^^^^^^^^^^^^^^^^
.venv/lib/python3.12/site-packages/sqlalchemy/pool/base.py:448: in connect
    return _ConnectionFairy._checkout(self)
           ^^^^^^^^^^^^^^^^^^^^^^^^^^^^^^^^
.venv/lib/python3.12/site-packages/sqlalchemy/pool/base.py:1290: in _checkout
    fairy = _ConnectionRecord.checkout(pool)
            ^^^^^^^^^^^^^^^^^^^^^^^^^^^^^^^^
.venv/lib/python3.12/site-packages/sqlalchemy/pool/base.py:712: in checkout
    rec = pool._do_get()
          ^^^^^^^^^^^^^^
.venv/lib/python3.12/site-packages/sqlalchemy/pool/impl.py:178: in _do_get
    with util.safe_reraise():
         ^^^^^^^^^^^^^^^^^^^
.venv/lib/python3.12/site-packages/sqlalchemy/util/langhelpers.py:122: in __exit__
    raise exc_value.with_traceback(exc_tb)
.venv/lib/python3.12/site-packages/sqlalchemy/pool/impl.py:176: in _do_get
    return self._create_connection()
           ^^^^^^^^^^^^^^^^^^^^^^^^^
.venv/lib/python3.12/site-packages/sqlalchemy/pool/base.py:389: in _create_connection
    return _ConnectionRecord(self)
           ^^^^^^^^^^^^^^^^^^^^^^^
.venv/lib/python3.12/site-packages/sqlalchemy/pool/base.py:674: in __init__
    self.__connect()
.venv/lib/python3.12/site-packages/sqlalchemy/pool/base.py:900: in __connect
    with util.safe_reraise():
         ^^^^^^^^^^^^^^^^^^^
.venv/lib/python3.12/site-packages/sqlalchemy/util/langhelpers.py:122: in __exit__
    raise exc_value.with_traceback(exc_tb)
.venv/lib/python3.12/site-packages/sqlalchemy/pool/base.py:896: in __connect
    self.dbapi_connection = connection = pool._invoke_creator(self)
                                         ^^^^^^^^^^^^^^^^^^^^^^^^^^
.venv/lib/python3.12/site-packages/sqlalchemy/engine/create.py:667: in connect
    return dialect.connect(*cargs_tup, **cparams)
           ^^^^^^^^^^^^^^^^^^^^^^^^^^^^^^^^^^^^^^
.venv/lib/python3.12/site-packages/sqlalchemy/engine/default.py:630: in connect
    return self.loaded_dbapi.connect(*cargs, **cparams)  # type: ignore[no-any-return]  # NOQA: E501
           ^^^^^^^^^^^^^^^^^^^^^^^^^^^^^^^^^^^^^^^^^^^^
.venv/lib/python3.12/site-packages/psycopg/connection.py:126: in connect
    raise last_ex.with_traceback(None)
E   sqlalchemy.exc.OperationalError: (psycopg.OperationalError) connection failed: connection to server at "127.0.0.1", port 55432 failed: could not receive data from server: Connection refused
E   (Background on this error at: https://sqlalche.me/e/20/e3q8)
_ ERROR at setup of test_scene_entity_revocation_is_checked_at_submission_and_worker _
.venv/lib/python3.12/site-packages/sqlalchemy/engine/base.py:144: in __init__
    self._dbapi_connection = engine.raw_connection()
                             ^^^^^^^^^^^^^^^^^^^^^^^
.venv/lib/python3.12/site-packages/sqlalchemy/engine/base.py:3319: in raw_connection
    return self.pool.connect()
           ^^^^^^^^^^^^^^^^^^^
.venv/lib/python3.12/site-packages/sqlalchemy/pool/base.py:448: in connect
    return _ConnectionFairy._checkout(self)
           ^^^^^^^^^^^^^^^^^^^^^^^^^^^^^^^^
.venv/lib/python3.12/site-packages/sqlalchemy/pool/base.py:1290: in _checkout
    fairy = _ConnectionRecord.checkout(pool)
            ^^^^^^^^^^^^^^^^^^^^^^^^^^^^^^^^
.venv/lib/python3.12/site-packages/sqlalchemy/pool/base.py:712: in checkout
    rec = pool._do_get()
          ^^^^^^^^^^^^^^
.venv/lib/python3.12/site-packages/sqlalchemy/pool/impl.py:178: in _do_get
    with util.safe_reraise():
         ^^^^^^^^^^^^^^^^^^^
.venv/lib/python3.12/site-packages/sqlalchemy/util/langhelpers.py:122: in __exit__
    raise exc_value.with_traceback(exc_tb)
.venv/lib/python3.12/site-packages/sqlalchemy/pool/impl.py:176: in _do_get
    return self._create_connection()
           ^^^^^^^^^^^^^^^^^^^^^^^^^
.venv/lib/python3.12/site-packages/sqlalchemy/pool/base.py:389: in _create_connection
    return _ConnectionRecord(self)
           ^^^^^^^^^^^^^^^^^^^^^^^
.venv/lib/python3.12/site-packages/sqlalchemy/pool/base.py:674: in __init__
    self.__connect()
.venv/lib/python3.12/site-packages/sqlalchemy/pool/base.py:900: in __connect
    with util.safe_reraise():
         ^^^^^^^^^^^^^^^^^^^
.venv/lib/python3.12/site-packages/sqlalchemy/util/langhelpers.py:122: in __exit__
    raise exc_value.with_traceback(exc_tb)
.venv/lib/python3.12/site-packages/sqlalchemy/pool/base.py:896: in __connect
    self.dbapi_connection = connection = pool._invoke_creator(self)
                                         ^^^^^^^^^^^^^^^^^^^^^^^^^^
.venv/lib/python3.12/site-packages/sqlalchemy/engine/create.py:667: in connect
    return dialect.connect(*cargs_tup, **cparams)
           ^^^^^^^^^^^^^^^^^^^^^^^^^^^^^^^^^^^^^^
.venv/lib/python3.12/site-packages/sqlalchemy/engine/default.py:630: in connect
    return self.loaded_dbapi.connect(*cargs, **cparams)  # type: ignore[no-any-return]  # NOQA: E501
           ^^^^^^^^^^^^^^^^^^^^^^^^^^^^^^^^^^^^^^^^^^^^
.venv/lib/python3.12/site-packages/psycopg/connection.py:126: in connect
    raise last_ex.with_traceback(None)
E   psycopg.OperationalError: connection failed: connection to server at "127.0.0.1", port 55432 failed: could not receive data from server: Connection refused

The above exception was the direct cause of the following exception:
tests/integration/conftest.py:24: in engine
    with administrative.connect() as connection:
         ^^^^^^^^^^^^^^^^^^^^^^^^
.venv/lib/python3.12/site-packages/sqlalchemy/engine/base.py:3295: in connect
    return self._connection_cls(self)
           ^^^^^^^^^^^^^^^^^^^^^^^^^^
.venv/lib/python3.12/site-packages/sqlalchemy/engine/base.py:146: in __init__
    Connection._handle_dbapi_exception_noconnection(
.venv/lib/python3.12/site-packages/sqlalchemy/engine/base.py:2450: in _handle_dbapi_exception_noconnection
    raise sqlalchemy_exception.with_traceback(exc_info[2]) from e
.venv/lib/python3.12/site-packages/sqlalchemy/engine/base.py:144: in __init__
    self._dbapi_connection = engine.raw_connection()
                             ^^^^^^^^^^^^^^^^^^^^^^^
.venv/lib/python3.12/site-packages/sqlalchemy/engine/base.py:3319: in raw_connection
    return self.pool.connect()
           ^^^^^^^^^^^^^^^^^^^
.venv/lib/python3.12/site-packages/sqlalchemy/pool/base.py:448: in connect
    return _ConnectionFairy._checkout(self)
           ^^^^^^^^^^^^^^^^^^^^^^^^^^^^^^^^
.venv/lib/python3.12/site-packages/sqlalchemy/pool/base.py:1290: in _checkout
    fairy = _ConnectionRecord.checkout(pool)
            ^^^^^^^^^^^^^^^^^^^^^^^^^^^^^^^^
.venv/lib/python3.12/site-packages/sqlalchemy/pool/base.py:712: in checkout
    rec = pool._do_get()
          ^^^^^^^^^^^^^^
.venv/lib/python3.12/site-packages/sqlalchemy/pool/impl.py:178: in _do_get
    with util.safe_reraise():
         ^^^^^^^^^^^^^^^^^^^
.venv/lib/python3.12/site-packages/sqlalchemy/util/langhelpers.py:122: in __exit__
    raise exc_value.with_traceback(exc_tb)
.venv/lib/python3.12/site-packages/sqlalchemy/pool/impl.py:176: in _do_get
    return self._create_connection()
           ^^^^^^^^^^^^^^^^^^^^^^^^^
.venv/lib/python3.12/site-packages/sqlalchemy/pool/base.py:389: in _create_connection
    return _ConnectionRecord(self)
           ^^^^^^^^^^^^^^^^^^^^^^^
.venv/lib/python3.12/site-packages/sqlalchemy/pool/base.py:674: in __init__
    self.__connect()
.venv/lib/python3.12/site-packages/sqlalchemy/pool/base.py:900: in __connect
    with util.safe_reraise():
         ^^^^^^^^^^^^^^^^^^^
.venv/lib/python3.12/site-packages/sqlalchemy/util/langhelpers.py:122: in __exit__
    raise exc_value.with_traceback(exc_tb)
.venv/lib/python3.12/site-packages/sqlalchemy/pool/base.py:896: in __connect
    self.dbapi_connection = connection = pool._invoke_creator(self)
                                         ^^^^^^^^^^^^^^^^^^^^^^^^^^
.venv/lib/python3.12/site-packages/sqlalchemy/engine/create.py:667: in connect
    return dialect.connect(*cargs_tup, **cparams)
           ^^^^^^^^^^^^^^^^^^^^^^^^^^^^^^^^^^^^^^
.venv/lib/python3.12/site-packages/sqlalchemy/engine/default.py:630: in connect
    return self.loaded_dbapi.connect(*cargs, **cparams)  # type: ignore[no-any-return]  # NOQA: E501
           ^^^^^^^^^^^^^^^^^^^^^^^^^^^^^^^^^^^^^^^^^^^^
.venv/lib/python3.12/site-packages/psycopg/connection.py:126: in connect
    raise last_ex.with_traceback(None)
E   sqlalchemy.exc.OperationalError: (psycopg.OperationalError) connection failed: connection to server at "127.0.0.1", port 55432 failed: could not receive data from server: Connection refused
E   (Background on this error at: https://sqlalche.me/e/20/e3q8)
_ ERROR at setup of test_real_object_store_is_immutable_and_checksum_verified __
src/coastmas/adapters/storage.py:89: in ensure_bucket
    self.client.head_bucket(Bucket=self.bucket)
.venv/lib/python3.12/site-packages/botocore/client.py:606: in _api_call
    return self._make_api_call(operation_name, kwargs)
           ^^^^^^^^^^^^^^^^^^^^^^^^^^^^^^^^^^^^^^^^^^^
.venv/lib/python3.12/site-packages/botocore/context.py:123: in wrapper
    return func(*args, **kwargs)
           ^^^^^^^^^^^^^^^^^^^^^
.venv/lib/python3.12/site-packages/botocore/client.py:1094: in _make_api_call
    raise error_class(parsed_response, operation_name)
E   botocore.exceptions.ClientError: An error occurred (502) when calling the HeadBucket operation (reached max retries: 0): Bad Gateway

The above exception was the direct cause of the following exception:
tests/integration/conftest.py:83: in storage
    store.ensure_bucket()
src/coastmas/adapters/storage.py:92: in ensure_bucket
    raise CoastMASError(
E   coastmas.core.errors.CoastMASError: object storage bucket is unavailable
__________ ERROR at setup of test_object_keys_cannot_escape_namespace __________
src/coastmas/adapters/storage.py:89: in ensure_bucket
    self.client.head_bucket(Bucket=self.bucket)
.venv/lib/python3.12/site-packages/botocore/client.py:606: in _api_call
    return self._make_api_call(operation_name, kwargs)
           ^^^^^^^^^^^^^^^^^^^^^^^^^^^^^^^^^^^^^^^^^^^
.venv/lib/python3.12/site-packages/botocore/context.py:123: in wrapper
    return func(*args, **kwargs)
           ^^^^^^^^^^^^^^^^^^^^^
.venv/lib/python3.12/site-packages/botocore/client.py:1094: in _make_api_call
    raise error_class(parsed_response, operation_name)
E   botocore.exceptions.ClientError: An error occurred (502) when calling the HeadBucket operation (reached max retries: 0): Bad Gateway

The above exception was the direct cause of the following exception:
tests/integration/conftest.py:83: in storage
    store.ensure_bucket()
src/coastmas/adapters/storage.py:92: in ensure_bucket
    raise CoastMASError(
E   coastmas.core.errors.CoastMASError: object storage bucket is unavailable
_ ERROR at setup of test_real_redis_worker_to_postgres_and_minio_publishes_once _
.venv/lib/python3.12/site-packages/sqlalchemy/engine/base.py:144: in __init__
    self._dbapi_connection = engine.raw_connection()
                             ^^^^^^^^^^^^^^^^^^^^^^^
.venv/lib/python3.12/site-packages/sqlalchemy/engine/base.py:3319: in raw_connection
    return self.pool.connect()
           ^^^^^^^^^^^^^^^^^^^
.venv/lib/python3.12/site-packages/sqlalchemy/pool/base.py:448: in connect
    return _ConnectionFairy._checkout(self)
           ^^^^^^^^^^^^^^^^^^^^^^^^^^^^^^^^
.venv/lib/python3.12/site-packages/sqlalchemy/pool/base.py:1290: in _checkout
    fairy = _ConnectionRecord.checkout(pool)
            ^^^^^^^^^^^^^^^^^^^^^^^^^^^^^^^^
.venv/lib/python3.12/site-packages/sqlalchemy/pool/base.py:712: in checkout
    rec = pool._do_get()
          ^^^^^^^^^^^^^^
.venv/lib/python3.12/site-packages/sqlalchemy/pool/impl.py:178: in _do_get
    with util.safe_reraise():
         ^^^^^^^^^^^^^^^^^^^
.venv/lib/python3.12/site-packages/sqlalchemy/util/langhelpers.py:122: in __exit__
    raise exc_value.with_traceback(exc_tb)
.venv/lib/python3.12/site-packages/sqlalchemy/pool/impl.py:176: in _do_get
    return self._create_connection()
           ^^^^^^^^^^^^^^^^^^^^^^^^^
.venv/lib/python3.12/site-packages/sqlalchemy/pool/base.py:389: in _create_connection
    return _ConnectionRecord(self)
           ^^^^^^^^^^^^^^^^^^^^^^^
.venv/lib/python3.12/site-packages/sqlalchemy/pool/base.py:674: in __init__
    self.__connect()
.venv/lib/python3.12/site-packages/sqlalchemy/pool/base.py:900: in __connect
    with util.safe_reraise():
         ^^^^^^^^^^^^^^^^^^^
.venv/lib/python3.12/site-packages/sqlalchemy/util/langhelpers.py:122: in __exit__
    raise exc_value.with_traceback(exc_tb)
.venv/lib/python3.12/site-packages/sqlalchemy/pool/base.py:896: in __connect
    self.dbapi_connection = connection = pool._invoke_creator(self)
                                         ^^^^^^^^^^^^^^^^^^^^^^^^^^
.venv/lib/python3.12/site-packages/sqlalchemy/engine/create.py:667: in connect
    return dialect.connect(*cargs_tup, **cparams)
           ^^^^^^^^^^^^^^^^^^^^^^^^^^^^^^^^^^^^^^
.venv/lib/python3.12/site-packages/sqlalchemy/engine/default.py:630: in connect
    return self.loaded_dbapi.connect(*cargs, **cparams)  # type: ignore[no-any-return]  # NOQA: E501
           ^^^^^^^^^^^^^^^^^^^^^^^^^^^^^^^^^^^^^^^^^^^^
.venv/lib/python3.12/site-packages/psycopg/connection.py:126: in connect
    raise last_ex.with_traceback(None)
E   psycopg.OperationalError: connection failed: connection to server at "127.0.0.1", port 55432 failed: could not receive data from server: Connection refused

The above exception was the direct cause of the following exception:
tests/integration/conftest.py:24: in engine
    with administrative.connect() as connection:
         ^^^^^^^^^^^^^^^^^^^^^^^^
.venv/lib/python3.12/site-packages/sqlalchemy/engine/base.py:3295: in connect
    return self._connection_cls(self)
           ^^^^^^^^^^^^^^^^^^^^^^^^^^
.venv/lib/python3.12/site-packages/sqlalchemy/engine/base.py:146: in __init__
    Connection._handle_dbapi_exception_noconnection(
.venv/lib/python3.12/site-packages/sqlalchemy/engine/base.py:2450: in _handle_dbapi_exception_noconnection
    raise sqlalchemy_exception.with_traceback(exc_info[2]) from e
.venv/lib/python3.12/site-packages/sqlalchemy/engine/base.py:144: in __init__
    self._dbapi_connection = engine.raw_connection()
                             ^^^^^^^^^^^^^^^^^^^^^^^
.venv/lib/python3.12/site-packages/sqlalchemy/engine/base.py:3319: in raw_connection
    return self.pool.connect()
           ^^^^^^^^^^^^^^^^^^^
.venv/lib/python3.12/site-packages/sqlalchemy/pool/base.py:448: in connect
    return _ConnectionFairy._checkout(self)
           ^^^^^^^^^^^^^^^^^^^^^^^^^^^^^^^^
.venv/lib/python3.12/site-packages/sqlalchemy/pool/base.py:1290: in _checkout
    fairy = _ConnectionRecord.checkout(pool)
            ^^^^^^^^^^^^^^^^^^^^^^^^^^^^^^^^
.venv/lib/python3.12/site-packages/sqlalchemy/pool/base.py:712: in checkout
    rec = pool._do_get()
          ^^^^^^^^^^^^^^
.venv/lib/python3.12/site-packages/sqlalchemy/pool/impl.py:178: in _do_get
    with util.safe_reraise():
         ^^^^^^^^^^^^^^^^^^^
.venv/lib/python3.12/site-packages/sqlalchemy/util/langhelpers.py:122: in __exit__
    raise exc_value.with_traceback(exc_tb)
.venv/lib/python3.12/site-packages/sqlalchemy/pool/impl.py:176: in _do_get
    return self._create_connection()
           ^^^^^^^^^^^^^^^^^^^^^^^^^
.venv/lib/python3.12/site-packages/sqlalchemy/pool/base.py:389: in _create_connection
    return _ConnectionRecord(self)
           ^^^^^^^^^^^^^^^^^^^^^^^
.venv/lib/python3.12/site-packages/sqlalchemy/pool/base.py:674: in __init__
    self.__connect()
.venv/lib/python3.12/site-packages/sqlalchemy/pool/base.py:900: in __connect
    with util.safe_reraise():
         ^^^^^^^^^^^^^^^^^^^
.venv/lib/python3.12/site-packages/sqlalchemy/util/langhelpers.py:122: in __exit__
    raise exc_value.with_traceback(exc_tb)
.venv/lib/python3.12/site-packages/sqlalchemy/pool/base.py:896: in __connect
    self.dbapi_connection = connection = pool._invoke_creator(self)
                                         ^^^^^^^^^^^^^^^^^^^^^^^^^^
.venv/lib/python3.12/site-packages/sqlalchemy/engine/create.py:667: in connect
    return dialect.connect(*cargs_tup, **cparams)
           ^^^^^^^^^^^^^^^^^^^^^^^^^^^^^^^^^^^^^^
.venv/lib/python3.12/site-packages/sqlalchemy/engine/default.py:630: in connect
    return self.loaded_dbapi.connect(*cargs, **cparams)  # type: ignore[no-any-return]  # NOQA: E501
           ^^^^^^^^^^^^^^^^^^^^^^^^^^^^^^^^^^^^^^^^^^^^
.venv/lib/python3.12/site-packages/psycopg/connection.py:126: in connect
    raise last_ex.with_traceback(None)
E   sqlalchemy.exc.OperationalError: (psycopg.OperationalError) connection failed: connection to server at "127.0.0.1", port 55432 failed: could not receive data from server: Connection refused
E   (Background on this error at: https://sqlalche.me/e/20/e3q8)
_ ERROR at setup of test_running_worker_stops_on_cancel_or_permission_revocation[cancel] _
.venv/lib/python3.12/site-packages/sqlalchemy/engine/base.py:144: in __init__
    self._dbapi_connection = engine.raw_connection()
                             ^^^^^^^^^^^^^^^^^^^^^^^
.venv/lib/python3.12/site-packages/sqlalchemy/engine/base.py:3319: in raw_connection
    return self.pool.connect()
           ^^^^^^^^^^^^^^^^^^^
.venv/lib/python3.12/site-packages/sqlalchemy/pool/base.py:448: in connect
    return _ConnectionFairy._checkout(self)
           ^^^^^^^^^^^^^^^^^^^^^^^^^^^^^^^^
.venv/lib/python3.12/site-packages/sqlalchemy/pool/base.py:1290: in _checkout
    fairy = _ConnectionRecord.checkout(pool)
            ^^^^^^^^^^^^^^^^^^^^^^^^^^^^^^^^
.venv/lib/python3.12/site-packages/sqlalchemy/pool/base.py:712: in checkout
    rec = pool._do_get()
          ^^^^^^^^^^^^^^
.venv/lib/python3.12/site-packages/sqlalchemy/pool/impl.py:178: in _do_get
    with util.safe_reraise():
         ^^^^^^^^^^^^^^^^^^^
.venv/lib/python3.12/site-packages/sqlalchemy/util/langhelpers.py:122: in __exit__
    raise exc_value.with_traceback(exc_tb)
.venv/lib/python3.12/site-packages/sqlalchemy/pool/impl.py:176: in _do_get
    return self._create_connection()
           ^^^^^^^^^^^^^^^^^^^^^^^^^
.venv/lib/python3.12/site-packages/sqlalchemy/pool/base.py:389: in _create_connection
    return _ConnectionRecord(self)
           ^^^^^^^^^^^^^^^^^^^^^^^
.venv/lib/python3.12/site-packages/sqlalchemy/pool/base.py:674: in __init__
    self.__connect()
.venv/lib/python3.12/site-packages/sqlalchemy/pool/base.py:900: in __connect
    with util.safe_reraise():
         ^^^^^^^^^^^^^^^^^^^
.venv/lib/python3.12/site-packages/sqlalchemy/util/langhelpers.py:122: in __exit__
    raise exc_value.with_traceback(exc_tb)
.venv/lib/python3.12/site-packages/sqlalchemy/pool/base.py:896: in __connect
    self.dbapi_connection = connection = pool._invoke_creator(self)
                                         ^^^^^^^^^^^^^^^^^^^^^^^^^^
.venv/lib/python3.12/site-packages/sqlalchemy/engine/create.py:667: in connect
    return dialect.connect(*cargs_tup, **cparams)
           ^^^^^^^^^^^^^^^^^^^^^^^^^^^^^^^^^^^^^^
.venv/lib/python3.12/site-packages/sqlalchemy/engine/default.py:630: in connect
    return self.loaded_dbapi.connect(*cargs, **cparams)  # type: ignore[no-any-return]  # NOQA: E501
           ^^^^^^^^^^^^^^^^^^^^^^^^^^^^^^^^^^^^^^^^^^^^
.venv/lib/python3.12/site-packages/psycopg/connection.py:126: in connect
    raise last_ex.with_traceback(None)
E   psycopg.OperationalError: connection failed: connection to server at "127.0.0.1", port 55432 failed: could not receive data from server: Connection refused

The above exception was the direct cause of the following exception:
tests/integration/conftest.py:24: in engine
    with administrative.connect() as connection:
         ^^^^^^^^^^^^^^^^^^^^^^^^
.venv/lib/python3.12/site-packages/sqlalchemy/engine/base.py:3295: in connect
    return self._connection_cls(self)
           ^^^^^^^^^^^^^^^^^^^^^^^^^^
.venv/lib/python3.12/site-packages/sqlalchemy/engine/base.py:146: in __init__
    Connection._handle_dbapi_exception_noconnection(
.venv/lib/python3.12/site-packages/sqlalchemy/engine/base.py:2450: in _handle_dbapi_exception_noconnection
    raise sqlalchemy_exception.with_traceback(exc_info[2]) from e
.venv/lib/python3.12/site-packages/sqlalchemy/engine/base.py:144: in __init__
    self._dbapi_connection = engine.raw_connection()
                             ^^^^^^^^^^^^^^^^^^^^^^^
.venv/lib/python3.12/site-packages/sqlalchemy/engine/base.py:3319: in raw_connection
    return self.pool.connect()
           ^^^^^^^^^^^^^^^^^^^
.venv/lib/python3.12/site-packages/sqlalchemy/pool/base.py:448: in connect
    return _ConnectionFairy._checkout(self)
           ^^^^^^^^^^^^^^^^^^^^^^^^^^^^^^^^
.venv/lib/python3.12/site-packages/sqlalchemy/pool/base.py:1290: in _checkout
    fairy = _ConnectionRecord.checkout(pool)
            ^^^^^^^^^^^^^^^^^^^^^^^^^^^^^^^^
.venv/lib/python3.12/site-packages/sqlalchemy/pool/base.py:712: in checkout
    rec = pool._do_get()
          ^^^^^^^^^^^^^^
.venv/lib/python3.12/site-packages/sqlalchemy/pool/impl.py:178: in _do_get
    with util.safe_reraise():
         ^^^^^^^^^^^^^^^^^^^
.venv/lib/python3.12/site-packages/sqlalchemy/util/langhelpers.py:122: in __exit__
    raise exc_value.with_traceback(exc_tb)
.venv/lib/python3.12/site-packages/sqlalchemy/pool/impl.py:176: in _do_get
    return self._create_connection()
           ^^^^^^^^^^^^^^^^^^^^^^^^^
.venv/lib/python3.12/site-packages/sqlalchemy/pool/base.py:389: in _create_connection
    return _ConnectionRecord(self)
           ^^^^^^^^^^^^^^^^^^^^^^^
.venv/lib/python3.12/site-packages/sqlalchemy/pool/base.py:674: in __init__
    self.__connect()
.venv/lib/python3.12/site-packages/sqlalchemy/pool/base.py:900: in __connect
    with util.safe_reraise():
         ^^^^^^^^^^^^^^^^^^^
.venv/lib/python3.12/site-packages/sqlalchemy/util/langhelpers.py:122: in __exit__
    raise exc_value.with_traceback(exc_tb)
.venv/lib/python3.12/site-packages/sqlalchemy/pool/base.py:896: in __connect
    self.dbapi_connection = connection = pool._invoke_creator(self)
                                         ^^^^^^^^^^^^^^^^^^^^^^^^^^
.venv/lib/python3.12/site-packages/sqlalchemy/engine/create.py:667: in connect
    return dialect.connect(*cargs_tup, **cparams)
           ^^^^^^^^^^^^^^^^^^^^^^^^^^^^^^^^^^^^^^
.venv/lib/python3.12/site-packages/sqlalchemy/engine/default.py:630: in connect
    return self.loaded_dbapi.connect(*cargs, **cparams)  # type: ignore[no-any-return]  # NOQA: E501
           ^^^^^^^^^^^^^^^^^^^^^^^^^^^^^^^^^^^^^^^^^^^^
.venv/lib/python3.12/site-packages/psycopg/connection.py:126: in connect
    raise last_ex.with_traceback(None)
E   sqlalchemy.exc.OperationalError: (psycopg.OperationalError) connection failed: connection to server at "127.0.0.1", port 55432 failed: could not receive data from server: Connection refused
E   (Background on this error at: https://sqlalche.me/e/20/e3q8)
_ ERROR at setup of test_running_worker_stops_on_cancel_or_permission_revocation[revoke] _
.venv/lib/python3.12/site-packages/sqlalchemy/engine/base.py:144: in __init__
    self._dbapi_connection = engine.raw_connection()
                             ^^^^^^^^^^^^^^^^^^^^^^^
.venv/lib/python3.12/site-packages/sqlalchemy/engine/base.py:3319: in raw_connection
    return self.pool.connect()
           ^^^^^^^^^^^^^^^^^^^
.venv/lib/python3.12/site-packages/sqlalchemy/pool/base.py:448: in connect
    return _ConnectionFairy._checkout(self)
           ^^^^^^^^^^^^^^^^^^^^^^^^^^^^^^^^
.venv/lib/python3.12/site-packages/sqlalchemy/pool/base.py:1290: in _checkout
    fairy = _ConnectionRecord.checkout(pool)
            ^^^^^^^^^^^^^^^^^^^^^^^^^^^^^^^^
.venv/lib/python3.12/site-packages/sqlalchemy/pool/base.py:712: in checkout
    rec = pool._do_get()
          ^^^^^^^^^^^^^^
.venv/lib/python3.12/site-packages/sqlalchemy/pool/impl.py:178: in _do_get
    with util.safe_reraise():
         ^^^^^^^^^^^^^^^^^^^
.venv/lib/python3.12/site-packages/sqlalchemy/util/langhelpers.py:122: in __exit__
    raise exc_value.with_traceback(exc_tb)
.venv/lib/python3.12/site-packages/sqlalchemy/pool/impl.py:176: in _do_get
    return self._create_connection()
           ^^^^^^^^^^^^^^^^^^^^^^^^^
.venv/lib/python3.12/site-packages/sqlalchemy/pool/base.py:389: in _create_connection
    return _ConnectionRecord(self)
           ^^^^^^^^^^^^^^^^^^^^^^^
.venv/lib/python3.12/site-packages/sqlalchemy/pool/base.py:674: in __init__
    self.__connect()
.venv/lib/python3.12/site-packages/sqlalchemy/pool/base.py:900: in __connect
    with util.safe_reraise():
         ^^^^^^^^^^^^^^^^^^^
.venv/lib/python3.12/site-packages/sqlalchemy/util/langhelpers.py:122: in __exit__
    raise exc_value.with_traceback(exc_tb)
.venv/lib/python3.12/site-packages/sqlalchemy/pool/base.py:896: in __connect
    self.dbapi_connection = connection = pool._invoke_creator(self)
                                         ^^^^^^^^^^^^^^^^^^^^^^^^^^
.venv/lib/python3.12/site-packages/sqlalchemy/engine/create.py:667: in connect
    return dialect.connect(*cargs_tup, **cparams)
           ^^^^^^^^^^^^^^^^^^^^^^^^^^^^^^^^^^^^^^
.venv/lib/python3.12/site-packages/sqlalchemy/engine/default.py:630: in connect
    return self.loaded_dbapi.connect(*cargs, **cparams)  # type: ignore[no-any-return]  # NOQA: E501
           ^^^^^^^^^^^^^^^^^^^^^^^^^^^^^^^^^^^^^^^^^^^^
.venv/lib/python3.12/site-packages/psycopg/connection.py:126: in connect
    raise last_ex.with_traceback(None)
E   psycopg.OperationalError: connection failed: connection to server at "127.0.0.1", port 55432 failed: could not receive data from server: Connection refused

The above exception was the direct cause of the following exception:
tests/integration/conftest.py:24: in engine
    with administrative.connect() as connection:
         ^^^^^^^^^^^^^^^^^^^^^^^^
.venv/lib/python3.12/site-packages/sqlalchemy/engine/base.py:3295: in connect
    return self._connection_cls(self)
           ^^^^^^^^^^^^^^^^^^^^^^^^^^
.venv/lib/python3.12/site-packages/sqlalchemy/engine/base.py:146: in __init__
    Connection._handle_dbapi_exception_noconnection(
.venv/lib/python3.12/site-packages/sqlalchemy/engine/base.py:2450: in _handle_dbapi_exception_noconnection
    raise sqlalchemy_exception.with_traceback(exc_info[2]) from e
.venv/lib/python3.12/site-packages/sqlalchemy/engine/base.py:144: in __init__
    self._dbapi_connection = engine.raw_connection()
                             ^^^^^^^^^^^^^^^^^^^^^^^
.venv/lib/python3.12/site-packages/sqlalchemy/engine/base.py:3319: in raw_connection
    return self.pool.connect()
           ^^^^^^^^^^^^^^^^^^^
.venv/lib/python3.12/site-packages/sqlalchemy/pool/base.py:448: in connect
    return _ConnectionFairy._checkout(self)
           ^^^^^^^^^^^^^^^^^^^^^^^^^^^^^^^^
.venv/lib/python3.12/site-packages/sqlalchemy/pool/base.py:1290: in _checkout
    fairy = _ConnectionRecord.checkout(pool)
            ^^^^^^^^^^^^^^^^^^^^^^^^^^^^^^^^
.venv/lib/python3.12/site-packages/sqlalchemy/pool/base.py:712: in checkout
    rec = pool._do_get()
          ^^^^^^^^^^^^^^
.venv/lib/python3.12/site-packages/sqlalchemy/pool/impl.py:178: in _do_get
    with util.safe_reraise():
         ^^^^^^^^^^^^^^^^^^^
.venv/lib/python3.12/site-packages/sqlalchemy/util/langhelpers.py:122: in __exit__
    raise exc_value.with_traceback(exc_tb)
.venv/lib/python3.12/site-packages/sqlalchemy/pool/impl.py:176: in _do_get
    return self._create_connection()
           ^^^^^^^^^^^^^^^^^^^^^^^^^
.venv/lib/python3.12/site-packages/sqlalchemy/pool/base.py:389: in _create_connection
    return _ConnectionRecord(self)
           ^^^^^^^^^^^^^^^^^^^^^^^
.venv/lib/python3.12/site-packages/sqlalchemy/pool/base.py:674: in __init__
    self.__connect()
.venv/lib/python3.12/site-packages/sqlalchemy/pool/base.py:900: in __connect
    with util.safe_reraise():
         ^^^^^^^^^^^^^^^^^^^
.venv/lib/python3.12/site-packages/sqlalchemy/util/langhelpers.py:122: in __exit__
    raise exc_value.with_traceback(exc_tb)
.venv/lib/python3.12/site-packages/sqlalchemy/pool/base.py:896: in __connect
    self.dbapi_connection = connection = pool._invoke_creator(self)
                                         ^^^^^^^^^^^^^^^^^^^^^^^^^^
.venv/lib/python3.12/site-packages/sqlalchemy/engine/create.py:667: in connect
    return dialect.connect(*cargs_tup, **cparams)
           ^^^^^^^^^^^^^^^^^^^^^^^^^^^^^^^^^^^^^^
.venv/lib/python3.12/site-packages/sqlalchemy/engine/default.py:630: in connect
    return self.loaded_dbapi.connect(*cargs, **cparams)  # type: ignore[no-any-return]  # NOQA: E501
           ^^^^^^^^^^^^^^^^^^^^^^^^^^^^^^^^^^^^^^^^^^^^
.venv/lib/python3.12/site-packages/psycopg/connection.py:126: in connect
    raise last_ex.with_traceback(None)
E   sqlalchemy.exc.OperationalError: (psycopg.OperationalError) connection failed: connection to server at "127.0.0.1", port 55432 failed: could not receive data from server: Connection refused
E   (Background on this error at: https://sqlalche.me/e/20/e3q8)
_ ERROR at setup of test_manifest_rechecks_cached_resource_lifecycle[enabled-False] _
.venv/lib/python3.12/site-packages/sqlalchemy/engine/base.py:144: in __init__
    self._dbapi_connection = engine.raw_connection()
                             ^^^^^^^^^^^^^^^^^^^^^^^
.venv/lib/python3.12/site-packages/sqlalchemy/engine/base.py:3319: in raw_connection
    return self.pool.connect()
           ^^^^^^^^^^^^^^^^^^^
.venv/lib/python3.12/site-packages/sqlalchemy/pool/base.py:448: in connect
    return _ConnectionFairy._checkout(self)
           ^^^^^^^^^^^^^^^^^^^^^^^^^^^^^^^^
.venv/lib/python3.12/site-packages/sqlalchemy/pool/base.py:1290: in _checkout
    fairy = _ConnectionRecord.checkout(pool)
            ^^^^^^^^^^^^^^^^^^^^^^^^^^^^^^^^
.venv/lib/python3.12/site-packages/sqlalchemy/pool/base.py:712: in checkout
    rec = pool._do_get()
          ^^^^^^^^^^^^^^
.venv/lib/python3.12/site-packages/sqlalchemy/pool/impl.py:178: in _do_get
    with util.safe_reraise():
         ^^^^^^^^^^^^^^^^^^^
.venv/lib/python3.12/site-packages/sqlalchemy/util/langhelpers.py:122: in __exit__
    raise exc_value.with_traceback(exc_tb)
.venv/lib/python3.12/site-packages/sqlalchemy/pool/impl.py:176: in _do_get
    return self._create_connection()
           ^^^^^^^^^^^^^^^^^^^^^^^^^
.venv/lib/python3.12/site-packages/sqlalchemy/pool/base.py:389: in _create_connection
    return _ConnectionRecord(self)
           ^^^^^^^^^^^^^^^^^^^^^^^
.venv/lib/python3.12/site-packages/sqlalchemy/pool/base.py:674: in __init__
    self.__connect()
.venv/lib/python3.12/site-packages/sqlalchemy/pool/base.py:900: in __connect
    with util.safe_reraise():
         ^^^^^^^^^^^^^^^^^^^
.venv/lib/python3.12/site-packages/sqlalchemy/util/langhelpers.py:122: in __exit__
    raise exc_value.with_traceback(exc_tb)
.venv/lib/python3.12/site-packages/sqlalchemy/pool/base.py:896: in __connect
    self.dbapi_connection = connection = pool._invoke_creator(self)
                                         ^^^^^^^^^^^^^^^^^^^^^^^^^^
.venv/lib/python3.12/site-packages/sqlalchemy/engine/create.py:667: in connect
    return dialect.connect(*cargs_tup, **cparams)
           ^^^^^^^^^^^^^^^^^^^^^^^^^^^^^^^^^^^^^^
.venv/lib/python3.12/site-packages/sqlalchemy/engine/default.py:630: in connect
    return self.loaded_dbapi.connect(*cargs, **cparams)  # type: ignore[no-any-return]  # NOQA: E501
           ^^^^^^^^^^^^^^^^^^^^^^^^^^^^^^^^^^^^^^^^^^^^
.venv/lib/python3.12/site-packages/psycopg/connection.py:126: in connect
    raise last_ex.with_traceback(None)
E   psycopg.OperationalError: connection failed: connection to server at "127.0.0.1", port 55432 failed: could not receive data from server: Connection refused

The above exception was the direct cause of the following exception:
tests/integration/conftest.py:24: in engine
    with administrative.connect() as connection:
         ^^^^^^^^^^^^^^^^^^^^^^^^
.venv/lib/python3.12/site-packages/sqlalchemy/engine/base.py:3295: in connect
    return self._connection_cls(self)
           ^^^^^^^^^^^^^^^^^^^^^^^^^^
.venv/lib/python3.12/site-packages/sqlalchemy/engine/base.py:146: in __init__
    Connection._handle_dbapi_exception_noconnection(
.venv/lib/python3.12/site-packages/sqlalchemy/engine/base.py:2450: in _handle_dbapi_exception_noconnection
    raise sqlalchemy_exception.with_traceback(exc_info[2]) from e
.venv/lib/python3.12/site-packages/sqlalchemy/engine/base.py:144: in __init__
    self._dbapi_connection = engine.raw_connection()
                             ^^^^^^^^^^^^^^^^^^^^^^^
.venv/lib/python3.12/site-packages/sqlalchemy/engine/base.py:3319: in raw_connection
    return self.pool.connect()
           ^^^^^^^^^^^^^^^^^^^
.venv/lib/python3.12/site-packages/sqlalchemy/pool/base.py:448: in connect
    return _ConnectionFairy._checkout(self)
           ^^^^^^^^^^^^^^^^^^^^^^^^^^^^^^^^
.venv/lib/python3.12/site-packages/sqlalchemy/pool/base.py:1290: in _checkout
    fairy = _ConnectionRecord.checkout(pool)
            ^^^^^^^^^^^^^^^^^^^^^^^^^^^^^^^^
.venv/lib/python3.12/site-packages/sqlalchemy/pool/base.py:712: in checkout
    rec = pool._do_get()
          ^^^^^^^^^^^^^^
.venv/lib/python3.12/site-packages/sqlalchemy/pool/impl.py:178: in _do_get
    with util.safe_reraise():
         ^^^^^^^^^^^^^^^^^^^
.venv/lib/python3.12/site-packages/sqlalchemy/util/langhelpers.py:122: in __exit__
    raise exc_value.with_traceback(exc_tb)
.venv/lib/python3.12/site-packages/sqlalchemy/pool/impl.py:176: in _do_get
    return self._create_connection()
           ^^^^^^^^^^^^^^^^^^^^^^^^^
.venv/lib/python3.12/site-packages/sqlalchemy/pool/base.py:389: in _create_connection
    return _ConnectionRecord(self)
           ^^^^^^^^^^^^^^^^^^^^^^^
.venv/lib/python3.12/site-packages/sqlalchemy/pool/base.py:674: in __init__
    self.__connect()
.venv/lib/python3.12/site-packages/sqlalchemy/pool/base.py:900: in __connect
    with util.safe_reraise():
         ^^^^^^^^^^^^^^^^^^^
.venv/lib/python3.12/site-packages/sqlalchemy/util/langhelpers.py:122: in __exit__
    raise exc_value.with_traceback(exc_tb)
.venv/lib/python3.12/site-packages/sqlalchemy/pool/base.py:896: in __connect
    self.dbapi_connection = connection = pool._invoke_creator(self)
                                         ^^^^^^^^^^^^^^^^^^^^^^^^^^
.venv/lib/python3.12/site-packages/sqlalchemy/engine/create.py:667: in connect
    return dialect.connect(*cargs_tup, **cparams)
           ^^^^^^^^^^^^^^^^^^^^^^^^^^^^^^^^^^^^^^
.venv/lib/python3.12/site-packages/sqlalchemy/engine/default.py:630: in connect
    return self.loaded_dbapi.connect(*cargs, **cparams)  # type: ignore[no-any-return]  # NOQA: E501
           ^^^^^^^^^^^^^^^^^^^^^^^^^^^^^^^^^^^^^^^^^^^^
.venv/lib/python3.12/site-packages/psycopg/connection.py:126: in connect
    raise last_ex.with_traceback(None)
E   sqlalchemy.exc.OperationalError: (psycopg.OperationalError) connection failed: connection to server at "127.0.0.1", port 55432 failed: could not receive data from server: Connection refused
E   (Background on this error at: https://sqlalche.me/e/20/e3q8)
_ ERROR at setup of test_manifest_rechecks_cached_resource_lifecycle[archived-True] _
.venv/lib/python3.12/site-packages/sqlalchemy/engine/base.py:144: in __init__
    self._dbapi_connection = engine.raw_connection()
                             ^^^^^^^^^^^^^^^^^^^^^^^
.venv/lib/python3.12/site-packages/sqlalchemy/engine/base.py:3319: in raw_connection
    return self.pool.connect()
           ^^^^^^^^^^^^^^^^^^^
.venv/lib/python3.12/site-packages/sqlalchemy/pool/base.py:448: in connect
    return _ConnectionFairy._checkout(self)
           ^^^^^^^^^^^^^^^^^^^^^^^^^^^^^^^^
.venv/lib/python3.12/site-packages/sqlalchemy/pool/base.py:1290: in _checkout
    fairy = _ConnectionRecord.checkout(pool)
            ^^^^^^^^^^^^^^^^^^^^^^^^^^^^^^^^
.venv/lib/python3.12/site-packages/sqlalchemy/pool/base.py:712: in checkout
    rec = pool._do_get()
          ^^^^^^^^^^^^^^
.venv/lib/python3.12/site-packages/sqlalchemy/pool/impl.py:178: in _do_get
    with util.safe_reraise():
         ^^^^^^^^^^^^^^^^^^^
.venv/lib/python3.12/site-packages/sqlalchemy/util/langhelpers.py:122: in __exit__
    raise exc_value.with_traceback(exc_tb)
.venv/lib/python3.12/site-packages/sqlalchemy/pool/impl.py:176: in _do_get
    return self._create_connection()
           ^^^^^^^^^^^^^^^^^^^^^^^^^
.venv/lib/python3.12/site-packages/sqlalchemy/pool/base.py:389: in _create_connection
    return _ConnectionRecord(self)
           ^^^^^^^^^^^^^^^^^^^^^^^
.venv/lib/python3.12/site-packages/sqlalchemy/pool/base.py:674: in __init__
    self.__connect()
.venv/lib/python3.12/site-packages/sqlalchemy/pool/base.py:900: in __connect
    with util.safe_reraise():
         ^^^^^^^^^^^^^^^^^^^
.venv/lib/python3.12/site-packages/sqlalchemy/util/langhelpers.py:122: in __exit__
    raise exc_value.with_traceback(exc_tb)
.venv/lib/python3.12/site-packages/sqlalchemy/pool/base.py:896: in __connect
    self.dbapi_connection = connection = pool._invoke_creator(self)
                                         ^^^^^^^^^^^^^^^^^^^^^^^^^^
.venv/lib/python3.12/site-packages/sqlalchemy/engine/create.py:667: in connect
    return dialect.connect(*cargs_tup, **cparams)
           ^^^^^^^^^^^^^^^^^^^^^^^^^^^^^^^^^^^^^^
.venv/lib/python3.12/site-packages/sqlalchemy/engine/default.py:630: in connect
    return self.loaded_dbapi.connect(*cargs, **cparams)  # type: ignore[no-any-return]  # NOQA: E501
           ^^^^^^^^^^^^^^^^^^^^^^^^^^^^^^^^^^^^^^^^^^^^
.venv/lib/python3.12/site-packages/psycopg/connection.py:126: in connect
    raise last_ex.with_traceback(None)
E   psycopg.OperationalError: connection failed: connection to server at "127.0.0.1", port 55432 failed: could not receive data from server: Connection refused

The above exception was the direct cause of the following exception:
tests/integration/conftest.py:24: in engine
    with administrative.connect() as connection:
         ^^^^^^^^^^^^^^^^^^^^^^^^
.venv/lib/python3.12/site-packages/sqlalchemy/engine/base.py:3295: in connect
    return self._connection_cls(self)
           ^^^^^^^^^^^^^^^^^^^^^^^^^^
.venv/lib/python3.12/site-packages/sqlalchemy/engine/base.py:146: in __init__
    Connection._handle_dbapi_exception_noconnection(
.venv/lib/python3.12/site-packages/sqlalchemy/engine/base.py:2450: in _handle_dbapi_exception_noconnection
    raise sqlalchemy_exception.with_traceback(exc_info[2]) from e
.venv/lib/python3.12/site-packages/sqlalchemy/engine/base.py:144: in __init__
    self._dbapi_connection = engine.raw_connection()
                             ^^^^^^^^^^^^^^^^^^^^^^^
.venv/lib/python3.12/site-packages/sqlalchemy/engine/base.py:3319: in raw_connection
    return self.pool.connect()
           ^^^^^^^^^^^^^^^^^^^
.venv/lib/python3.12/site-packages/sqlalchemy/pool/base.py:448: in connect
    return _ConnectionFairy._checkout(self)
           ^^^^^^^^^^^^^^^^^^^^^^^^^^^^^^^^
.venv/lib/python3.12/site-packages/sqlalchemy/pool/base.py:1290: in _checkout
    fairy = _ConnectionRecord.checkout(pool)
            ^^^^^^^^^^^^^^^^^^^^^^^^^^^^^^^^
.venv/lib/python3.12/site-packages/sqlalchemy/pool/base.py:712: in checkout
    rec = pool._do_get()
          ^^^^^^^^^^^^^^
.venv/lib/python3.12/site-packages/sqlalchemy/pool/impl.py:178: in _do_get
    with util.safe_reraise():
         ^^^^^^^^^^^^^^^^^^^
.venv/lib/python3.12/site-packages/sqlalchemy/util/langhelpers.py:122: in __exit__
    raise exc_value.with_traceback(exc_tb)
.venv/lib/python3.12/site-packages/sqlalchemy/pool/impl.py:176: in _do_get
    return self._create_connection()
           ^^^^^^^^^^^^^^^^^^^^^^^^^
.venv/lib/python3.12/site-packages/sqlalchemy/pool/base.py:389: in _create_connection
    return _ConnectionRecord(self)
           ^^^^^^^^^^^^^^^^^^^^^^^
.venv/lib/python3.12/site-packages/sqlalchemy/pool/base.py:674: in __init__
    self.__connect()
.venv/lib/python3.12/site-packages/sqlalchemy/pool/base.py:900: in __connect
    with util.safe_reraise():
         ^^^^^^^^^^^^^^^^^^^
.venv/lib/python3.12/site-packages/sqlalchemy/util/langhelpers.py:122: in __exit__
    raise exc_value.with_traceback(exc_tb)
.venv/lib/python3.12/site-packages/sqlalchemy/pool/base.py:896: in __connect
    self.dbapi_connection = connection = pool._invoke_creator(self)
                                         ^^^^^^^^^^^^^^^^^^^^^^^^^^
.venv/lib/python3.12/site-packages/sqlalchemy/engine/create.py:667: in connect
    return dialect.connect(*cargs_tup, **cparams)
           ^^^^^^^^^^^^^^^^^^^^^^^^^^^^^^^^^^^^^^
.venv/lib/python3.12/site-packages/sqlalchemy/engine/default.py:630: in connect
    return self.loaded_dbapi.connect(*cargs, **cparams)  # type: ignore[no-any-return]  # NOQA: E501
           ^^^^^^^^^^^^^^^^^^^^^^^^^^^^^^^^^^^^^^^^^^^^
.venv/lib/python3.12/site-packages/psycopg/connection.py:126: in connect
    raise last_ex.with_traceback(None)
E   sqlalchemy.exc.OperationalError: (psycopg.OperationalError) connection failed: connection to server at "127.0.0.1", port 55432 failed: could not receive data from server: Connection refused
E   (Background on this error at: https://sqlalche.me/e/20/e3q8)
_ ERROR at setup of test_worker_rejects_catalog_references_to_other_project_objects _
.venv/lib/python3.12/site-packages/sqlalchemy/engine/base.py:144: in __init__
    self._dbapi_connection = engine.raw_connection()
                             ^^^^^^^^^^^^^^^^^^^^^^^
.venv/lib/python3.12/site-packages/sqlalchemy/engine/base.py:3319: in raw_connection
    return self.pool.connect()
           ^^^^^^^^^^^^^^^^^^^
.venv/lib/python3.12/site-packages/sqlalchemy/pool/base.py:448: in connect
    return _ConnectionFairy._checkout(self)
           ^^^^^^^^^^^^^^^^^^^^^^^^^^^^^^^^
.venv/lib/python3.12/site-packages/sqlalchemy/pool/base.py:1290: in _checkout
    fairy = _ConnectionRecord.checkout(pool)
            ^^^^^^^^^^^^^^^^^^^^^^^^^^^^^^^^
.venv/lib/python3.12/site-packages/sqlalchemy/pool/base.py:712: in checkout
    rec = pool._do_get()
          ^^^^^^^^^^^^^^
.venv/lib/python3.12/site-packages/sqlalchemy/pool/impl.py:178: in _do_get
    with util.safe_reraise():
         ^^^^^^^^^^^^^^^^^^^
.venv/lib/python3.12/site-packages/sqlalchemy/util/langhelpers.py:122: in __exit__
    raise exc_value.with_traceback(exc_tb)
.venv/lib/python3.12/site-packages/sqlalchemy/pool/impl.py:176: in _do_get
    return self._create_connection()
           ^^^^^^^^^^^^^^^^^^^^^^^^^
.venv/lib/python3.12/site-packages/sqlalchemy/pool/base.py:389: in _create_connection
    return _ConnectionRecord(self)
           ^^^^^^^^^^^^^^^^^^^^^^^
.venv/lib/python3.12/site-packages/sqlalchemy/pool/base.py:674: in __init__
    self.__connect()
.venv/lib/python3.12/site-packages/sqlalchemy/pool/base.py:900: in __connect
    with util.safe_reraise():
         ^^^^^^^^^^^^^^^^^^^
.venv/lib/python3.12/site-packages/sqlalchemy/util/langhelpers.py:122: in __exit__
    raise exc_value.with_traceback(exc_tb)
.venv/lib/python3.12/site-packages/sqlalchemy/pool/base.py:896: in __connect
    self.dbapi_connection = connection = pool._invoke_creator(self)
                                         ^^^^^^^^^^^^^^^^^^^^^^^^^^
.venv/lib/python3.12/site-packages/sqlalchemy/engine/create.py:667: in connect
    return dialect.connect(*cargs_tup, **cparams)
           ^^^^^^^^^^^^^^^^^^^^^^^^^^^^^^^^^^^^^^
.venv/lib/python3.12/site-packages/sqlalchemy/engine/default.py:630: in connect
    return self.loaded_dbapi.connect(*cargs, **cparams)  # type: ignore[no-any-return]  # NOQA: E501
           ^^^^^^^^^^^^^^^^^^^^^^^^^^^^^^^^^^^^^^^^^^^^
.venv/lib/python3.12/site-packages/psycopg/connection.py:126: in connect
    raise last_ex.with_traceback(None)
E   psycopg.OperationalError: connection failed: connection to server at "127.0.0.1", port 55432 failed: could not receive data from server: Connection refused

The above exception was the direct cause of the following exception:
tests/integration/conftest.py:24: in engine
    with administrative.connect() as connection:
         ^^^^^^^^^^^^^^^^^^^^^^^^
.venv/lib/python3.12/site-packages/sqlalchemy/engine/base.py:3295: in connect
    return self._connection_cls(self)
           ^^^^^^^^^^^^^^^^^^^^^^^^^^
.venv/lib/python3.12/site-packages/sqlalchemy/engine/base.py:146: in __init__
    Connection._handle_dbapi_exception_noconnection(
.venv/lib/python3.12/site-packages/sqlalchemy/engine/base.py:2450: in _handle_dbapi_exception_noconnection
    raise sqlalchemy_exception.with_traceback(exc_info[2]) from e
.venv/lib/python3.12/site-packages/sqlalchemy/engine/base.py:144: in __init__
    self._dbapi_connection = engine.raw_connection()
                             ^^^^^^^^^^^^^^^^^^^^^^^
.venv/lib/python3.12/site-packages/sqlalchemy/engine/base.py:3319: in raw_connection
    return self.pool.connect()
           ^^^^^^^^^^^^^^^^^^^
.venv/lib/python3.12/site-packages/sqlalchemy/pool/base.py:448: in connect
    return _ConnectionFairy._checkout(self)
           ^^^^^^^^^^^^^^^^^^^^^^^^^^^^^^^^
.venv/lib/python3.12/site-packages/sqlalchemy/pool/base.py:1290: in _checkout
    fairy = _ConnectionRecord.checkout(pool)
            ^^^^^^^^^^^^^^^^^^^^^^^^^^^^^^^^
.venv/lib/python3.12/site-packages/sqlalchemy/pool/base.py:712: in checkout
    rec = pool._do_get()
          ^^^^^^^^^^^^^^
.venv/lib/python3.12/site-packages/sqlalchemy/pool/impl.py:178: in _do_get
    with util.safe_reraise():
         ^^^^^^^^^^^^^^^^^^^
.venv/lib/python3.12/site-packages/sqlalchemy/util/langhelpers.py:122: in __exit__
    raise exc_value.with_traceback(exc_tb)
.venv/lib/python3.12/site-packages/sqlalchemy/pool/impl.py:176: in _do_get
    return self._create_connection()
           ^^^^^^^^^^^^^^^^^^^^^^^^^
.venv/lib/python3.12/site-packages/sqlalchemy/pool/base.py:389: in _create_connection
    return _ConnectionRecord(self)
           ^^^^^^^^^^^^^^^^^^^^^^^
.venv/lib/python3.12/site-packages/sqlalchemy/pool/base.py:674: in __init__
    self.__connect()
.venv/lib/python3.12/site-packages/sqlalchemy/pool/base.py:900: in __connect
    with util.safe_reraise():
         ^^^^^^^^^^^^^^^^^^^
.venv/lib/python3.12/site-packages/sqlalchemy/util/langhelpers.py:122: in __exit__
    raise exc_value.with_traceback(exc_tb)
.venv/lib/python3.12/site-packages/sqlalchemy/pool/base.py:896: in __connect
    self.dbapi_connection = connection = pool._invoke_creator(self)
                                         ^^^^^^^^^^^^^^^^^^^^^^^^^^
.venv/lib/python3.12/site-packages/sqlalchemy/engine/create.py:667: in connect
    return dialect.connect(*cargs_tup, **cparams)
           ^^^^^^^^^^^^^^^^^^^^^^^^^^^^^^^^^^^^^^
.venv/lib/python3.12/site-packages/sqlalchemy/engine/default.py:630: in connect
    return self.loaded_dbapi.connect(*cargs, **cparams)  # type: ignore[no-any-return]  # NOQA: E501
           ^^^^^^^^^^^^^^^^^^^^^^^^^^^^^^^^^^^^^^^^^^^^
.venv/lib/python3.12/site-packages/psycopg/connection.py:126: in connect
    raise last_ex.with_traceback(None)
E   sqlalchemy.exc.OperationalError: (psycopg.OperationalError) connection failed: connection to server at "127.0.0.1", port 55432 failed: could not receive data from server: Connection refused
E   (Background on this error at: https://sqlalche.me/e/20/e3q8)
_ ERROR at setup of test_draft_preflight_checks_unsaved_science_and_never_persists_or_submits _
.venv/lib/python3.12/site-packages/sqlalchemy/engine/base.py:144: in __init__
    self._dbapi_connection = engine.raw_connection()
                             ^^^^^^^^^^^^^^^^^^^^^^^
.venv/lib/python3.12/site-packages/sqlalchemy/engine/base.py:3319: in raw_connection
    return self.pool.connect()
           ^^^^^^^^^^^^^^^^^^^
.venv/lib/python3.12/site-packages/sqlalchemy/pool/base.py:448: in connect
    return _ConnectionFairy._checkout(self)
           ^^^^^^^^^^^^^^^^^^^^^^^^^^^^^^^^
.venv/lib/python3.12/site-packages/sqlalchemy/pool/base.py:1290: in _checkout
    fairy = _ConnectionRecord.checkout(pool)
            ^^^^^^^^^^^^^^^^^^^^^^^^^^^^^^^^
.venv/lib/python3.12/site-packages/sqlalchemy/pool/base.py:712: in checkout
    rec = pool._do_get()
          ^^^^^^^^^^^^^^
.venv/lib/python3.12/site-packages/sqlalchemy/pool/impl.py:178: in _do_get
    with util.safe_reraise():
         ^^^^^^^^^^^^^^^^^^^
.venv/lib/python3.12/site-packages/sqlalchemy/util/langhelpers.py:122: in __exit__
    raise exc_value.with_traceback(exc_tb)
.venv/lib/python3.12/site-packages/sqlalchemy/pool/impl.py:176: in _do_get
    return self._create_connection()
           ^^^^^^^^^^^^^^^^^^^^^^^^^
.venv/lib/python3.12/site-packages/sqlalchemy/pool/base.py:389: in _create_connection
    return _ConnectionRecord(self)
           ^^^^^^^^^^^^^^^^^^^^^^^
.venv/lib/python3.12/site-packages/sqlalchemy/pool/base.py:674: in __init__
    self.__connect()
.venv/lib/python3.12/site-packages/sqlalchemy/pool/base.py:900: in __connect
    with util.safe_reraise():
         ^^^^^^^^^^^^^^^^^^^
.venv/lib/python3.12/site-packages/sqlalchemy/util/langhelpers.py:122: in __exit__
    raise exc_value.with_traceback(exc_tb)
.venv/lib/python3.12/site-packages/sqlalchemy/pool/base.py:896: in __connect
    self.dbapi_connection = connection = pool._invoke_creator(self)
                                         ^^^^^^^^^^^^^^^^^^^^^^^^^^
.venv/lib/python3.12/site-packages/sqlalchemy/engine/create.py:667: in connect
    return dialect.connect(*cargs_tup, **cparams)
           ^^^^^^^^^^^^^^^^^^^^^^^^^^^^^^^^^^^^^^
.venv/lib/python3.12/site-packages/sqlalchemy/engine/default.py:630: in connect
    return self.loaded_dbapi.connect(*cargs, **cparams)  # type: ignore[no-any-return]  # NOQA: E501
           ^^^^^^^^^^^^^^^^^^^^^^^^^^^^^^^^^^^^^^^^^^^^
.venv/lib/python3.12/site-packages/psycopg/connection.py:126: in connect
    raise last_ex.with_traceback(None)
E   psycopg.OperationalError: connection failed: connection to server at "127.0.0.1", port 55432 failed: could not receive data from server: Connection refused

The above exception was the direct cause of the following exception:
tests/integration/conftest.py:24: in engine
    with administrative.connect() as connection:
         ^^^^^^^^^^^^^^^^^^^^^^^^
.venv/lib/python3.12/site-packages/sqlalchemy/engine/base.py:3295: in connect
    return self._connection_cls(self)
           ^^^^^^^^^^^^^^^^^^^^^^^^^^
.venv/lib/python3.12/site-packages/sqlalchemy/engine/base.py:146: in __init__
    Connection._handle_dbapi_exception_noconnection(
.venv/lib/python3.12/site-packages/sqlalchemy/engine/base.py:2450: in _handle_dbapi_exception_noconnection
    raise sqlalchemy_exception.with_traceback(exc_info[2]) from e
.venv/lib/python3.12/site-packages/sqlalchemy/engine/base.py:144: in __init__
    self._dbapi_connection = engine.raw_connection()
                             ^^^^^^^^^^^^^^^^^^^^^^^
.venv/lib/python3.12/site-packages/sqlalchemy/engine/base.py:3319: in raw_connection
    return self.pool.connect()
           ^^^^^^^^^^^^^^^^^^^
.venv/lib/python3.12/site-packages/sqlalchemy/pool/base.py:448: in connect
    return _ConnectionFairy._checkout(self)
           ^^^^^^^^^^^^^^^^^^^^^^^^^^^^^^^^
.venv/lib/python3.12/site-packages/sqlalchemy/pool/base.py:1290: in _checkout
    fairy = _ConnectionRecord.checkout(pool)
            ^^^^^^^^^^^^^^^^^^^^^^^^^^^^^^^^
.venv/lib/python3.12/site-packages/sqlalchemy/pool/base.py:712: in checkout
    rec = pool._do_get()
          ^^^^^^^^^^^^^^
.venv/lib/python3.12/site-packages/sqlalchemy/pool/impl.py:178: in _do_get
    with util.safe_reraise():
         ^^^^^^^^^^^^^^^^^^^
.venv/lib/python3.12/site-packages/sqlalchemy/util/langhelpers.py:122: in __exit__
    raise exc_value.with_traceback(exc_tb)
.venv/lib/python3.12/site-packages/sqlalchemy/pool/impl.py:176: in _do_get
    return self._create_connection()
           ^^^^^^^^^^^^^^^^^^^^^^^^^
.venv/lib/python3.12/site-packages/sqlalchemy/pool/base.py:389: in _create_connection
    return _ConnectionRecord(self)
           ^^^^^^^^^^^^^^^^^^^^^^^
.venv/lib/python3.12/site-packages/sqlalchemy/pool/base.py:674: in __init__
    self.__connect()
.venv/lib/python3.12/site-packages/sqlalchemy/pool/base.py:900: in __connect
    with util.safe_reraise():
         ^^^^^^^^^^^^^^^^^^^
.venv/lib/python3.12/site-packages/sqlalchemy/util/langhelpers.py:122: in __exit__
    raise exc_value.with_traceback(exc_tb)
.venv/lib/python3.12/site-packages/sqlalchemy/pool/base.py:896: in __connect
    self.dbapi_connection = connection = pool._invoke_creator(self)
                                         ^^^^^^^^^^^^^^^^^^^^^^^^^^
.venv/lib/python3.12/site-packages/sqlalchemy/engine/create.py:667: in connect
    return dialect.connect(*cargs_tup, **cparams)
           ^^^^^^^^^^^^^^^^^^^^^^^^^^^^^^^^^^^^^^
.venv/lib/python3.12/site-packages/sqlalchemy/engine/default.py:630: in connect
    return self.loaded_dbapi.connect(*cargs, **cparams)  # type: ignore[no-any-return]  # NOQA: E501
           ^^^^^^^^^^^^^^^^^^^^^^^^^^^^^^^^^^^^^^^^^^^^
.venv/lib/python3.12/site-packages/psycopg/connection.py:126: in connect
    raise last_ex.with_traceback(None)
E   sqlalchemy.exc.OperationalError: (psycopg.OperationalError) connection failed: connection to server at "127.0.0.1", port 55432 failed: could not receive data from server: Connection refused
E   (Background on this error at: https://sqlalche.me/e/20/e3q8)
_ ERROR at setup of test_draft_and_saved_preflight_expose_unregistered_runtime_before_run _
.venv/lib/python3.12/site-packages/sqlalchemy/engine/base.py:144: in __init__
    self._dbapi_connection = engine.raw_connection()
                             ^^^^^^^^^^^^^^^^^^^^^^^
.venv/lib/python3.12/site-packages/sqlalchemy/engine/base.py:3319: in raw_connection
    return self.pool.connect()
           ^^^^^^^^^^^^^^^^^^^
.venv/lib/python3.12/site-packages/sqlalchemy/pool/base.py:448: in connect
    return _ConnectionFairy._checkout(self)
           ^^^^^^^^^^^^^^^^^^^^^^^^^^^^^^^^
.venv/lib/python3.12/site-packages/sqlalchemy/pool/base.py:1290: in _checkout
    fairy = _ConnectionRecord.checkout(pool)
            ^^^^^^^^^^^^^^^^^^^^^^^^^^^^^^^^
.venv/lib/python3.12/site-packages/sqlalchemy/pool/base.py:712: in checkout
    rec = pool._do_get()
          ^^^^^^^^^^^^^^
.venv/lib/python3.12/site-packages/sqlalchemy/pool/impl.py:178: in _do_get
    with util.safe_reraise():
         ^^^^^^^^^^^^^^^^^^^
.venv/lib/python3.12/site-packages/sqlalchemy/util/langhelpers.py:122: in __exit__
    raise exc_value.with_traceback(exc_tb)
.venv/lib/python3.12/site-packages/sqlalchemy/pool/impl.py:176: in _do_get
    return self._create_connection()
           ^^^^^^^^^^^^^^^^^^^^^^^^^
.venv/lib/python3.12/site-packages/sqlalchemy/pool/base.py:389: in _create_connection
    return _ConnectionRecord(self)
           ^^^^^^^^^^^^^^^^^^^^^^^
.venv/lib/python3.12/site-packages/sqlalchemy/pool/base.py:674: in __init__
    self.__connect()
.venv/lib/python3.12/site-packages/sqlalchemy/pool/base.py:900: in __connect
    with util.safe_reraise():
         ^^^^^^^^^^^^^^^^^^^
.venv/lib/python3.12/site-packages/sqlalchemy/util/langhelpers.py:122: in __exit__
    raise exc_value.with_traceback(exc_tb)
.venv/lib/python3.12/site-packages/sqlalchemy/pool/base.py:896: in __connect
    self.dbapi_connection = connection = pool._invoke_creator(self)
                                         ^^^^^^^^^^^^^^^^^^^^^^^^^^
.venv/lib/python3.12/site-packages/sqlalchemy/engine/create.py:667: in connect
    return dialect.connect(*cargs_tup, **cparams)
           ^^^^^^^^^^^^^^^^^^^^^^^^^^^^^^^^^^^^^^
.venv/lib/python3.12/site-packages/sqlalchemy/engine/default.py:630: in connect
    return self.loaded_dbapi.connect(*cargs, **cparams)  # type: ignore[no-any-return]  # NOQA: E501
           ^^^^^^^^^^^^^^^^^^^^^^^^^^^^^^^^^^^^^^^^^^^^
.venv/lib/python3.12/site-packages/psycopg/connection.py:126: in connect
    raise last_ex.with_traceback(None)
E   psycopg.OperationalError: connection failed: connection to server at "127.0.0.1", port 55432 failed: could not receive data from server: Connection refused

The above exception was the direct cause of the following exception:
tests/integration/conftest.py:24: in engine
    with administrative.connect() as connection:
         ^^^^^^^^^^^^^^^^^^^^^^^^
.venv/lib/python3.12/site-packages/sqlalchemy/engine/base.py:3295: in connect
    return self._connection_cls(self)
           ^^^^^^^^^^^^^^^^^^^^^^^^^^
.venv/lib/python3.12/site-packages/sqlalchemy/engine/base.py:146: in __init__
    Connection._handle_dbapi_exception_noconnection(
.venv/lib/python3.12/site-packages/sqlalchemy/engine/base.py:2450: in _handle_dbapi_exception_noconnection
    raise sqlalchemy_exception.with_traceback(exc_info[2]) from e
.venv/lib/python3.12/site-packages/sqlalchemy/engine/base.py:144: in __init__
    self._dbapi_connection = engine.raw_connection()
                             ^^^^^^^^^^^^^^^^^^^^^^^
.venv/lib/python3.12/site-packages/sqlalchemy/engine/base.py:3319: in raw_connection
    return self.pool.connect()
           ^^^^^^^^^^^^^^^^^^^
.venv/lib/python3.12/site-packages/sqlalchemy/pool/base.py:448: in connect
    return _ConnectionFairy._checkout(self)
           ^^^^^^^^^^^^^^^^^^^^^^^^^^^^^^^^
.venv/lib/python3.12/site-packages/sqlalchemy/pool/base.py:1290: in _checkout
    fairy = _ConnectionRecord.checkout(pool)
            ^^^^^^^^^^^^^^^^^^^^^^^^^^^^^^^^
.venv/lib/python3.12/site-packages/sqlalchemy/pool/base.py:712: in checkout
    rec = pool._do_get()
          ^^^^^^^^^^^^^^
.venv/lib/python3.12/site-packages/sqlalchemy/pool/impl.py:178: in _do_get
    with util.safe_reraise():
         ^^^^^^^^^^^^^^^^^^^
.venv/lib/python3.12/site-packages/sqlalchemy/util/langhelpers.py:122: in __exit__
    raise exc_value.with_traceback(exc_tb)
.venv/lib/python3.12/site-packages/sqlalchemy/pool/impl.py:176: in _do_get
    return self._create_connection()
           ^^^^^^^^^^^^^^^^^^^^^^^^^
.venv/lib/python3.12/site-packages/sqlalchemy/pool/base.py:389: in _create_connection
    return _ConnectionRecord(self)
           ^^^^^^^^^^^^^^^^^^^^^^^
.venv/lib/python3.12/site-packages/sqlalchemy/pool/base.py:674: in __init__
    self.__connect()
.venv/lib/python3.12/site-packages/sqlalchemy/pool/base.py:900: in __connect
    with util.safe_reraise():
         ^^^^^^^^^^^^^^^^^^^
.venv/lib/python3.12/site-packages/sqlalchemy/util/langhelpers.py:122: in __exit__
    raise exc_value.with_traceback(exc_tb)
.venv/lib/python3.12/site-packages/sqlalchemy/pool/base.py:896: in __connect
    self.dbapi_connection = connection = pool._invoke_creator(self)
                                         ^^^^^^^^^^^^^^^^^^^^^^^^^^
.venv/lib/python3.12/site-packages/sqlalchemy/engine/create.py:667: in connect
    return dialect.connect(*cargs_tup, **cparams)
           ^^^^^^^^^^^^^^^^^^^^^^^^^^^^^^^^^^^^^^
.venv/lib/python3.12/site-packages/sqlalchemy/engine/default.py:630: in connect
    return self.loaded_dbapi.connect(*cargs, **cparams)  # type: ignore[no-any-return]  # NOQA: E501
           ^^^^^^^^^^^^^^^^^^^^^^^^^^^^^^^^^^^^^^^^^^^^
.venv/lib/python3.12/site-packages/psycopg/connection.py:126: in connect
    raise last_ex.with_traceback(None)
E   sqlalchemy.exc.OperationalError: (psycopg.OperationalError) connection failed: connection to server at "127.0.0.1", port 55432 failed: could not receive data from server: Connection refused
E   (Background on this error at: https://sqlalche.me/e/20/e3q8)
_ ERROR at setup of test_project_listing_and_dashboard_are_scoped_and_computed _
.venv/lib/python3.12/site-packages/sqlalchemy/engine/base.py:144: in __init__
    self._dbapi_connection = engine.raw_connection()
                             ^^^^^^^^^^^^^^^^^^^^^^^
.venv/lib/python3.12/site-packages/sqlalchemy/engine/base.py:3319: in raw_connection
    return self.pool.connect()
           ^^^^^^^^^^^^^^^^^^^
.venv/lib/python3.12/site-packages/sqlalchemy/pool/base.py:448: in connect
    return _ConnectionFairy._checkout(self)
           ^^^^^^^^^^^^^^^^^^^^^^^^^^^^^^^^
.venv/lib/python3.12/site-packages/sqlalchemy/pool/base.py:1290: in _checkout
    fairy = _ConnectionRecord.checkout(pool)
            ^^^^^^^^^^^^^^^^^^^^^^^^^^^^^^^^
.venv/lib/python3.12/site-packages/sqlalchemy/pool/base.py:712: in checkout
    rec = pool._do_get()
          ^^^^^^^^^^^^^^
.venv/lib/python3.12/site-packages/sqlalchemy/pool/impl.py:178: in _do_get
    with util.safe_reraise():
         ^^^^^^^^^^^^^^^^^^^
.venv/lib/python3.12/site-packages/sqlalchemy/util/langhelpers.py:122: in __exit__
    raise exc_value.with_traceback(exc_tb)
.venv/lib/python3.12/site-packages/sqlalchemy/pool/impl.py:176: in _do_get
    return self._create_connection()
           ^^^^^^^^^^^^^^^^^^^^^^^^^
.venv/lib/python3.12/site-packages/sqlalchemy/pool/base.py:389: in _create_connection
    return _ConnectionRecord(self)
           ^^^^^^^^^^^^^^^^^^^^^^^
.venv/lib/python3.12/site-packages/sqlalchemy/pool/base.py:674: in __init__
    self.__connect()
.venv/lib/python3.12/site-packages/sqlalchemy/pool/base.py:900: in __connect
    with util.safe_reraise():
         ^^^^^^^^^^^^^^^^^^^
.venv/lib/python3.12/site-packages/sqlalchemy/util/langhelpers.py:122: in __exit__
    raise exc_value.with_traceback(exc_tb)
.venv/lib/python3.12/site-packages/sqlalchemy/pool/base.py:896: in __connect
    self.dbapi_connection = connection = pool._invoke_creator(self)
                                         ^^^^^^^^^^^^^^^^^^^^^^^^^^
.venv/lib/python3.12/site-packages/sqlalchemy/engine/create.py:667: in connect
    return dialect.connect(*cargs_tup, **cparams)
           ^^^^^^^^^^^^^^^^^^^^^^^^^^^^^^^^^^^^^^
.venv/lib/python3.12/site-packages/sqlalchemy/engine/default.py:630: in connect
    return self.loaded_dbapi.connect(*cargs, **cparams)  # type: ignore[no-any-return]  # NOQA: E501
           ^^^^^^^^^^^^^^^^^^^^^^^^^^^^^^^^^^^^^^^^^^^^
.venv/lib/python3.12/site-packages/psycopg/connection.py:126: in connect
    raise last_ex.with_traceback(None)
E   psycopg.OperationalError: connection failed: connection to server at "127.0.0.1", port 55432 failed: could not receive data from server: Connection refused

The above exception was the direct cause of the following exception:
tests/integration/conftest.py:24: in engine
    with administrative.connect() as connection:
         ^^^^^^^^^^^^^^^^^^^^^^^^
.venv/lib/python3.12/site-packages/sqlalchemy/engine/base.py:3295: in connect
    return self._connection_cls(self)
           ^^^^^^^^^^^^^^^^^^^^^^^^^^
.venv/lib/python3.12/site-packages/sqlalchemy/engine/base.py:146: in __init__
    Connection._handle_dbapi_exception_noconnection(
.venv/lib/python3.12/site-packages/sqlalchemy/engine/base.py:2450: in _handle_dbapi_exception_noconnection
    raise sqlalchemy_exception.with_traceback(exc_info[2]) from e
.venv/lib/python3.12/site-packages/sqlalchemy/engine/base.py:144: in __init__
    self._dbapi_connection = engine.raw_connection()
                             ^^^^^^^^^^^^^^^^^^^^^^^
.venv/lib/python3.12/site-packages/sqlalchemy/engine/base.py:3319: in raw_connection
    return self.pool.connect()
           ^^^^^^^^^^^^^^^^^^^
.venv/lib/python3.12/site-packages/sqlalchemy/pool/base.py:448: in connect
    return _ConnectionFairy._checkout(self)
           ^^^^^^^^^^^^^^^^^^^^^^^^^^^^^^^^
.venv/lib/python3.12/site-packages/sqlalchemy/pool/base.py:1290: in _checkout
    fairy = _ConnectionRecord.checkout(pool)
            ^^^^^^^^^^^^^^^^^^^^^^^^^^^^^^^^
.venv/lib/python3.12/site-packages/sqlalchemy/pool/base.py:712: in checkout
    rec = pool._do_get()
          ^^^^^^^^^^^^^^
.venv/lib/python3.12/site-packages/sqlalchemy/pool/impl.py:178: in _do_get
    with util.safe_reraise():
         ^^^^^^^^^^^^^^^^^^^
.venv/lib/python3.12/site-packages/sqlalchemy/util/langhelpers.py:122: in __exit__
    raise exc_value.with_traceback(exc_tb)
.venv/lib/python3.12/site-packages/sqlalchemy/pool/impl.py:176: in _do_get
    return self._create_connection()
           ^^^^^^^^^^^^^^^^^^^^^^^^^
.venv/lib/python3.12/site-packages/sqlalchemy/pool/base.py:389: in _create_connection
    return _ConnectionRecord(self)
           ^^^^^^^^^^^^^^^^^^^^^^^
.venv/lib/python3.12/site-packages/sqlalchemy/pool/base.py:674: in __init__
    self.__connect()
.venv/lib/python3.12/site-packages/sqlalchemy/pool/base.py:900: in __connect
    with util.safe_reraise():
         ^^^^^^^^^^^^^^^^^^^
.venv/lib/python3.12/site-packages/sqlalchemy/util/langhelpers.py:122: in __exit__
    raise exc_value.with_traceback(exc_tb)
.venv/lib/python3.12/site-packages/sqlalchemy/pool/base.py:896: in __connect
    self.dbapi_connection = connection = pool._invoke_creator(self)
                                         ^^^^^^^^^^^^^^^^^^^^^^^^^^
.venv/lib/python3.12/site-packages/sqlalchemy/engine/create.py:667: in connect
    return dialect.connect(*cargs_tup, **cparams)
           ^^^^^^^^^^^^^^^^^^^^^^^^^^^^^^^^^^^^^^
.venv/lib/python3.12/site-packages/sqlalchemy/engine/default.py:630: in connect
    return self.loaded_dbapi.connect(*cargs, **cparams)  # type: ignore[no-any-return]  # NOQA: E501
           ^^^^^^^^^^^^^^^^^^^^^^^^^^^^^^^^^^^^^^^^^^^^
.venv/lib/python3.12/site-packages/psycopg/connection.py:126: in connect
    raise last_ex.with_traceback(None)
E   sqlalchemy.exc.OperationalError: (psycopg.OperationalError) connection failed: connection to server at "127.0.0.1", port 55432 failed: could not receive data from server: Connection refused
E   (Background on this error at: https://sqlalche.me/e/20/e3q8)
_ ERROR at setup of test_admin_can_manage_users_memberships_and_audit_without_secret_exposure _
.venv/lib/python3.12/site-packages/sqlalchemy/engine/base.py:144: in __init__
    self._dbapi_connection = engine.raw_connection()
                             ^^^^^^^^^^^^^^^^^^^^^^^
.venv/lib/python3.12/site-packages/sqlalchemy/engine/base.py:3319: in raw_connection
    return self.pool.connect()
           ^^^^^^^^^^^^^^^^^^^
.venv/lib/python3.12/site-packages/sqlalchemy/pool/base.py:448: in connect
    return _ConnectionFairy._checkout(self)
           ^^^^^^^^^^^^^^^^^^^^^^^^^^^^^^^^
.venv/lib/python3.12/site-packages/sqlalchemy/pool/base.py:1290: in _checkout
    fairy = _ConnectionRecord.checkout(pool)
            ^^^^^^^^^^^^^^^^^^^^^^^^^^^^^^^^
.venv/lib/python3.12/site-packages/sqlalchemy/pool/base.py:712: in checkout
    rec = pool._do_get()
          ^^^^^^^^^^^^^^
.venv/lib/python3.12/site-packages/sqlalchemy/pool/impl.py:178: in _do_get
    with util.safe_reraise():
         ^^^^^^^^^^^^^^^^^^^
.venv/lib/python3.12/site-packages/sqlalchemy/util/langhelpers.py:122: in __exit__
    raise exc_value.with_traceback(exc_tb)
.venv/lib/python3.12/site-packages/sqlalchemy/pool/impl.py:176: in _do_get
    return self._create_connection()
           ^^^^^^^^^^^^^^^^^^^^^^^^^
.venv/lib/python3.12/site-packages/sqlalchemy/pool/base.py:389: in _create_connection
    return _ConnectionRecord(self)
           ^^^^^^^^^^^^^^^^^^^^^^^
.venv/lib/python3.12/site-packages/sqlalchemy/pool/base.py:674: in __init__
    self.__connect()
.venv/lib/python3.12/site-packages/sqlalchemy/pool/base.py:900: in __connect
    with util.safe_reraise():
         ^^^^^^^^^^^^^^^^^^^
.venv/lib/python3.12/site-packages/sqlalchemy/util/langhelpers.py:122: in __exit__
    raise exc_value.with_traceback(exc_tb)
.venv/lib/python3.12/site-packages/sqlalchemy/pool/base.py:896: in __connect
    self.dbapi_connection = connection = pool._invoke_creator(self)
                                         ^^^^^^^^^^^^^^^^^^^^^^^^^^
.venv/lib/python3.12/site-packages/sqlalchemy/engine/create.py:667: in connect
    return dialect.connect(*cargs_tup, **cparams)
           ^^^^^^^^^^^^^^^^^^^^^^^^^^^^^^^^^^^^^^
.venv/lib/python3.12/site-packages/sqlalchemy/engine/default.py:630: in connect
    return self.loaded_dbapi.connect(*cargs, **cparams)  # type: ignore[no-any-return]  # NOQA: E501
           ^^^^^^^^^^^^^^^^^^^^^^^^^^^^^^^^^^^^^^^^^^^^
.venv/lib/python3.12/site-packages/psycopg/connection.py:126: in connect
    raise last_ex.with_traceback(None)
E   psycopg.OperationalError: connection failed: connection to server at "127.0.0.1", port 55432 failed: could not receive data from server: Connection refused

The above exception was the direct cause of the following exception:
tests/integration/conftest.py:24: in engine
    with administrative.connect() as connection:
         ^^^^^^^^^^^^^^^^^^^^^^^^
.venv/lib/python3.12/site-packages/sqlalchemy/engine/base.py:3295: in connect
    return self._connection_cls(self)
           ^^^^^^^^^^^^^^^^^^^^^^^^^^
.venv/lib/python3.12/site-packages/sqlalchemy/engine/base.py:146: in __init__
    Connection._handle_dbapi_exception_noconnection(
.venv/lib/python3.12/site-packages/sqlalchemy/engine/base.py:2450: in _handle_dbapi_exception_noconnection
    raise sqlalchemy_exception.with_traceback(exc_info[2]) from e
.venv/lib/python3.12/site-packages/sqlalchemy/engine/base.py:144: in __init__
    self._dbapi_connection = engine.raw_connection()
                             ^^^^^^^^^^^^^^^^^^^^^^^
.venv/lib/python3.12/site-packages/sqlalchemy/engine/base.py:3319: in raw_connection
    return self.pool.connect()
           ^^^^^^^^^^^^^^^^^^^
.venv/lib/python3.12/site-packages/sqlalchemy/pool/base.py:448: in connect
    return _ConnectionFairy._checkout(self)
           ^^^^^^^^^^^^^^^^^^^^^^^^^^^^^^^^
.venv/lib/python3.12/site-packages/sqlalchemy/pool/base.py:1290: in _checkout
    fairy = _ConnectionRecord.checkout(pool)
            ^^^^^^^^^^^^^^^^^^^^^^^^^^^^^^^^
.venv/lib/python3.12/site-packages/sqlalchemy/pool/base.py:712: in checkout
    rec = pool._do_get()
          ^^^^^^^^^^^^^^
.venv/lib/python3.12/site-packages/sqlalchemy/pool/impl.py:178: in _do_get
    with util.safe_reraise():
         ^^^^^^^^^^^^^^^^^^^
.venv/lib/python3.12/site-packages/sqlalchemy/util/langhelpers.py:122: in __exit__
    raise exc_value.with_traceback(exc_tb)
.venv/lib/python3.12/site-packages/sqlalchemy/pool/impl.py:176: in _do_get
    return self._create_connection()
           ^^^^^^^^^^^^^^^^^^^^^^^^^
.venv/lib/python3.12/site-packages/sqlalchemy/pool/base.py:389: in _create_connection
    return _ConnectionRecord(self)
           ^^^^^^^^^^^^^^^^^^^^^^^
.venv/lib/python3.12/site-packages/sqlalchemy/pool/base.py:674: in __init__
    self.__connect()
.venv/lib/python3.12/site-packages/sqlalchemy/pool/base.py:900: in __connect
    with util.safe_reraise():
         ^^^^^^^^^^^^^^^^^^^
.venv/lib/python3.12/site-packages/sqlalchemy/util/langhelpers.py:122: in __exit__
    raise exc_value.with_traceback(exc_tb)
.venv/lib/python3.12/site-packages/sqlalchemy/pool/base.py:896: in __connect
    self.dbapi_connection = connection = pool._invoke_creator(self)
                                         ^^^^^^^^^^^^^^^^^^^^^^^^^^
.venv/lib/python3.12/site-packages/sqlalchemy/engine/create.py:667: in connect
    return dialect.connect(*cargs_tup, **cparams)
           ^^^^^^^^^^^^^^^^^^^^^^^^^^^^^^^^^^^^^^
.venv/lib/python3.12/site-packages/sqlalchemy/engine/default.py:630: in connect
    return self.loaded_dbapi.connect(*cargs, **cparams)  # type: ignore[no-any-return]  # NOQA: E501
           ^^^^^^^^^^^^^^^^^^^^^^^^^^^^^^^^^^^^^^^^^^^^
.venv/lib/python3.12/site-packages/psycopg/connection.py:126: in connect
    raise last_ex.with_traceback(None)
E   sqlalchemy.exc.OperationalError: (psycopg.OperationalError) connection failed: connection to server at "127.0.0.1", port 55432 failed: could not receive data from server: Connection refused
E   (Background on this error at: https://sqlalche.me/e/20/e3q8)
_ ERROR at setup of test_resource_lists_return_bounded_pages_and_safe_summary __
.venv/lib/python3.12/site-packages/sqlalchemy/engine/base.py:144: in __init__
    self._dbapi_connection = engine.raw_connection()
                             ^^^^^^^^^^^^^^^^^^^^^^^
.venv/lib/python3.12/site-packages/sqlalchemy/engine/base.py:3319: in raw_connection
    return self.pool.connect()
           ^^^^^^^^^^^^^^^^^^^
.venv/lib/python3.12/site-packages/sqlalchemy/pool/base.py:448: in connect
    return _ConnectionFairy._checkout(self)
           ^^^^^^^^^^^^^^^^^^^^^^^^^^^^^^^^
.venv/lib/python3.12/site-packages/sqlalchemy/pool/base.py:1290: in _checkout
    fairy = _ConnectionRecord.checkout(pool)
            ^^^^^^^^^^^^^^^^^^^^^^^^^^^^^^^^
.venv/lib/python3.12/site-packages/sqlalchemy/pool/base.py:712: in checkout
    rec = pool._do_get()
          ^^^^^^^^^^^^^^
.venv/lib/python3.12/site-packages/sqlalchemy/pool/impl.py:178: in _do_get
    with util.safe_reraise():
         ^^^^^^^^^^^^^^^^^^^
.venv/lib/python3.12/site-packages/sqlalchemy/util/langhelpers.py:122: in __exit__
    raise exc_value.with_traceback(exc_tb)
.venv/lib/python3.12/site-packages/sqlalchemy/pool/impl.py:176: in _do_get
    return self._create_connection()
           ^^^^^^^^^^^^^^^^^^^^^^^^^
.venv/lib/python3.12/site-packages/sqlalchemy/pool/base.py:389: in _create_connection
    return _ConnectionRecord(self)
           ^^^^^^^^^^^^^^^^^^^^^^^
.venv/lib/python3.12/site-packages/sqlalchemy/pool/base.py:674: in __init__
    self.__connect()
.venv/lib/python3.12/site-packages/sqlalchemy/pool/base.py:900: in __connect
    with util.safe_reraise():
         ^^^^^^^^^^^^^^^^^^^
.venv/lib/python3.12/site-packages/sqlalchemy/util/langhelpers.py:122: in __exit__
    raise exc_value.with_traceback(exc_tb)
.venv/lib/python3.12/site-packages/sqlalchemy/pool/base.py:896: in __connect
    self.dbapi_connection = connection = pool._invoke_creator(self)
                                         ^^^^^^^^^^^^^^^^^^^^^^^^^^
.venv/lib/python3.12/site-packages/sqlalchemy/engine/create.py:667: in connect
    return dialect.connect(*cargs_tup, **cparams)
           ^^^^^^^^^^^^^^^^^^^^^^^^^^^^^^^^^^^^^^
.venv/lib/python3.12/site-packages/sqlalchemy/engine/default.py:630: in connect
    return self.loaded_dbapi.connect(*cargs, **cparams)  # type: ignore[no-any-return]  # NOQA: E501
           ^^^^^^^^^^^^^^^^^^^^^^^^^^^^^^^^^^^^^^^^^^^^
.venv/lib/python3.12/site-packages/psycopg/connection.py:126: in connect
    raise last_ex.with_traceback(None)
E   psycopg.OperationalError: connection failed: connection to server at "127.0.0.1", port 55432 failed: could not receive data from server: Connection refused

The above exception was the direct cause of the following exception:
tests/integration/conftest.py:24: in engine
    with administrative.connect() as connection:
         ^^^^^^^^^^^^^^^^^^^^^^^^
.venv/lib/python3.12/site-packages/sqlalchemy/engine/base.py:3295: in connect
    return self._connection_cls(self)
           ^^^^^^^^^^^^^^^^^^^^^^^^^^
.venv/lib/python3.12/site-packages/sqlalchemy/engine/base.py:146: in __init__
    Connection._handle_dbapi_exception_noconnection(
.venv/lib/python3.12/site-packages/sqlalchemy/engine/base.py:2450: in _handle_dbapi_exception_noconnection
    raise sqlalchemy_exception.with_traceback(exc_info[2]) from e
.venv/lib/python3.12/site-packages/sqlalchemy/engine/base.py:144: in __init__
    self._dbapi_connection = engine.raw_connection()
                             ^^^^^^^^^^^^^^^^^^^^^^^
.venv/lib/python3.12/site-packages/sqlalchemy/engine/base.py:3319: in raw_connection
    return self.pool.connect()
           ^^^^^^^^^^^^^^^^^^^
.venv/lib/python3.12/site-packages/sqlalchemy/pool/base.py:448: in connect
    return _ConnectionFairy._checkout(self)
           ^^^^^^^^^^^^^^^^^^^^^^^^^^^^^^^^
.venv/lib/python3.12/site-packages/sqlalchemy/pool/base.py:1290: in _checkout
    fairy = _ConnectionRecord.checkout(pool)
            ^^^^^^^^^^^^^^^^^^^^^^^^^^^^^^^^
.venv/lib/python3.12/site-packages/sqlalchemy/pool/base.py:712: in checkout
    rec = pool._do_get()
          ^^^^^^^^^^^^^^
.venv/lib/python3.12/site-packages/sqlalchemy/pool/impl.py:178: in _do_get
    with util.safe_reraise():
         ^^^^^^^^^^^^^^^^^^^
.venv/lib/python3.12/site-packages/sqlalchemy/util/langhelpers.py:122: in __exit__
    raise exc_value.with_traceback(exc_tb)
.venv/lib/python3.12/site-packages/sqlalchemy/pool/impl.py:176: in _do_get
    return self._create_connection()
           ^^^^^^^^^^^^^^^^^^^^^^^^^
.venv/lib/python3.12/site-packages/sqlalchemy/pool/base.py:389: in _create_connection
    return _ConnectionRecord(self)
           ^^^^^^^^^^^^^^^^^^^^^^^
.venv/lib/python3.12/site-packages/sqlalchemy/pool/base.py:674: in __init__
    self.__connect()
.venv/lib/python3.12/site-packages/sqlalchemy/pool/base.py:900: in __connect
    with util.safe_reraise():
         ^^^^^^^^^^^^^^^^^^^
.venv/lib/python3.12/site-packages/sqlalchemy/util/langhelpers.py:122: in __exit__
    raise exc_value.with_traceback(exc_tb)
.venv/lib/python3.12/site-packages/sqlalchemy/pool/base.py:896: in __connect
    self.dbapi_connection = connection = pool._invoke_creator(self)
                                         ^^^^^^^^^^^^^^^^^^^^^^^^^^
.venv/lib/python3.12/site-packages/sqlalchemy/engine/create.py:667: in connect
    return dialect.connect(*cargs_tup, **cparams)
           ^^^^^^^^^^^^^^^^^^^^^^^^^^^^^^^^^^^^^^
.venv/lib/python3.12/site-packages/sqlalchemy/engine/default.py:630: in connect
    return self.loaded_dbapi.connect(*cargs, **cparams)  # type: ignore[no-any-return]  # NOQA: E501
           ^^^^^^^^^^^^^^^^^^^^^^^^^^^^^^^^^^^^^^^^^^^^
.venv/lib/python3.12/site-packages/psycopg/connection.py:126: in connect
    raise last_ex.with_traceback(None)
E   sqlalchemy.exc.OperationalError: (psycopg.OperationalError) connection failed: connection to server at "127.0.0.1", port 55432 failed: could not receive data from server: Connection refused
E   (Background on this error at: https://sqlalche.me/e/20/e3q8)
_ ERROR at setup of test_builtin_enable_lifecycle_preserves_existing_runtime_evidence _
.venv/lib/python3.12/site-packages/sqlalchemy/engine/base.py:144: in __init__
    self._dbapi_connection = engine.raw_connection()
                             ^^^^^^^^^^^^^^^^^^^^^^^
.venv/lib/python3.12/site-packages/sqlalchemy/engine/base.py:3319: in raw_connection
    return self.pool.connect()
           ^^^^^^^^^^^^^^^^^^^
.venv/lib/python3.12/site-packages/sqlalchemy/pool/base.py:448: in connect
    return _ConnectionFairy._checkout(self)
           ^^^^^^^^^^^^^^^^^^^^^^^^^^^^^^^^
.venv/lib/python3.12/site-packages/sqlalchemy/pool/base.py:1290: in _checkout
    fairy = _ConnectionRecord.checkout(pool)
            ^^^^^^^^^^^^^^^^^^^^^^^^^^^^^^^^
.venv/lib/python3.12/site-packages/sqlalchemy/pool/base.py:712: in checkout
    rec = pool._do_get()
          ^^^^^^^^^^^^^^
.venv/lib/python3.12/site-packages/sqlalchemy/pool/impl.py:178: in _do_get
    with util.safe_reraise():
         ^^^^^^^^^^^^^^^^^^^
.venv/lib/python3.12/site-packages/sqlalchemy/util/langhelpers.py:122: in __exit__
    raise exc_value.with_traceback(exc_tb)
.venv/lib/python3.12/site-packages/sqlalchemy/pool/impl.py:176: in _do_get
    return self._create_connection()
           ^^^^^^^^^^^^^^^^^^^^^^^^^
.venv/lib/python3.12/site-packages/sqlalchemy/pool/base.py:389: in _create_connection
    return _ConnectionRecord(self)
           ^^^^^^^^^^^^^^^^^^^^^^^
.venv/lib/python3.12/site-packages/sqlalchemy/pool/base.py:674: in __init__
    self.__connect()
.venv/lib/python3.12/site-packages/sqlalchemy/pool/base.py:900: in __connect
    with util.safe_reraise():
         ^^^^^^^^^^^^^^^^^^^
.venv/lib/python3.12/site-packages/sqlalchemy/util/langhelpers.py:122: in __exit__
    raise exc_value.with_traceback(exc_tb)
.venv/lib/python3.12/site-packages/sqlalchemy/pool/base.py:896: in __connect
    self.dbapi_connection = connection = pool._invoke_creator(self)
                                         ^^^^^^^^^^^^^^^^^^^^^^^^^^
.venv/lib/python3.12/site-packages/sqlalchemy/engine/create.py:667: in connect
    return dialect.connect(*cargs_tup, **cparams)
           ^^^^^^^^^^^^^^^^^^^^^^^^^^^^^^^^^^^^^^
.venv/lib/python3.12/site-packages/sqlalchemy/engine/default.py:630: in connect
    return self.loaded_dbapi.connect(*cargs, **cparams)  # type: ignore[no-any-return]  # NOQA: E501
           ^^^^^^^^^^^^^^^^^^^^^^^^^^^^^^^^^^^^^^^^^^^^
.venv/lib/python3.12/site-packages/psycopg/connection.py:126: in connect
    raise last_ex.with_traceback(None)
E   psycopg.OperationalError: connection failed: connection to server at "127.0.0.1", port 55432 failed: could not receive data from server: Connection refused

The above exception was the direct cause of the following exception:
tests/integration/conftest.py:24: in engine
    with administrative.connect() as connection:
         ^^^^^^^^^^^^^^^^^^^^^^^^
.venv/lib/python3.12/site-packages/sqlalchemy/engine/base.py:3295: in connect
    return self._connection_cls(self)
           ^^^^^^^^^^^^^^^^^^^^^^^^^^
.venv/lib/python3.12/site-packages/sqlalchemy/engine/base.py:146: in __init__
    Connection._handle_dbapi_exception_noconnection(
.venv/lib/python3.12/site-packages/sqlalchemy/engine/base.py:2450: in _handle_dbapi_exception_noconnection
    raise sqlalchemy_exception.with_traceback(exc_info[2]) from e
.venv/lib/python3.12/site-packages/sqlalchemy/engine/base.py:144: in __init__
    self._dbapi_connection = engine.raw_connection()
                             ^^^^^^^^^^^^^^^^^^^^^^^
.venv/lib/python3.12/site-packages/sqlalchemy/engine/base.py:3319: in raw_connection
    return self.pool.connect()
           ^^^^^^^^^^^^^^^^^^^
.venv/lib/python3.12/site-packages/sqlalchemy/pool/base.py:448: in connect
    return _ConnectionFairy._checkout(self)
           ^^^^^^^^^^^^^^^^^^^^^^^^^^^^^^^^
.venv/lib/python3.12/site-packages/sqlalchemy/pool/base.py:1290: in _checkout
    fairy = _ConnectionRecord.checkout(pool)
            ^^^^^^^^^^^^^^^^^^^^^^^^^^^^^^^^
.venv/lib/python3.12/site-packages/sqlalchemy/pool/base.py:712: in checkout
    rec = pool._do_get()
          ^^^^^^^^^^^^^^
.venv/lib/python3.12/site-packages/sqlalchemy/pool/impl.py:178: in _do_get
    with util.safe_reraise():
         ^^^^^^^^^^^^^^^^^^^
.venv/lib/python3.12/site-packages/sqlalchemy/util/langhelpers.py:122: in __exit__
    raise exc_value.with_traceback(exc_tb)
.venv/lib/python3.12/site-packages/sqlalchemy/pool/impl.py:176: in _do_get
    return self._create_connection()
           ^^^^^^^^^^^^^^^^^^^^^^^^^
.venv/lib/python3.12/site-packages/sqlalchemy/pool/base.py:389: in _create_connection
    return _ConnectionRecord(self)
           ^^^^^^^^^^^^^^^^^^^^^^^
.venv/lib/python3.12/site-packages/sqlalchemy/pool/base.py:674: in __init__
    self.__connect()
.venv/lib/python3.12/site-packages/sqlalchemy/pool/base.py:900: in __connect
    with util.safe_reraise():
         ^^^^^^^^^^^^^^^^^^^
.venv/lib/python3.12/site-packages/sqlalchemy/util/langhelpers.py:122: in __exit__
    raise exc_value.with_traceback(exc_tb)
.venv/lib/python3.12/site-packages/sqlalchemy/pool/base.py:896: in __connect
    self.dbapi_connection = connection = pool._invoke_creator(self)
                                         ^^^^^^^^^^^^^^^^^^^^^^^^^^
.venv/lib/python3.12/site-packages/sqlalchemy/engine/create.py:667: in connect
    return dialect.connect(*cargs_tup, **cparams)
           ^^^^^^^^^^^^^^^^^^^^^^^^^^^^^^^^^^^^^^
.venv/lib/python3.12/site-packages/sqlalchemy/engine/default.py:630: in connect
    return self.loaded_dbapi.connect(*cargs, **cparams)  # type: ignore[no-any-return]  # NOQA: E501
           ^^^^^^^^^^^^^^^^^^^^^^^^^^^^^^^^^^^^^^^^^^^^
.venv/lib/python3.12/site-packages/psycopg/connection.py:126: in connect
    raise last_ex.with_traceback(None)
E   sqlalchemy.exc.OperationalError: (psycopg.OperationalError) connection failed: connection to server at "127.0.0.1", port 55432 failed: could not receive data from server: Connection refused
E   (Background on this error at: https://sqlalche.me/e/20/e3q8)
=============================== warnings summary ===============================
.venv/lib/python3.12/site-packages/fastapi/testclient.py:1
  /Users/quanyiming/Projects/CoastMAS/.venv/lib/python3.12/site-packages/fastapi/testclient.py:1: StarletteDeprecationWarning: Using `httpx` with `starlette.testclient` is deprecated; install `httpx2` instead.
    from starlette.testclient import TestClient as TestClient  # noqa

.venv/lib/python3.12/site-packages/starlette/testclient.py:53
  /Users/quanyiming/Projects/CoastMAS/.venv/lib/python3.12/site-packages/starlette/testclient.py:53: DeprecationWarning: The anyio.abc.BlockingPortal alias is deprecated, use anyio.from_thread.BlockingPortal instead.
    _PortalFactoryType = Callable[[], AbstractContextManager[anyio.abc.BlockingPortal]]

-- Docs: https://docs.pytest.org/en/stable/how-to/capture-warnings.html
================================ tests coverage ================================
______________ coverage: platform darwin, python 3.12.14-final-0 _______________

Coverage JSON written to file artifacts/coverage.json
=========================== short test summary info ============================
ERROR tests/integration/test_api.py::test_authentication_and_csrf_are_required
ERROR tests/integration/test_api.py::test_scene_api_persists_version_and_rejects_project_escape
ERROR tests/integration/test_api.py::test_logout_revokes_cookie_and_errors_do_not_echo_password
ERROR tests/integration/test_builtin_assessment.py::test_registered_assessment_nodes_execute_real_stored_frames_as_dag[False]
ERROR tests/integration/test_builtin_assessment.py::test_registered_assessment_nodes_execute_real_stored_frames_as_dag[True]
ERROR tests/integration/test_builtin_coastal.py::test_scenario_a_registered_dag_reads_actual_tiff_geojson_csv
ERROR tests/integration/test_data_api.py::test_upload_reads_real_csv_and_validates_versioned_catalog
ERROR tests/integration/test_data_api.py::test_catalog_metadata_cannot_self_certify_quality
ERROR tests/integration/test_data_api.py::test_corrupt_upload_does_not_create_catalog_resource
ERROR tests/integration/test_data_api.py::test_data_history_download_and_archive_preserve_exact_bytes
ERROR tests/integration/test_data_api.py::test_data_download_cannot_use_forged_catalog_to_read_other_project
ERROR tests/integration/test_datasource.py::test_real_stored_geotiff_binding_converts_units_and_preserves_nodata
ERROR tests/integration/test_datasource.py::test_stored_geotiff_metadata_cannot_be_overridden_by_catalog
ERROR tests/integration/test_datasource.py::test_resolver_refuses_arbitrary_remote_urls
ERROR tests/integration/test_datasource.py::test_real_tabular_files_resolve_all_values_and_convert_units[CSV]
ERROR tests/integration/test_datasource.py::test_real_tabular_files_resolve_all_values_and_convert_units[NetCDF]
ERROR tests/integration/test_datasource.py::test_vector_geometry_container_is_bound_with_its_verified_crs
ERROR tests/integration/test_datasource.py::test_catalog_cannot_misstate_measured_raster_resolution
ERROR tests/integration/test_datasource.py::test_csv_container_keeps_unit_identifiers_and_declared_column_units
ERROR tests/integration/test_geography_api.py::test_entity_versions_spatial_filters_and_permissions
ERROR tests/integration/test_geography_api.py::test_projected_entity_materializes_without_changing_source
ERROR tests/integration/test_geography_api.py::test_entity_write_permissions_and_invalid_geometry_leave_no_revision
ERROR tests/integration/test_jobs.py::test_idempotent_submit_and_duplicate_delivery
ERROR tests/integration/test_jobs.py::test_cancellation_blocks_late_publication
ERROR tests/integration/test_jobs.py::test_publish_is_once_only_and_stale_worker_cannot_publish
ERROR tests/integration/test_jobs.py::test_concurrent_identical_submission_has_one_job
ERROR tests/integration/test_jobs.py::test_expired_lease_recovery_rejects_original_worker
ERROR tests/integration/test_jobs.py::test_heartbeat_and_failure_respect_worker_ownership
ERROR tests/integration/test_jobs.py::test_cancel_acknowledged_only_by_current_worker
ERROR tests/integration/test_jobs.py::test_published_result_checks_current_permission_on_every_read
ERROR tests/integration/test_knowledge_graph_api.py::test_graph_reads_only_authorized_versions_and_excludes_runtime_configuration
ERROR tests/integration/test_llm_provider.py::test_actual_http_requests_share_budget_and_usage_is_provider_reported
ERROR tests/integration/test_llm_provider.py::test_invalid_or_truncated_response_is_not_repaired_or_retried_implicitly[length]
ERROR tests/integration/test_llm_provider.py::test_invalid_or_truncated_response_is_not_repaired_or_retried_implicitly[refusal]
ERROR tests/integration/test_llm_provider.py::test_invalid_or_truncated_response_is_not_repaired_or_retried_implicitly[malformed]
ERROR tests/integration/test_llm_provider.py::test_invalid_or_truncated_response_is_not_repaired_or_retried_implicitly[unknown_field]
ERROR tests/integration/test_llm_provider.py::test_prompt_must_match_authorized_trace_and_unknown_usage_is_null
ERROR tests/integration/test_model_api.py::test_model_import_export_copy_history_and_archive
ERROR tests/integration/test_model_api.py::test_metadata_create_cannot_self_certify_execution
ERROR tests/integration/test_model_api.py::test_model_decomposition_is_available_without_executing_upload
ERROR tests/integration/test_model_api.py::test_model_search_filters_literal_names_and_current_enable_state
ERROR tests/integration/test_model_api.py::test_matching_endpoint_uses_registered_versions_and_rejects_unvalidated_models
ERROR tests/integration/test_persistence.py::test_resource_permissions_and_immutable_versions
ERROR tests/integration/test_persistence.py::test_foreign_key_rejects_orphan_versions
ERROR tests/integration/test_planning_api.py::test_plan_parse_recommend_build_share_artifact_then_run_real_workflow
ERROR tests/integration/test_planning_api.py::test_unrecognized_goal_is_preserved_and_external_access_not_assumed
ERROR tests/integration/test_planning_api.py::test_external_endpoints_use_one_trace_and_do_not_export_source_uris
ERROR tests/integration/test_planning_trace.py::test_shared_plan_budget_is_atomic_under_concurrent_endpoints
ERROR tests/integration/test_planning_trace.py::test_trace_idempotency_is_scoped_and_cannot_reset_budget
ERROR tests/integration/test_planning_trace.py::test_external_consent_and_fresh_permissions_are_required
ERROR tests/integration/test_planning_trace.py::test_request_evidence_is_write_once_and_unknown_usage_stays_null
ERROR tests/integration/test_resource_lifecycle.py::test_workflow_dependencies_protect_referenced_versions_from_archive
ERROR tests/integration/test_resource_lifecycle.py::test_unused_resource_archive_preserves_history_and_checks_permissions
ERROR tests/integration/test_resource_lifecycle.py::test_workflow_cannot_reference_unavailable_or_foreign_project_data
ERROR tests/integration/test_resource_lifecycle.py::test_archive_cannot_race_new_workflow_reference
ERROR tests/integration/test_resource_lifecycle.py::test_update_rechecks_version_after_lock_even_with_cached_orm_identity
ERROR tests/integration/test_resource_lifecycle.py::test_permission_revocation_invalidates_cached_membership
ERROR tests/integration/test_resource_lifecycle.py::test_invalid_update_does_not_stage_partial_version_when_error_is_caught
ERROR tests/integration/test_run_api.py::test_run_api_builds_manifest_and_publishes_real_result
ERROR tests/integration/test_run_api.py::test_run_api_blocks_disabled_input_and_supports_cancel_then_explicit_retry
ERROR tests/integration/test_run_api.py::test_run_api_does_not_accept_caller_manifest_or_unknown_runtime
ERROR tests/integration/test_run_api.py::test_concurrent_api_submissions_share_one_persisted_manifest
ERROR tests/integration/test_run_api.py::test_result_download_checks_bytes_and_current_permission
ERROR tests/integration/test_sample_bootstrap.py::test_seed_is_repeatable_preserves_user_state_and_three_scenes_run
ERROR tests/integration/test_sample_bootstrap.py::test_initial_account_is_idempotent_and_never_resets_password
ERROR tests/integration/test_scene_workspace_api.py::test_scene_draft_coverage_and_saved_references_enforce_project_and_version
ERROR tests/integration/test_scene_workspace_api.py::test_worker_accepts_verified_legacy_scene_with_absent_optional_reference_fields
ERROR tests/integration/test_scene_workspace_api.py::test_scene_entity_revocation_is_checked_at_submission_and_worker
ERROR tests/integration/test_storage.py::test_real_object_store_is_immutable_and_checksum_verified
ERROR tests/integration/test_storage.py::test_object_keys_cannot_escape_namespace
ERROR tests/integration/test_worker.py::test_real_redis_worker_to_postgres_and_minio_publishes_once
ERROR tests/integration/test_worker.py::test_running_worker_stops_on_cancel_or_permission_revocation[cancel]
ERROR tests/integration/test_worker.py::test_running_worker_stops_on_cancel_or_permission_revocation[revoke]
ERROR tests/integration/test_worker.py::test_manifest_rechecks_cached_resource_lifecycle[enabled-False]
ERROR tests/integration/test_worker.py::test_manifest_rechecks_cached_resource_lifecycle[archived-True]
ERROR tests/integration/test_worker.py::test_worker_rejects_catalog_references_to_other_project_objects
ERROR tests/integration/test_workflow_drafts.py::test_draft_preflight_checks_unsaved_science_and_never_persists_or_submits
ERROR tests/integration/test_workflow_drafts.py::test_draft_and_saved_preflight_expose_unregistered_runtime_before_run
ERROR tests/integration/test_workspace_api.py::test_project_listing_and_dashboard_are_scoped_and_computed
ERROR tests/integration/test_workspace_api.py::test_admin_can_manage_users_memberships_and_audit_without_secret_exposure
ERROR tests/integration/test_workspace_api.py::test_resource_lists_return_bounded_pages_and_safe_summary
ERROR tests/integration/test_workspace_api.py::test_builtin_enable_lifecycle_preserves_existing_runtime_evidence
212 passed, 2 warnings, 82 errors in 44.36s
