INFO: Formatting 1st pool, 1 set(s), 1 drives per set.
INFO: WARNING: Host local has more than 0 drives of set. A host failure will result in data becoming unavailable.
MinIO Object Storage Server
Copyright: 2015-2026 MinIO, Inc.
License: GNU AGPLv3 - https://www.gnu.org/licenses/agpl-3.0.html
Version: RELEASE.2025-09-07T16-13-09Z.hotfix.7aa24e772 (go1.26.1 linux/amd64)

API: http://172.19.0.4:9000  http://127.0.0.1:9000 
WebUI: http://172.19.0.4:9001 http://127.0.0.1:9001 

Docs: https://docs.min.io
fatal error: unexpected signal during runtime execution
[signal SIGSEGV: segmentation violation code=0x1 addr=0x9 pc=0x41c97c]

goroutine 52545 gp=0x39391b3ffa40 m=2 mp=0x39391943a808 [running]:
runtime.throw({0x37504ea?, 0x48c105?})
	runtime/panic.go:1229 +0x48 fp=0x393926bc05c8 sp=0x393926bc0598 pc=0x48e9c8
runtime.sigpanic()
	runtime/signal_unix.go:915 +0x3df fp=0x393926bc0628 sp=0x393926bc05c8 pc=0x4910bf
runtime.(*waitq).enqueue(...)
	runtime/chan.go:882
runtime.chanrecv(0x393927062480, 0x393926bc0c67, 0x1)
	runtime/chan.go:653 +0x3fc fp=0x393926bc06a0 sp=0x393926bc0628 pc=0x41c97c
runtime.chanrecv2(0x6edac00?, 0x0?)
	runtime/chan.go:514 +0x12 fp=0x393926bc06c8 sp=0x393926bc06a0 pc=0x41c572
github.com/minio/minio/cmd.erasureObjects.getObjectFileInfo({_, _, _, _, _, _, _, _, _}, {0x4baa358, ...}, ...)
	github.com/minio/minio/cmd/erasure-object.go:870 +0x81e fp=0x393926bc18d0 sp=0x393926bc06c8 pc=0x282c39e
github.com/minio/minio/cmd.erasureObjects.getObjectInfo({_, _, _, _, _, _, _, _, _}, {0x4baa358, ...}, ...)
	github.com/minio/minio/cmd/erasure-object.go:976 +0x1c6 fp=0x393926bc22f8 sp=0x393926bc18d0 pc=0x282fc66
github.com/minio/minio/cmd.erasureObjects.GetObjectInfo({_, _, _, _, _, _, _, _, _}, {0x4baa358, ...}, ...)
	github.com/minio/minio/cmd/erasure-object.go:451 +0x391 fp=0x393926bc2b20 sp=0x393926bc22f8 pc=0x2828f71
github.com/minio/minio/cmd.(*erasureSets).GetObjectInfo(_, {_, _}, {_, _}, {_, _}, {{0x0, 0x0}, 0x0, ...})
	github.com/minio/minio/cmd/erasure-sets.go:747 +0x245 fp=0x393926bc32f8 sp=0x393926bc2b20 pc=0x2893865
github.com/minio/minio/cmd.(*erasureServerPools).getPoolInfoExistingWithOpts.func1(_, _, {{0x0, 0x0}, 0x0, 0x0, {0x0, 0x0}, {0x0, 0x0, ...}, ...})
	github.com/minio/minio/cmd/erasure-server-pool.go:515 +0x185 fp=0x393926bc3d20 sp=0x393926bc32f8 pc=0x286b4a5
github.com/minio/minio/cmd.(*erasureServerPools).getPoolInfoExistingWithOpts.gowrap1()
	github.com/minio/minio/cmd/erasure-server-pool.go:517 +0x7c fp=0x393926bc3fe0 sp=0x393926bc3d20 pc=0x286b2fc
runtime.goexit({})
	runtime/asm_amd64.s:1771 +0x1 fp=0x393926bc3fe8 sp=0x393926bc3fe0 pc=0x4966c1
created by github.com/minio/minio/cmd.(*erasureServerPools).getPoolInfoExistingWithOpts in goroutine 52485
	github.com/minio/minio/cmd/erasure-server-pool.go:504 +0x235

goroutine 1 gp=0x3939193941e0 m=nil [chan receive, 255 minutes]:
runtime.gopark(0x0?, 0x2000000000000?, 0x0?, 0xc9?, 0x40008054e8?)
	runtime/proc.go:462 +0xce fp=0x393925f89130 sp=0x393925f89110 pc=0x48eaee
runtime.chanrecv(0x39391a5c1ce0, 0x0, 0x1)
	runtime/chan.go:667 +0x4ae fp=0x393925f891a8 sp=0x393925f89130 pc=0x41ca2e
runtime.chanrecv1(0x36df500?, 0x36c1f25?)
	runtime/chan.go:509 +0x12 fp=0x393925f891d0 sp=0x393925f891a8 pc=0x41c552
github.com/minio/minio/cmd.serverMain(0x39391938c680)
	github.com/minio/minio/cmd/server-main.go:1203 +0x10fc fp=0x393925f895f0 sp=0x393925f891d0 pc=0x2a5a55c
github.com/minio/cli.HandleAction({0x2ee3780?, 0x4b468e8?}, 0x6?)
	github.com/minio/cli@v1.24.2/app.go:492 +0x70 fp=0x393925f89608 sp=0x393925f895f0 pc=0x13e23f0
github.com/minio/cli.Command.Run({{0x36bf7f8, 0x6}, {0x0, 0x0}, {0x0, 0x0, 0x0}, {0x3708f08, 0x1b}, {0x0, ...}, ...}, ...)
	github.com/minio/cli@v1.24.2/command.go:242 +0x992 fp=0x393925f89918 sp=0x393925f89608 pc=0x13e3512
github.com/minio/cli.(*App).Run(0x393919f58540, {0x39391954a000, 0x5, 0x5})
	github.com/minio/cli@v1.24.2/app.go:260 +0xbe5 fp=0x393925f89ed0 sp=0x393925f89918 pc=0x13dff65
github.com/minio/minio/cmd.Main({0x39391954a000, 0x5, 0x5})
	github.com/minio/minio/cmd/main.go:225 +0xb9 fp=0x393925f89f20 sp=0x393925f89ed0 pc=0x29253b9
main.main()
	github.com/minio/minio/main.go:32 +0x28 fp=0x393925f89f48 sp=0x393925f89f20 pc=0x2c3e868
runtime.main()
	runtime/proc.go:290 +0x2d5 fp=0x393925f89fe0 sp=0x393925f89f48 pc=0x457035
runtime.goexit({})
	runtime/asm_amd64.s:1771 +0x1 fp=0x393925f89fe8 sp=0x393925f89fe0 pc=0x4966c1

goroutine 2 gp=0x393919394780 m=nil [force gc (idle), 3 minutes]:
runtime.gopark(0xe15871d06e9?, 0x0?, 0x0?, 0x0?, 0x0?)
	runtime/proc.go:462 +0xce fp=0x393919436fa8 sp=0x393919436f88 pc=0x48eaee
runtime.goparkunlock(...)
	runtime/proc.go:468
runtime.forcegchelper()
	runtime/proc.go:375 +0xb3 fp=0x393919436fe0 sp=0x393919436fa8 pc=0x457353
runtime.goexit({})
	runtime/asm_amd64.s:1771 +0x1 fp=0x393919436fe8 sp=0x393919436fe0 pc=0x4966c1
created by runtime.init.7 in goroutine 1
	runtime/proc.go:363 +0x1a

goroutine 3 gp=0x3939193950e0 m=nil [GC sweep wait]:
runtime.gopark(0x6ed9301?, 0x0?, 0x0?, 0x0?, 0x0?)
	runtime/proc.go:462 +0xce fp=0x393919437788 sp=0x393919437768 pc=0x48eaee
runtime.goparkunlock(...)
	runtime/proc.go:468
runtime.bgsweep(0x39391945e000)
	runtime/mgcsweep.go:324 +0x151 fp=0x3939194377c8 sp=0x393919437788 pc=0x43e2b1
runtime.gcenable.gowrap1()
	runtime/mgc.go:214 +0x17 fp=0x3939194377e0 sp=0x3939194377c8 pc=0x42f4d7
runtime.goexit({})
	runtime/asm_amd64.s:1771 +0x1 fp=0x3939194377e8 sp=0x3939194377e0 pc=0x4966c1
created by runtime.gcenable in goroutine 1
	runtime/mgc.go:214 +0x66

goroutine 4 gp=0x3939193952c0 m=nil [GC scavenge wait]:
runtime.gopark(0xd575d?, 0x8c844?, 0x0?, 0x0?, 0x0?)
	runtime/proc.go:462 +0xce fp=0x393919437f78 sp=0x393919437f58 pc=0x48eaee
runtime.goparkunlock(...)
	runtime/proc.go:468
runtime.(*scavengerState).park(0x6edd3e0)
	runtime/mgcscavenge.go:425 +0x49 fp=0x393919437fa8 sp=0x393919437f78 pc=0x43bd09
runtime.bgscavenge(0x39391945e000)
	runtime/mgcscavenge.go:658 +0x59 fp=0x393919437fc8 sp=0x393919437fa8 pc=0x43c299
runtime.gcenable.gowrap2()
	runtime/mgc.go:215 +0x17 fp=0x393919437fe0 sp=0x393919437fc8 pc=0x42f497
runtime.goexit({})
	runtime/asm_amd64.s:1771 +0x1 fp=0x393919437fe8 sp=0x393919437fe0 pc=0x4966c1
created by runtime.gcenable in goroutine 1
	runtime/mgc.go:215 +0xa5

goroutine 17 gp=0x393919500000 m=nil [GOMAXPROCS updater (idle), 255 minutes]:
runtime.gopark(0x0?, 0x0?, 0x0?, 0x0?, 0x0?)
	runtime/proc.go:462 +0xce fp=0x393919432788 sp=0x393919432768 pc=0x48eaee
runtime.goparkunlock(...)
	runtime/proc.go:468
runtime.updateMaxProcsGoroutine()
	runtime/proc.go:7095 +0xe7 fp=0x3939194327e0 sp=0x393919432788 pc=0x465927
runtime.goexit({})
	runtime/asm_amd64.s:1771 +0x1 fp=0x3939194327e8 sp=0x3939194327e0 pc=0x4966c1
created by runtime.defaultGOMAXPROCSUpdateEnable in goroutine 1
	runtime/proc.go:7083 +0x37

goroutine 18 gp=0x3939195001e0 m=nil [finalizer wait, 255 minutes]:
runtime.gopark(0x466975?, 0x6f32140?, 0x13?, 0x0?, 0x393919436670?)
	runtime/proc.go:462 +0xce fp=0x393919436620 sp=0x393919436600 pc=0x48eaee
runtime.runFinalizers()
	runtime/mfinal.go:210 +0x107 fp=0x3939194367e0 sp=0x393919436620 pc=0x42e447
runtime.goexit({})
	runtime/asm_amd64.s:1771 +0x1 fp=0x3939194367e8 sp=0x3939194367e0 pc=0x4966c1
created by runtime.createfing in goroutine 1
	runtime/mfinal.go:172 +0x3d

goroutine 5 gp=0x3939193954a0 m=nil [GC worker (idle)]:
runtime.gopark(0x6f32140?, 0x1?, 0x5a?, 0xc7?, 0x0?)
	runtime/proc.go:462 +0xce fp=0x393919438740 sp=0x393919438720 pc=0x48eaee
runtime.gcBgMarkWorker(0x3939197fa000)
	runtime/mgc.go:1791 +0xeb fp=0x3939194387c8 sp=0x393919438740 pc=0x431fab
runtime.gcBgMarkStartWorkers.gowrap1()
	runtime/mgc.go:1695 +0x17 fp=0x3939194387e0 sp=0x3939194387c8 pc=0x431e97
runtime.goexit({})
	runtime/asm_amd64.s:1771 +0x1 fp=0x3939194387e8 sp=0x3939194387e0 pc=0x4966c1
created by runtime.gcBgMarkStartWorkers in goroutine 1
	runtime/mgc.go:1695 +0x105

goroutine 19 gp=0x3939195005a0 m=nil [GC worker (idle), 15 minutes]:
runtime.gopark(0x6f32140?, 0x1?, 0x54?, 0x31?, 0x0?)
	runtime/proc.go:462 +0xce fp=0x393919432f40 sp=0x393919432f20 pc=0x48eaee
runtime.gcBgMarkWorker(0x3939197fa000)
	runtime/mgc.go:1791 +0xeb fp=0x393919432fc8 sp=0x393919432f40 pc=0x431fab
runtime.gcBgMarkStartWorkers.gowrap1()
	runtime/mgc.go:1695 +0x17 fp=0x393919432fe0 sp=0x393919432fc8 pc=0x431e97
runtime.goexit({})
	runtime/asm_amd64.s:1771 +0x1 fp=0x393919432fe8 sp=0x393919432fe0 pc=0x4966c1
created by runtime.gcBgMarkStartWorkers in goroutine 1
	runtime/mgc.go:1695 +0x105

goroutine 33 gp=0x3939194843c0 m=nil [GC worker (idle), 15 minutes]:
runtime.gopark(0x6f32140?, 0x1?, 0x1a?, 0x4a?, 0x0?)
	runtime/proc.go:462 +0xce fp=0x3939194e0740 sp=0x3939194e0720 pc=0x48eaee
runtime.gcBgMarkWorker(0x3939197fa000)
	runtime/mgc.go:1791 +0xeb fp=0x3939194e07c8 sp=0x3939194e0740 pc=0x431fab
runtime.gcBgMarkStartWorkers.gowrap1()
	runtime/mgc.go:1695 +0x17 fp=0x3939194e07e0 sp=0x3939194e07c8 pc=0x431e97
runtime.goexit({})
	runtime/asm_amd64.s:1771 +0x1 fp=0x3939194e07e8 sp=0x3939194e07e0 pc=0x4966c1
created by runtime.gcBgMarkStartWorkers in goroutine 1
	runtime/mgc.go:1695 +0x105

goroutine 6 gp=0x393919395680 m=nil [GC worker (idle), 255 minutes]:
runtime.gopark(0x3d7a36afd9?, 0x1?, 0x5a?, 0x45?, 0x0?)
	runtime/proc.go:462 +0xce fp=0x393919438f40 sp=0x393919438f20 pc=0x48eaee
runtime.gcBgMarkWorker(0x3939197fa000)
	runtime/mgc.go:1791 +0xeb fp=0x393919438fc8 sp=0x393919438f40 pc=0x431fab
runtime.gcBgMarkStartWorkers.gowrap1()
	runtime/mgc.go:1695 +0x17 fp=0x393919438fe0 sp=0x393919438fc8 pc=0x431e97
runtime.goexit({})
	runtime/asm_amd64.s:1771 +0x1 fp=0x393919438fe8 sp=0x393919438fe0 pc=0x4966c1
created by runtime.gcBgMarkStartWorkers in goroutine 1
	runtime/mgc.go:1695 +0x105

goroutine 20 gp=0x393919500780 m=nil [GC worker (idle), 255 minutes]:
runtime.gopark(0x3d77df91fd?, 0x0?, 0x0?, 0x0?, 0x0?)
	runtime/proc.go:462 +0xce fp=0x393919433740 sp=0x393919433720 pc=0x48eaee
runtime.gcBgMarkWorker(0x3939197fa000)
	runtime/mgc.go:1791 +0xeb fp=0x3939194337c8 sp=0x393919433740 pc=0x431fab
runtime.gcBgMarkStartWorkers.gowrap1()
	runtime/mgc.go:1695 +0x17 fp=0x3939194337e0 sp=0x3939194337c8 pc=0x431e97
runtime.goexit({})
	runtime/asm_amd64.s:1771 +0x1 fp=0x3939194337e8 sp=0x3939194337e0 pc=0x4966c1
created by runtime.gcBgMarkStartWorkers in goroutine 1
	runtime/mgc.go:1695 +0x105

goroutine 34 gp=0x39391a048000 m=nil [chan receive, 255 minutes]:
runtime.gopark(0x0?, 0x0?, 0x0?, 0x0?, 0x0?)
	runtime/proc.go:462 +0xce fp=0x3939194e3ea0 sp=0x3939194e3e80 pc=0x48eaee
runtime.chanrecv(0x3939194fe000, 0x3939194e3f88, 0x1)
	runtime/chan.go:667 +0x4ae fp=0x3939194e3f18 sp=0x3939194e3ea0 pc=0x41ca2e
runtime.chanrecv2(0x0?, 0x0?)
	runtime/chan.go:514 +0x12 fp=0x3939194e3f40 sp=0x3939194e3f18 pc=0x41c572
github.com/rjeczalik/notify.(*nonrecursiveTree).dispatch(0x3939194fa060, 0x3939194fe000)
	github.com/rjeczalik/notify@v0.9.3/tree_nonrecursive.go:36 +0x5a fp=0x3939194e3fc0 sp=0x3939194e3f40 pc=0x8a40fa
github.com/rjeczalik/notify.newNonrecursiveTree.gowrap1()
	github.com/rjeczalik/notify@v0.9.3/tree_nonrecursive.go:29 +0x1b fp=0x3939194e3fe0 sp=0x3939194e3fc0 pc=0x8a407b
runtime.goexit({})
	runtime/asm_amd64.s:1771 +0x1 fp=0x3939194e3fe8 sp=0x3939194e3fe0 pc=0x4966c1
created by github.com/rjeczalik/notify.newNonrecursiveTree in goroutine 1
	github.com/rjeczalik/notify@v0.9.3/tree_nonrecursive.go:29 +0x12a

goroutine 35 gp=0x39391a0481e0 m=nil [chan receive, 255 minutes]:
runtime.gopark(0x0?, 0x0?, 0x0?, 0x0?, 0x0?)
	runtime/proc.go:462 +0xce fp=0x393919433e38 sp=0x393919433e18 pc=0x48eaee
runtime.chanrecv(0x3939194fe070, 0x393919433f70, 0x1)
	runtime/chan.go:667 +0x4ae fp=0x393919433eb0 sp=0x393919433e38 pc=0x41ca2e
runtime.chanrecv2(0x0?, 0x0?)
	runtime/chan.go:514 +0x12 fp=0x393919433ed8 sp=0x393919433eb0 pc=0x41c572
github.com/rjeczalik/notify.(*nonrecursiveTree).internal(0x3939194fa060, 0x3939194fe070)
	github.com/rjeczalik/notify@v0.9.3/tree_nonrecursive.go:81 +0x4d fp=0x393919433fc0 sp=0x393919433ed8 pc=0x8a492d
github.com/rjeczalik/notify.newNonrecursiveTree.gowrap2()
	github.com/rjeczalik/notify@v0.9.3/tree_nonrecursive.go:30 +0x1b fp=0x393919433fe0 sp=0x393919433fc0 pc=0x8a403b
runtime.goexit({})
	runtime/asm_amd64.s:1771 +0x1 fp=0x393919433fe8 sp=0x393919433fe0 pc=0x4966c1
created by github.com/rjeczalik/notify.newNonrecursiveTree in goroutine 1
	github.com/rjeczalik/notify@v0.9.3/tree_nonrecursive.go:30 +0x178

goroutine 49 gp=0x39391a1085a0 m=nil [cleanup wait, 253 minutes]:
runtime.gopark(0x4047417e00?, 0x3939194e2f90?, 0xf5?, 0x2b?, 0x4047417e00?)
	runtime/proc.go:462 +0xce fp=0x3939194e2f68 sp=0x3939194e2f48 pc=0x48eaee
runtime.goparkunlock(...)
	runtime/proc.go:468
runtime.(*cleanupQueue).dequeue(0x6ede2a0)
	runtime/mcleanup.go:522 +0xd4 fp=0x3939194e2fa0 sp=0x3939194e2f68 pc=0x42aab4
runtime.runCleanups()
	runtime/mcleanup.go:718 +0x45 fp=0x3939194e2fe0 sp=0x3939194e2fa0 pc=0x42b125
runtime.goexit({})
	runtime/asm_amd64.s:1771 +0x1 fp=0x3939194e2fe8 sp=0x3939194e2fe0 pc=0x4966c1
created by runtime.(*cleanupQueue).createGs in goroutine 1
	runtime/mcleanup.go:672 +0xa5

goroutine 52 gp=0x39391a108d20 m=nil [sleep, 15 minutes]:
runtime.gopark(0xd5609180848?, 0x39391980e540?, 0x68?, 0xef?, 0x48f6ef?)
	runtime/proc.go:462 +0xce fp=0x3939194def48 sp=0x3939194def28 pc=0x48eaee
time.Sleep(0x34630b8a000)
	runtime/time.go:363 +0x165 fp=0x3939194defa0 sp=0x3939194def48 pc=0x493065
github.com/minio/minio/internal/logger.(*logOnceType).cleanupRoutine(0x39391a1ebb10)
	github.com/minio/minio/internal/logger/logonce.go:125 +0x26 fp=0x3939194defc8 sp=0x3939194defa0 pc=0xf32f86
github.com/minio/minio/internal/logger.newLogOnceType.gowrap1()
	github.com/minio/minio/internal/logger/logonce.go:136 +0x17 fp=0x3939194defe0 sp=0x3939194defc8 pc=0xf330d7
runtime.goexit({})
	runtime/asm_amd64.s:1771 +0x1 fp=0x3939194defe8 sp=0x3939194defe0 pc=0x4966c1
created by github.com/minio/minio/internal/logger.newLogOnceType in goroutine 1
	github.com/minio/minio/internal/logger/logonce.go:136 +0x89

goroutine 51 gp=0x39391a35e960 m=nil [sleep, 15 minutes]:
runtime.gopark(0xd5609b745bf?, 0x39391980e540?, 0x68?, 0x8f?, 0x48f6ef?)
	runtime/proc.go:462 +0xce fp=0x39391a6d8f48 sp=0x39391a6d8f28 pc=0x48eaee
time.Sleep(0x1a3185c5000)
	runtime/time.go:363 +0x165 fp=0x39391a6d8fa0 sp=0x39391a6d8f48 pc=0x493065
github.com/minio/console/pkg/logger.(*logOnceType).cleanupRoutine(0x39391a1eb960)
	github.com/minio/console@v1.7.7-0.20250905210349-2017f33b26e1/pkg/logger/logonce.go:62 +0x28 fp=0x39391a6d8fc8 sp=0x39391a6d8fa0 pc=0x17e0d68
github.com/minio/console/pkg/logger.newLogOnceType.gowrap1()
	github.com/minio/console@v1.7.7-0.20250905210349-2017f33b26e1/pkg/logger/logonce.go:69 +0x17 fp=0x39391a6d8fe0 sp=0x39391a6d8fc8 pc=0x17e0eb7
runtime.goexit({})
	runtime/asm_amd64.s:1771 +0x1 fp=0x39391a6d8fe8 sp=0x39391a6d8fe0 pc=0x4966c1
created by github.com/minio/console/pkg/logger.newLogOnceType in goroutine 1
	github.com/minio/console@v1.7.7-0.20250905210349-2017f33b26e1/pkg/logger/logonce.go:69 +0x89

goroutine 25 gp=0x39391a65ad20 m=nil [select, 255 minutes]:
runtime.gopark(0x3939194e0f80?, 0x3?, 0x0?, 0x0?, 0x3939194e0f4a?)
	runtime/proc.go:462 +0xce fp=0x39391a17bdc8 sp=0x39391a17bda8 pc=0x48eaee
runtime.selectgo(0x39391a17bf80, 0x3939194e0f44, 0x0?, 0x0, 0x0?, 0x1)
	runtime/select.go:351 +0xaa5 fp=0x39391a17bef8 sp=0x39391a17bdc8 pc=0x46a9a5
github.com/minio/minio/cmd.handleSignals()
	github.com/minio/minio/cmd/signals.go:98 +0xa7 fp=0x39391a17bfe0 sp=0x39391a17bef8 pc=0x2a67807
runtime.goexit({})
	runtime/asm_amd64.s:1771 +0x1 fp=0x39391a17bfe8 sp=0x39391a17bfe0 pc=0x4966c1
created by github.com/minio/minio/cmd.serverMain in goroutine 1
	github.com/minio/minio/cmd/server-main.go:756 +0x1dd

goroutine 38 gp=0x39391a65a3c0 m=nil [select]:
runtime.gopark(0x39391a5a7f10?, 0x2?, 0x2?, 0x0?, 0x39391a5a7ecc?)
	runtime/proc.go:462 +0xce fp=0x39391a5a7d60 sp=0x39391a5a7d40 pc=0x48eaee
runtime.selectgo(0x39391a5a7f10, 0x39391a5a7ec8, 0x39391a5a7f40?, 0x0, 0x41bb5e?, 0x1)
	runtime/select.go:351 +0xaa5 fp=0x39391a5a7e90 sp=0x39391a5a7d60 pc=0x46a9a5
github.com/minio/minio/cmd.(*allHealState).periodicHealSeqsClean(0x39391a41e900, {0x4baa390, 0x39391a6f8c80})
	github.com/minio/minio/cmd/admin-heal-ops.go:211 +0x111 fp=0x39391a5a7fb8 sp=0x39391a5a7e90 pc=0x267b8d1
github.com/minio/minio/cmd.newHealState.gowrap1()
	github.com/minio/minio/cmd/admin-heal-ops.go:112 +0x1f fp=0x39391a5a7fe0 sp=0x39391a5a7fb8 pc=0x267a63f
runtime.goexit({})
	runtime/asm_amd64.s:1771 +0x1 fp=0x39391a5a7fe8 sp=0x39391a5a7fe0 pc=0x4966c1
created by github.com/minio/minio/cmd.newHealState in goroutine 1
	github.com/minio/minio/cmd/admin-heal-ops.go:112 +0xf4

goroutine 24 gp=0x39391a65a780 m=nil [select, 255 minutes, locked to thread]:
runtime.gopark(0x3939194e37a8?, 0x2?, 0x0?, 0x0?, 0x3939194e3794?)
	runtime/proc.go:462 +0xce fp=0x3939194e3628 sp=0x3939194e3608 pc=0x48eaee
runtime.selectgo(0x3939194e37a8, 0x3939194e3790, 0x0?, 0x0, 0x39391a583101?, 0x1)
	runtime/select.go:351 +0xaa5 fp=0x3939194e3758 sp=0x3939194e3628 pc=0x46a9a5
runtime.ensureSigM.func1()
	runtime/signal_unix.go:1091 +0x188 fp=0x3939194e37e0 sp=0x3939194e3758 pc=0x488c08
runtime.goexit({})
	runtime/asm_amd64.s:1771 +0x1 fp=0x3939194e37e8 sp=0x3939194e37e0 pc=0x4966c1
created by runtime.ensureSigM in goroutine 1
	runtime/signal_unix.go:1074 +0xc5

goroutine 66 gp=0x39391a108780 m=4 mp=0x393919480008 [syscall, 255 minutes]:
runtime.notetsleepg(0x6f30720, 0xffffffffffffffff)
	runtime/lock_futex.go:123 +0x29 fp=0x3939194de7a0 sp=0x3939194de778 pc=0x423329
os/signal.signal_recv()
	runtime/sigqueue.go:152 +0x98 fp=0x3939194de7c0 sp=0x3939194de7a0 pc=0x491178
os/signal.loop()
	os/signal/signal_unix.go:23 +0x13 fp=0x3939194de7e0 sp=0x3939194de7c0 pc=0x8a0f53
runtime.goexit({})
	runtime/asm_amd64.s:1771 +0x1 fp=0x3939194de7e8 sp=0x3939194de7e0 pc=0x4966c1
created by os/signal.Notify.func1.1 in goroutine 1
	os/signal/signal.go:152 +0x1f

goroutine 26 gp=0x39391a2025a0 m=nil [select]:
runtime.gopark(0x39391a5a4f90?, 0x2?, 0xa4?, 0xdb?, 0x39391a5a4f84?)
	runtime/proc.go:462 +0xce fp=0x39391a5a4e18 sp=0x39391a5a4df8 pc=0x48eaee
runtime.selectgo(0x39391a5a4f90, 0x39391a5a4f80, 0x0?, 0x0, 0x2?, 0x1)
	runtime/select.go:351 +0xaa5 fp=0x39391a5a4f48 sp=0x39391a5a4e18 pc=0x46a9a5
github.com/minio/minio/cmd.runDNSCache.func1()
	github.com/minio/minio/cmd/common-main.go:544 +0xc5 fp=0x39391a5a4fe0 sp=0x39391a5a4f48 pc=0x27a25e5
runtime.goexit({})
	runtime/asm_amd64.s:1771 +0x1 fp=0x39391a5a4fe8 sp=0x39391a5a4fe0 pc=0x4966c1
created by github.com/minio/minio/cmd.runDNSCache in goroutine 1
	github.com/minio/minio/cmd/common-main.go:539 +0x74

goroutine 45 gp=0x393919fed860 m=nil [select]:
runtime.gopark(0x39391a25d8c8?, 0x2?, 0x2?, 0x0?, 0x39391a25cbdc?)
	runtime/proc.go:462 +0xce fp=0x39391a25ca60 sp=0x39391a25ca40 pc=0x48eaee
runtime.selectgo(0x39391a25d8c8, 0x39391a25cbd8, 0x39391a25df20?, 0x0, 0x2?, 0x1)
	runtime/select.go:351 +0xaa5 fp=0x39391a25cb90 sp=0x39391a25ca60 pc=0x46a9a5
github.com/minio/minio/cmd.(*BucketTargetSys).heartBeat(0x39391a71c1c0, {0x4baa390, 0x39391a6f8c80})
	github.com/minio/minio/cmd/bucket-targets.go:145 +0x11b fp=0x39391a25dfb8 sp=0x39391a25cb90 pc=0x2795adb
github.com/minio/minio/cmd.NewBucketTargetSys.gowrap1()
	github.com/minio/minio/cmd/bucket-targets.go:574 +0x1f fp=0x39391a25dfe0 sp=0x39391a25dfb8 pc=0x279aa1f
runtime.goexit({})
	runtime/asm_amd64.s:1771 +0x1 fp=0x39391a25dfe8 sp=0x39391a25dfe0 pc=0x4966c1
created by github.com/minio/minio/cmd.NewBucketTargetSys in goroutine 1
	github.com/minio/minio/cmd/bucket-targets.go:574 +0x185

goroutine 44 gp=0x39391b3fe000 m=nil [select, 15 minutes]:
runtime.gopark(0x39391a653f90?, 0x2?, 0x80?, 0xd?, 0x39391a653f6c?)
	runtime/proc.go:462 +0xce fp=0x39391b644e00 sp=0x39391b644de0 pc=0x48eaee
runtime.selectgo(0x39391b644f90, 0x39391a653f68, 0x39391a6f8c80?, 0x0, 0x192f285?, 0x1)
	runtime/select.go:351 +0xaa5 fp=0x39391b644f30 sp=0x39391b644e00 pc=0x46a9a5
github.com/minio/minio/cmd.NewBucketTargetSys.func1()
	github.com/minio/minio/cmd/bucket-targets.go:565 +0x10c fp=0x39391b644fe0 sp=0x39391b644f30 pc=0x279ab4c
runtime.goexit({})
	runtime/asm_amd64.s:1771 +0x1 fp=0x39391b644fe8 sp=0x39391b644fe0 pc=0x4966c1
created by github.com/minio/minio/cmd.NewBucketTargetSys in goroutine 1
	github.com/minio/minio/cmd/bucket-targets.go:561 +0x12c

goroutine 174 gp=0x39391a65b860 m=nil [select, 255 minutes]:
runtime.gopark(0x39391a176e38?, 0x2?, 0x2b?, 0x5c?, 0x39391a176cd4?)
	runtime/proc.go:462 +0xce fp=0x39391a176a38 sp=0x39391a176a18 pc=0x48eaee
runtime.selectgo(0x39391a176e38, 0x39391a176cd0, 0x0?, 0x0, 0x44e012?, 0x1)
	runtime/select.go:351 +0xaa5 fp=0x39391a176b68 sp=0x39391a176a38 pc=0x46a9a5
github.com/minio/minio/internal/event.(*TargetList).startSendWorkers.func1()
	github.com/minio/minio/internal/event/targetlist.go:365 +0x1db fp=0x39391a176fe0 sp=0x39391a176b68 pc=0xfa9cdb
runtime.goexit({})
	runtime/asm_amd64.s:1771 +0x1 fp=0x39391a176fe8 sp=0x39391a176fe0 pc=0x4966c1
created by github.com/minio/minio/internal/event.(*TargetList).startSendWorkers in goroutine 527
	github.com/minio/minio/internal/event/targetlist.go:361 +0x105

goroutine 47 gp=0x39391a65ba40 m=nil [chan receive, 255 minutes]:
runtime.gopark(0xdfb93d?, 0x3939194df6c8?, 0x60?, 0x46?, 0x3939194df6d8?)
	runtime/proc.go:462 +0xce fp=0x393925f11ea0 sp=0x393925f11e80 pc=0x48eaee
runtime.chanrecv(0x393919504150, 0x0, 0x1)
	runtime/chan.go:667 +0x4ae fp=0x393925f11f18 sp=0x393925f11ea0 pc=0x41ca2e
runtime.chanrecv1(0x39391a758450?, 0x4baa390?)
	runtime/chan.go:509 +0x12 fp=0x393925f11f40 sp=0x393925f11f18 pc=0x41c552
github.com/minio/minio/cmd.(*siteResyncMetrics).init(0x39391a758450, {0x4baa390, 0x39391a6f8c80})
	github.com/minio/minio/cmd/site-replication-utils.go:87 +0x1b9 fp=0x393925f11fb8 sp=0x393925f11f40 pc=0x2a7c759
github.com/minio/minio/cmd.newSiteResyncMetrics.gowrap2()
	github.com/minio/minio/cmd/site-replication-utils.go:77 +0x1f fp=0x393925f11fe0 sp=0x393925f11fb8 pc=0x2a7c53f
runtime.goexit({})
	runtime/asm_amd64.s:1771 +0x1 fp=0x393925f11fe8 sp=0x393925f11fe0 pc=0x4966c1
created by github.com/minio/minio/cmd.newSiteResyncMetrics in goroutine 1
	github.com/minio/minio/cmd/site-replication-utils.go:77 +0x151

goroutine 46 gp=0x39391a65bc20 m=nil [select]:
runtime.gopark(0x39391a5a5e20?, 0x2?, 0x12?, 0x3?, 0x39391a5a5cec?)
	runtime/proc.go:462 +0xce fp=0x39391a5a5b80 sp=0x39391a5a5b60 pc=0x48eaee
runtime.selectgo(0x39391a5a5e20, 0x39391a5a5ce8, 0x0?, 0x0, 0x2?, 0x1)
	runtime/select.go:351 +0xaa5 fp=0x39391a5a5cb0 sp=0x39391a5a5b80 pc=0x46a9a5
github.com/minio/minio/cmd.(*siteResyncMetrics).save(0x39391a758450, {0x4baa390, 0x39391a6f8c80})
	github.com/minio/minio/cmd/site-replication-utils.go:166 +0x10c fp=0x39391a5a5fb8 sp=0x39391a5a5cb0 pc=0x2a7d54c
github.com/minio/minio/cmd.newSiteResyncMetrics.gowrap1()
	github.com/minio/minio/cmd/site-replication-utils.go:76 +0x1f fp=0x39391a5a5fe0 sp=0x39391a5a5fb8 pc=0x2a7c57f
runtime.goexit({})
	runtime/asm_amd64.s:1771 +0x1 fp=0x39391a5a5fe8 sp=0x39391a5a5fe0 pc=0x4966c1
created by github.com/minio/minio/cmd.newSiteResyncMetrics in goroutine 1
	github.com/minio/minio/cmd/site-replication-utils.go:76 +0xfa

goroutine 67 gp=0x39391a109a40 m=nil [select]:
runtime.gopark(0x39391a5abf98?, 0x2?, 0x1?, 0x0?, 0x39391a5abf8c?)
	runtime/proc.go:462 +0xce fp=0x39391a5abe28 sp=0x39391a5abe08 pc=0x48eaee
runtime.selectgo(0x39391a5abf98, 0x39391a5abf88, 0x0?, 0x0, 0x2?, 0x1)
	runtime/select.go:351 +0xaa5 fp=0x39391a5abf58 sp=0x39391a5abe28 pc=0x46a9a5
github.com/minio/minio/internal/bucket/bandwidth.(*Monitor).trackEWMA(0x39391b3cc060)
	github.com/minio/minio/internal/bucket/bandwidth/monitor.go:132 +0x85 fp=0x39391a5abfc8 sp=0x39391a5abf58 pc=0x192f285
github.com/minio/minio/internal/bucket/bandwidth.NewMonitor.gowrap1()
	github.com/minio/minio/internal/bucket/bandwidth/monitor.go:60 +0x17 fp=0x39391a5abfe0 sp=0x39391a5abfc8 pc=0x192ec77
runtime.goexit({})
	runtime/asm_amd64.s:1771 +0x1 fp=0x39391a5abfe8 sp=0x39391a5abfe0 pc=0x4966c1
created by github.com/minio/minio/internal/bucket/bandwidth.NewMonitor in goroutine 1
	github.com/minio/minio/internal/bucket/bandwidth/monitor.go:60 +0xfa

goroutine 52485 gp=0x39391b3fe5a0 m=nil [sync.WaitGroup.Wait]:
runtime.gopark(0x393927068a50?, 0x425654?, 0xc0?, 0x41?, 0xe7c0cba8545d2803?)
	runtime/proc.go:462 +0xce fp=0x3939270689f0 sp=0x3939270689d0 pc=0x48eaee
runtime.goparkunlock(...)
	runtime/proc.go:468
runtime.semacquire1(0x39391a22e428, 0x0, 0x1, 0x0, 0x19)
	runtime/sema.go:192 +0x232 fp=0x393927068a58 sp=0x3939270689f0 pc=0x46b832
sync.runtime_SemacquireWaitGroup(0x3939268a60c0?, 0xa0?)
	runtime/sema.go:114 +0x2e fp=0x393927068a90 sp=0x393927068a58 pc=0x49054e
sync.(*WaitGroup).Wait(0x39391a22e420)
	sync/waitgroup.go:206 +0x85 fp=0x393927068ab8 sp=0x393927068a90 pc=0x4a1ca5
github.com/minio/minio/cmd.(*erasureServerPools).getPoolInfoExistingWithOpts(_, {_, _}, {_, _}, {_, _}, {{0x0, 0x0}, 0x0, ...})
	github.com/minio/minio/cmd/erasure-server-pool.go:519 +0x497 fp=0x393927069310 sp=0x393927068ab8 pc=0x286a9f7
github.com/minio/minio/cmd.(*erasureServerPools).DeleteObject(_, {_, _}, {_, _}, {_, _}, {{0x0, 0x0}, 0x0, ...})
	github.com/minio/minio/cmd/erasure-server-pool.go:1150 +0x3cc fp=0x393927069ed0 sp=0x393927069310 pc=0x287252c
github.com/minio/minio/cmd.ObjectLayer.DeleteObject-fm({_, _}, {_, _}, {_, _}, {{0x0, 0x0}, 0x0, 0x0, ...})
	<autogenerated>:1 +0x119 fp=0x39392706a658 sp=0x393927069ed0 pc=0x2c370f9
github.com/minio/minio/cmd.objectAPIHandlers.DeleteObjectHandler({0x39391a22e300?}, {0x4ba24a0, 0x393926682ac0}, 0x393926d5b040)
	github.com/minio/minio/cmd/object-handlers.go:2671 +0x1217 fp=0x39392706b310 sp=0x39392706a658 pc=0x29fb497
github.com/minio/minio/cmd.objectAPIHandlers.DeleteObjectHandler-fm({0x4ba24a0?, 0x393926682ac0?}, 0x54d391f?)
	<autogenerated>:1 +0x2d fp=0x39392706b340 sp=0x39392706b310 pc=0x2c31d2d
net/http.HandlerFunc.ServeHTTP(0x54d3904?, {0x4ba24a0?, 0x393926682ac0?}, 0x355dd40?)
	net/http/server.go:2286 +0x29 fp=0x39392706b368 sp=0x39392706b340 pc=0x751389
github.com/minio/minio/cmd.s3APIMiddleware.func1.httpTraceAll.httpTrace.4({0x4ba24a0, 0x393926682ac0}, 0x393926d5b040)
	github.com/minio/minio/cmd/http-tracer.go:190 +0xef fp=0x39392706b3b0 sp=0x39392706b368 pc=0x2699d2f
net/http.HandlerFunc.ServeHTTP(0x355dd40?, {0x4ba24a0?, 0x393926682ac0?}, 0x4?)
	net/http/server.go:2286 +0x29 fp=0x39392706b3d8 sp=0x39392706b3b0 pc=0x751389
github.com/klauspost/compress/gzhttp.NewWrapper.func1.1({0x4ba18d0, 0x393926c0c840}, 0x393926d5b040)
	github.com/klauspost/compress@v1.18.0/gzhttp/compress.go:523 +0x554 fp=0x39392706b578 sp=0x39392706b3d8 pc=0x12e5794
net/http.HandlerFunc.ServeHTTP(0x4baa358?, {0x4ba18d0?, 0x393926c0c840?}, 0x1?)
	net/http/server.go:2286 +0x29 fp=0x39392706b5a0 sp=0x39392706b578 pc=0x751389
github.com/minio/minio/cmd.s3APIMiddleware.func1.maxClients.1({0x4ba18d0, 0x393926c0c840}, 0x393926d5b040)
	github.com/minio/minio/cmd/handler-api.go:352 +0x398 fp=0x39392706b710 sp=0x39392706b5a0 pc=0x26999b8
net/http.HandlerFunc.ServeHTTP(0x6ede1d0?, {0x4ba18d0?, 0x393926c0c840?}, 0x54d3931?)
	net/http/server.go:2286 +0x29 fp=0x39392706b738 sp=0x39392706b710 pc=0x751389
github.com/minio/minio/cmd.s3APIMiddleware.func1.collectAPIStats.2({0x4ba18d0, 0x393926c0c840}, 0x393926d5b040)
	github.com/minio/minio/cmd/handler-utils.go:347 +0x52a fp=0x39392706bfe0 sp=0x39392706b738 pc=0x26993ea
github.com/minio/minio/cmd.s3APIMiddleware.func1({0x4ba18d0, 0x393926c0c840}, 0x393926d5b040)
	github.com/minio/minio/cmd/api-router.go:246 +0x151 fp=0x39392706c058 sp=0x39392706bfe0 pc=0x2698e91
net/http.HandlerFunc.ServeHTTP(0x3939267e3b30?, {0x4ba18d0?, 0x393926c0c840?}, 0x0?)
	net/http/server.go:2286 +0x29 fp=0x39392706c080 sp=0x39392706c058 pc=0x751389
github.com/minio/minio/cmd.setBucketForwardingMiddleware.func1({0x4ba18d0, 0x393926c0c840}, 0x393926d5b040)
	github.com/minio/minio/cmd/generic-handlers.go:487 +0x37c fp=0x39392706c4c0 sp=0x39392706c080 pc=0x28b381c
net/http.HandlerFunc.ServeHTTP(0x39391a25e730?, {0x4ba18d0?, 0x393926c0c840?}, 0x0?)
	net/http/server.go:2286 +0x29 fp=0x39392706c4e8 sp=0x39392706c4c0 pc=0x751389
github.com/minio/minio/cmd.setUploadForwardingMiddleware.func1({0x4ba18d0, 0x393926c0c840}, 0x393926d5b040)
	github.com/minio/minio/cmd/generic-handlers.go:600 +0x233 fp=0x39392706c798 sp=0x39392706c4e8 pc=0x28b49d3
net/http.HandlerFunc.ServeHTTP(0x3939267a6548?, {0x4ba18d0?, 0x393926c0c840?}, 0x39392696dd28?)
	net/http/server.go:2286 +0x29 fp=0x39392706c7c0 sp=0x39392706c798 pc=0x751389
github.com/minio/minio/cmd.setRequestValidityMiddleware.func1({0x4ba18d0, 0x393926c0c840}, 0x393926d5b040)
	github.com/minio/minio/cmd/generic-handlers.go:470 +0x1664 fp=0x39392706cd68 sp=0x39392706c7c0 pc=0x28b2e64
net/http.HandlerFunc.ServeHTTP(0x3939267e3ad0?, {0x4ba18d0?, 0x393926c0c840?}, 0x7ffffffe871cf717?)
	net/http/server.go:2286 +0x29 fp=0x39392706cd90 sp=0x39392706cd68 pc=0x751389
github.com/minio/minio/cmd.setRequestLimitMiddleware.func1({0x4ba18d0, 0x393926c0c840}, 0x393926d5b040)
	github.com/minio/minio/cmd/generic-handlers.go:138 +0x616 fp=0x39392706cf50 sp=0x39392706cd90 pc=0x28b0956
net/http.HandlerFunc.ServeHTTP(0x36c99ed?, {0x4ba18d0?, 0x393926c0c840?}, 0x28b0aa8?)
	net/http/server.go:2286 +0x29 fp=0x39392706cf78 sp=0x39392706cf50 pc=0x751389
github.com/minio/minio/cmd.setCrossDomainPolicyMiddleware.func1({0x4ba18d0?, 0x393926c0c840?}, 0x6?)
	github.com/minio/minio/cmd/crossdomain-xml-handler.go:46 +0xc5 fp=0x39392706cfa8 sp=0x39392706cf78 pc=0x27b4345
net/http.HandlerFunc.ServeHTTP(0x393926d5b040?, {0x4ba18d0?, 0x393926c0c840?}, 0x0?)
	net/http/server.go:2286 +0x29 fp=0x39392706cfd0 sp=0x39392706cfa8 pc=0x751389
github.com/minio/minio/cmd.setBrowserRedirectMiddleware.func1({0x4ba18d0, 0x393926c0c840}, 0x393926d5b040)
	github.com/minio/minio/cmd/generic-handlers.go:168 +0x21c fp=0x39392706d118 sp=0x39392706cfd0 pc=0x28b0d9c
net/http.HandlerFunc.ServeHTTP(0x0?, {0x4ba18d0?, 0x393926c0c840?}, 0x28acd12b?)
	net/http/server.go:2286 +0x29 fp=0x39392706d140 sp=0x39392706d118 pc=0x751389
github.com/minio/minio/cmd.setAuthMiddleware.func1({0x4ba18d0, 0x393926c0c840}, 0x393926d5b040)
	github.com/minio/minio/cmd/auth-handler.go:654 +0x667 fp=0x39392706d388 sp=0x39392706d140 pc=0x26a7567
net/http.HandlerFunc.ServeHTTP(0x4baa358?, {0x4ba18d0?, 0x393926c0c840?}, 0x4b5e1f0?)
	net/http/server.go:2286 +0x29 fp=0x39392706d3b0 sp=0x39392706d388 pc=0x751389
github.com/minio/minio/cmd.httpTracerMiddleware.func1({0x4ba1f90, 0x393926b23950}, 0x393926d5af00)
	github.com/minio/minio/cmd/http-tracer.go:89 +0x39f fp=0x39392706d7b0 sp=0x39392706d3b0 pc=0x28c6a9f
net/http.HandlerFunc.ServeHTTP(0x3408aa0?, {0x4ba1f90?, 0x393926b23950?}, 0xa?)
	net/http/server.go:2286 +0x29 fp=0x39392706d7d8 sp=0x39392706d7b0 pc=0x751389
github.com/minio/minio/cmd.addCustomHeadersMiddleware.func1({0x4ba1f90, 0x393926b23950}, 0x393926d5af00)
	github.com/minio/minio/cmd/generic-handlers.go:565 +0x3f1 fp=0x39392706d860 sp=0x39392706d7d8 pc=0x28b46d1
net/http.HandlerFunc.ServeHTTP(0x393926d5adc0?, {0x4ba1f90?, 0x393926b23950?}, 0x4047439920?)
	net/http/server.go:2286 +0x29 fp=0x39392706d888 sp=0x39392706d860 pc=0x751389
github.com/minio/mux.(*Router).ServeHTTP(0x39391947a300, {0x4ba1f90, 0x393926b23950}, 0x393926cf72c0)
	github.com/minio/mux@v1.9.2/mux.go:228 +0x222 fp=0x39392706d9c0 sp=0x39392706d888 pc=0xf39162
github.com/minio/minio/cmd.corsHandler.(*Cors).Handler.func2({0x4ba1f90, 0x393926b23950}, 0x393926cf72c0)
	github.com/rs/cors@v1.11.1/cors.go:289 +0x164 fp=0x39392706da18 sp=0x39392706d9c0 pc=0x26a1d24
net/http.HandlerFunc.ServeHTTP(0x800?, {0x4ba1f90?, 0x393926b23950?}, 0x4d9760?)
	net/http/server.go:2286 +0x29 fp=0x39392706da40 sp=0x39392706da18 pc=0x751389
github.com/minio/minio/cmd.serverMain.func10.setCriticalErrorHandler.2({0x4ba1f90?, 0x393926b23950?}, 0x40477bfaa0?)
	github.com/minio/minio/cmd/generic-handlers.go:589 +0x6c fp=0x39392706daa0 sp=0x39392706da40 pc=0x2a5c96c
net/http.HandlerFunc.ServeHTTP(0x39391943a808?, {0x4ba1f90?, 0x393926b23950?}, 0x48c105?)
	net/http/server.go:2286 +0x29 fp=0x39392706dac8 sp=0x39392706daa0 pc=0x751389
github.com/minio/minio/internal/http.(*Server).Init.func1({0x4ba1f90?, 0x393926b23950?}, 0x4c8213?)
	github.com/minio/minio/internal/http/server.go:118 +0x239 fp=0x39392706db38 sp=0x39392706dac8 pc=0x93eb39
net/http.HandlerFunc.ServeHTTP(0x48b279?, {0x4ba1f90?, 0x393926b23950?}, 0x39391b9e1b68?)
	net/http/server.go:2286 +0x29 fp=0x39392706db60 sp=0x39392706db38 pc=0x751389
net/http.serverHandler.ServeHTTP({0x3939267a1b80?}, {0x4ba1f90?, 0x393926b23950?}, 0x1?)
	net/http/server.go:3311 +0x8e fp=0x39392706db90 sp=0x39392706db60 pc=0x771b2e
net/http.(*conn).serve(0x3939261a77a0, {0x4baa358, 0x39391bf72270})
	net/http/server.go:2073 +0x650 fp=0x39392706dfb8 sp=0x39392706db90 pc=0x74f470
net/http.(*Server).Serve.gowrap3()
	net/http/server.go:3464 +0x1f fp=0x39392706dfe0 sp=0x39392706dfb8 pc=0x75511f
runtime.goexit({})
	runtime/asm_amd64.s:1771 +0x1 fp=0x39392706dfe8 sp=0x39392706dfe0 pc=0x4966c1
created by net/http.(*Server).Serve in goroutine 88
	net/http/server.go:3464 +0x485

goroutine 88 gp=0x39391a2245a0 m=nil [select]:
runtime.gopark(0x39391a72ddc8?, 0x2?, 0x2a?, 0x7a?, 0x39391a72dd8c?)
	runtime/proc.go:462 +0xce fp=0x39391a72dc28 sp=0x39391a72dc08 pc=0x48eaee
runtime.selectgo(0x39391a72ddc8, 0x39391a72dd88, 0x6f32140?, 0x0, 0x425654?, 0x1)
	runtime/select.go:351 +0xaa5 fp=0x39391a72dd58 sp=0x39391a72dc28 pc=0x46a9a5
github.com/minio/minio/internal/http.(*httpListener).Accept(0x39391bf74100)
	github.com/minio/minio/internal/http/listener.go:68 +0x85 fp=0x39391a72de20 sp=0x39391a72dd58 pc=0x93c705
net/http.(*onceCloseListener).Accept(0x3939261a77a0?)
	<autogenerated>:1 +0x1b fp=0x39391a72de38 sp=0x39391a72de20 pc=0x77cafb
net/http.(*Server).Serve(0x39391b3a5080, {0x4ba2020, 0x39391bf74100})
	net/http/server.go:3434 +0x30c fp=0x39391a72df68 sp=0x39391a72de38 pc=0x754d2c
github.com/minio/minio/internal/http.(*Server).Init.func2()
	github.com/minio/minio/internal/http/server.go:132 +0x25 fp=0x39391a72df90 sp=0x39391a72df68 pc=0x93e8e5
github.com/minio/minio/cmd.serverMain.func10.1()
	github.com/minio/minio/cmd/server-main.go:924 +0x73 fp=0x39391a72dfe0 sp=0x39391a72df90 pc=0x2a5c893
runtime.goexit({})
	runtime/asm_amd64.s:1771 +0x1 fp=0x39391a72dfe8 sp=0x39391a72dfe0 pc=0x4966c1
created by github.com/minio/minio/cmd.serverMain.func10 in goroutine 1
	github.com/minio/minio/cmd/server-main.go:916 +0x456

goroutine 79 gp=0x39391a2252c0 m=nil [select, 255 minutes]:
runtime.gopark(0x39391b415758?, 0x3?, 0x70?, 0x0?, 0x39391b415722?)
	runtime/proc.go:462 +0xce fp=0x39391b4155b8 sp=0x39391b415598 pc=0x48eaee
runtime.selectgo(0x39391b415758, 0x39391b41571c, 0x39391bf73bf0?, 0x0, 0x1?, 0x1)
	runtime/select.go:351 +0xaa5 fp=0x39391b4156e8 sp=0x39391b4155b8 pc=0x46a9a5
github.com/minio/minio/cmd.(*erasureSets).cleanupStaleUploads(0x39391b41e280, {0x4baa390, 0x39391a6f8c80})
	github.com/minio/minio/cmd/erasure-sets.go:522 +0x109 fp=0x39391b4157b8 sp=0x39391b4156e8 pc=0x2890fc9
github.com/minio/minio/cmd.newErasureSets.gowrap3()
	github.com/minio/minio/cmd/erasure-sets.go:473 +0x1f fp=0x39391b4157e0 sp=0x39391b4157b8 pc=0x288f89f
runtime.goexit({})
	runtime/asm_amd64.s:1771 +0x1 fp=0x39391b4157e8 sp=0x39391b4157e0 pc=0x4966c1
created by github.com/minio/minio/cmd.newErasureSets in goroutine 1
	github.com/minio/minio/cmd/erasure-sets.go:473 +0xb4d

goroutine 68 gp=0x39391b40c000 m=nil [IO wait]:
runtime.gopark(0x0?, 0x0?, 0x0?, 0x0?, 0x0?)
	runtime/proc.go:462 +0xce fp=0x393925ec2cc0 sp=0x393925ec2ca0 pc=0x48eaee
runtime.netpollblock(0x393925ec2d10?, 0x41a946?, 0x0?)
	runtime/netpoll.go:575 +0xf7 fp=0x393925ec2cf8 sp=0x393925ec2cc0 pc=0x44fb77
internal/poll.runtime_pollWait(0x404743a000, 0x72)
	runtime/netpoll.go:351 +0x85 fp=0x393925ec2d18 sp=0x393925ec2cf8 pc=0x48dcc5
internal/poll.(*pollDesc).wait(0x39391bf74000?, 0x900000036?, 0x0)
	internal/poll/fd_poll_runtime.go:84 +0x27 fp=0x393925ec2d40 sp=0x393925ec2d18 pc=0x4d9307
internal/poll.(*pollDesc).waitRead(...)
	internal/poll/fd_poll_runtime.go:89
internal/poll.(*FD).Accept(0x39391bf74000)
	internal/poll/fd_unix.go:613 +0x28c fp=0x393925ec2de8 sp=0x393925ec2d40 pc=0x4de38c
net.(*netFD).accept(0x39391bf74000)
	net/fd_unix.go:150 +0x29 fp=0x393925ec2ea0 sp=0x393925ec2de8 pc=0x5e6669
net.(*TCPListener).accept(0x393919fea040)
	net/tcpsock_posix.go:159 +0x1b fp=0x393925ec2ef0 sp=0x393925ec2ea0 pc=0x60077b
net.(*TCPListener).Accept(0x393919fea040)
	net/tcpsock.go:387 +0x30 fp=0x393925ec2f20 sp=0x393925ec2ef0 pc=0x5ff6d0
github.com/minio/minio/internal/http.(*httpListener).start.func1(0x0, {0x4ba25f0, 0x393919fea040})
	github.com/minio/minio/internal/http/listener.go:51 +0x56 fp=0x393925ec2fb8 sp=0x393925ec2f20 pc=0x93c5d6
github.com/minio/minio/internal/http.(*httpListener).start.gowrap1()
	github.com/minio/minio/internal/http/listener.go:62 +0x23 fp=0x393925ec2fe0 sp=0x393925ec2fb8 pc=0x93c563
runtime.goexit({})
	runtime/asm_amd64.s:1771 +0x1 fp=0x393925ec2fe8 sp=0x393925ec2fe0 pc=0x4966c1
created by github.com/minio/minio/internal/http.(*httpListener).start in goroutine 88
	github.com/minio/minio/internal/http/listener.go:62 +0x86

goroutine 69 gp=0x39391b40c1e0 m=nil [IO wait]:
runtime.gopark(0x0?, 0x0?, 0x0?, 0x0?, 0x0?)
	runtime/proc.go:462 +0xce fp=0x393925ee6cc0 sp=0x393925ee6ca0 pc=0x48eaee
runtime.netpollblock(0x393925ee6d10?, 0x41a946?, 0x0?)
	runtime/netpoll.go:575 +0xf7 fp=0x393925ee6cf8 sp=0x393925ee6cc0 pc=0x44fb77
internal/poll.runtime_pollWait(0x4047439c00, 0x72)
	runtime/netpoll.go:351 +0x85 fp=0x393925ee6d18 sp=0x393925ee6cf8 pc=0x48dcc5
internal/poll.(*pollDesc).wait(0x39391bf74080?, 0x900000036?, 0x0)
	internal/poll/fd_poll_runtime.go:84 +0x27 fp=0x393925ee6d40 sp=0x393925ee6d18 pc=0x4d9307
internal/poll.(*pollDesc).waitRead(...)
	internal/poll/fd_poll_runtime.go:89
internal/poll.(*FD).Accept(0x39391bf74080)
	internal/poll/fd_unix.go:613 +0x28c fp=0x393925ee6de8 sp=0x393925ee6d40 pc=0x4de38c
net.(*netFD).accept(0x39391bf74080)
	net/fd_unix.go:150 +0x29 fp=0x393925ee6ea0 sp=0x393925ee6de8 pc=0x5e6669
net.(*TCPListener).accept(0x393919fea280)
	net/tcpsock_posix.go:159 +0x1b fp=0x393925ee6ef0 sp=0x393925ee6ea0 pc=0x60077b
net.(*TCPListener).Accept(0x393919fea280)
	net/tcpsock.go:387 +0x30 fp=0x393925ee6f20 sp=0x393925ee6ef0 pc=0x5ff6d0
github.com/minio/minio/internal/http.(*httpListener).start.func1(0x1, {0x4ba25f0, 0x393919fea280})
	github.com/minio/minio/internal/http/listener.go:51 +0x56 fp=0x393925ee6fb8 sp=0x393925ee6f20 pc=0x93c5d6
github.com/minio/minio/internal/http.(*httpListener).start.gowrap1()
	github.com/minio/minio/internal/http/listener.go:62 +0x23 fp=0x393925ee6fe0 sp=0x393925ee6fb8 pc=0x93c563
runtime.goexit({})
	runtime/asm_amd64.s:1771 +0x1 fp=0x393925ee6fe8 sp=0x393925ee6fe0 pc=0x4966c1
created by github.com/minio/minio/internal/http.(*httpListener).start in goroutine 88
	github.com/minio/minio/internal/http/listener.go:62 +0x86

goroutine 80 gp=0x39391a2254a0 m=nil [select]:
runtime.gopark(0x3939194dc768?, 0x2?, 0x2a?, 0x7a?, 0x3939194dc734?)
	runtime/proc.go:462 +0xce fp=0x3939194dc5c8 sp=0x3939194dc5a8 pc=0x48eaee
runtime.selectgo(0x3939194dc768, 0x3939194dc730, 0x2890522?, 0x0, 0x39391bf7a120?, 0x1)
	runtime/select.go:351 +0xaa5 fp=0x3939194dc6f8 sp=0x3939194dc5c8 pc=0x46a9a5
github.com/minio/minio/cmd.(*erasureSets).cleanupDeletedObjects(0x39391b41e280, {0x4baa390, 0x39391a6f8c80})
	github.com/minio/minio/cmd/erasure-sets.go:494 +0xfc fp=0x3939194dc7b8 sp=0x3939194dc6f8 pc=0x2890afc
github.com/minio/minio/cmd.newErasureSets.gowrap4()
	github.com/minio/minio/cmd/erasure-sets.go:476 +0x1f fp=0x3939194dc7e0 sp=0x3939194dc7b8 pc=0x288f85f
runtime.goexit({})
	runtime/asm_amd64.s:1771 +0x1 fp=0x3939194dc7e8 sp=0x3939194dc7e0 pc=0x4966c1
created by github.com/minio/minio/cmd.newErasureSets in goroutine 1
	github.com/minio/minio/cmd/erasure-sets.go:476 +0xbb5

goroutine 131 gp=0x39391a225680 m=nil [select, 255 minutes]:
runtime.gopark(0x39391b415f90?, 0x3?, 0xe0?, 0xca?, 0x39391b415f62?)
	runtime/proc.go:462 +0xce fp=0x39391b415df8 sp=0x39391b415dd8 pc=0x48eaee
runtime.selectgo(0x39391b415f90, 0x39391b415f5c, 0x4c8201?, 0x0, 0x27b5951?, 0x1)
	runtime/select.go:351 +0xaa5 fp=0x39391b415f28 sp=0x39391b415df8 pc=0x46a9a5
github.com/minio/minio/cmd.mergeContext.func1()
	github.com/minio/minio/cmd/shared-lock.go:63 +0xd8 fp=0x39391b415fe0 sp=0x39391b415f28 pc=0x2a673f8
runtime.goexit({})
	runtime/asm_amd64.s:1771 +0x1 fp=0x39391b415fe8 sp=0x39391b415fe0 pc=0x4966c1
created by github.com/minio/minio/cmd.mergeContext in goroutine 156
	github.com/minio/minio/cmd/shared-lock.go:62 +0xd5

goroutine 92 gp=0x39391a225860 m=nil [select]:
runtime.gopark(0x39391b821f78?, 0x2?, 0x1?, 0x0?, 0x39391b821f5c?)
	runtime/proc.go:462 +0xce fp=0x39391b821df8 sp=0x39391b821dd8 pc=0x48eaee
runtime.selectgo(0x39391b821f78, 0x39391b821f58, 0x0?, 0x0, 0x1000000020000?, 0x1)
	runtime/select.go:351 +0xaa5 fp=0x39391b821f28 sp=0x39391b821df8 pc=0x46a9a5
github.com/minio/minio/cmd.(*xlStorage).cleanupTrashImmediateCallers(0x39391a6f2ea0, {0x4baa390, 0x39391b373cc0})
	github.com/minio/minio/cmd/xl-storage.go:1205 +0xb3 fp=0x39391b821fb8 sp=0x39391b821f28 pc=0x2b6b453
github.com/minio/minio/cmd.newXLStorage.func1.gowrap1()
	github.com/minio/minio/cmd/xl-storage.go:236 +0x1f fp=0x39391b821fe0 sp=0x39391b821fb8 pc=0x2b6351f
runtime.goexit({})
	runtime/asm_amd64.s:1771 +0x1 fp=0x39391b821fe8 sp=0x39391b821fe0 pc=0x4966c1
created by github.com/minio/minio/cmd.newXLStorage.func1 in goroutine 89
	github.com/minio/minio/cmd/xl-storage.go:236 +0x97

goroutine 93 gp=0x39391a225a40 m=nil [select]:
runtime.gopark(0x39391a177ef8?, 0x2?, 0xc0?, 0x7d?, 0x39391a177ec4?)
	runtime/proc.go:462 +0xce fp=0x39391a177d58 sp=0x39391a177d38 pc=0x48eaee
runtime.selectgo(0x39391a177ef8, 0x39391a177ec0, 0x0?, 0x0, 0x2?, 0x1)
	runtime/select.go:351 +0xaa5 fp=0x39391a177e88 sp=0x39391a177d58 pc=0x46a9a5
github.com/minio/minio/cmd.(*xlStorageDiskIDCheck).monitorDiskWritable(0x39391b3c8f08, {0x4baa390, 0x39391b373d10})
	github.com/minio/minio/cmd/xl-storage-disk-id-check.go:1065 +0x2f9 fp=0x39391a177fb8 sp=0x39391a177e88 pc=0x2b3aff9
github.com/minio/minio/cmd.newXLStorageDiskIDCheck.gowrap1()
	github.com/minio/minio/cmd/xl-storage-disk-id-check.go:199 +0x1f fp=0x39391a177fe0 sp=0x39391a177fb8 pc=0x2b3019f
runtime.goexit({})
	runtime/asm_amd64.s:1771 +0x1 fp=0x39391a177fe8 sp=0x39391a177fe0 pc=0x4966c1
created by github.com/minio/minio/cmd.newXLStorageDiskIDCheck in goroutine 89
	github.com/minio/minio/cmd/xl-storage-disk-id-check.go:199 +0x2c6

goroutine 145 gp=0x39391b40c5a0 m=nil [select]:
runtime.gopark(0x393925cdef48?, 0x2?, 0x6e?, 0x2e?, 0x393925cdef34?)
	runtime/proc.go:462 +0xce fp=0x393925cdedd0 sp=0x393925cdedb0 pc=0x48eaee
runtime.selectgo(0x393925cdef48, 0x393925cdef30, 0x0?, 0x0, 0x2?, 0x1)
	runtime/select.go:351 +0xaa5 fp=0x393925cdef00 sp=0x393925cdedd0 pc=0x46a9a5
github.com/minio/minio/cmd.(*erasureSets).monitorAndConnectEndpoints(0x39391b41e280, {0x4baa390, 0x39391a6f8c80}, 0x37e11d600)
	github.com/minio/minio/cmd/erasure-sets.go:296 +0x265 fp=0x393925cdefb0 sp=0x393925cdef00 pc=0x288e425
github.com/minio/minio/cmd.newErasureSets.gowrap5()
	github.com/minio/minio/cmd/erasure-sets.go:480 +0x29 fp=0x393925cdefe0 sp=0x393925cdefb0 pc=0x288f829
runtime.goexit({})
	runtime/asm_amd64.s:1771 +0x1 fp=0x393925cdefe8 sp=0x393925cdefe0 pc=0x4966c1
created by github.com/minio/minio/cmd.newErasureSets in goroutine 1
	github.com/minio/minio/cmd/erasure-sets.go:480 +0xc25

goroutine 146 gp=0x39391b40c780 m=nil [select, 255 minutes]:
runtime.gopark(0x39391a5a9f40?, 0x3?, 0xe1?, 0x48?, 0x39391a5a9f12?)
	runtime/proc.go:462 +0xce fp=0x39391a5a9da8 sp=0x39391a5a9d88 pc=0x48eaee
runtime.selectgo(0x39391a5a9f40, 0x39391a5a9f0c, 0x39391a6f8c80?, 0x1, 0x103000002000003?, 0x1)
	runtime/select.go:351 +0xaa5 fp=0x39391a5a9ed8 sp=0x39391a5a9da8 pc=0x46a9a5
github.com/minio/minio/cmd.sharedLock.backgroundRoutine({0x301030103000101?}, {0x4baa390, 0x39391a6f8c80}, {0x4bf6ec8, 0x39391b3b7a40}, {0x36cc6f1, 0xb})
	github.com/minio/minio/cmd/shared-lock.go:45 +0x1d1 fp=0x39391a5a9f98 sp=0x39391a5a9ed8 pc=0x2a67171
github.com/minio/minio/cmd.newSharedLock.gowrap1()
	github.com/minio/minio/cmd/shared-lock.go:84 +0x2f fp=0x39391a5a9fe0 sp=0x39391a5a9f98 pc=0x2a6762f
runtime.goexit({})
	runtime/asm_amd64.s:1771 +0x1 fp=0x39391a5a9fe8 sp=0x39391a5a9fe0 pc=0x4966c1
created by github.com/minio/minio/cmd.newSharedLock in goroutine 1
	github.com/minio/minio/cmd/shared-lock.go:84 +0x106

goroutine 147 gp=0x39391b40c960 m=nil [select, 255 minutes]:
runtime.gopark(0x39391a731da0?, 0x2?, 0x8?, 0x0?, 0x39391a731c84?)
	runtime/proc.go:462 +0xce fp=0x39391a731a30 sp=0x39391a731a10 pc=0x48eaee
runtime.selectgo(0x39391a731da0, 0x39391a731c80, 0x0?, 0x0, 0x0?, 0x1)
	runtime/select.go:351 +0xaa5 fp=0x39391a731b60 sp=0x39391a731a30 pc=0x46a9a5
github.com/minio/minio/cmd.(*healRoutine).AddWorker(0x39391a5c4570, {0x4baa390, 0x39391a6f8c80}, {0x4bf6ec8, 0x39391b3b7a40}, 0x39391b436000)
	github.com/minio/minio/cmd/background-heal-ops.go:115 +0xff fp=0x39391a731fa0 sp=0x39391a731b60 pc=0x26a935f
github.com/minio/minio/cmd.initBackgroundHealing.gowrap1()
	github.com/minio/minio/cmd/background-heal-ops.go:106 +0x2b fp=0x39391a731fe0 sp=0x39391a731fa0 pc=0x26a924b
runtime.goexit({})
	runtime/asm_amd64.s:1771 +0x1 fp=0x39391a731fe8 sp=0x39391a731fe0 pc=0x4966c1
created by github.com/minio/minio/cmd.initBackgroundHealing in goroutine 1
	github.com/minio/minio/cmd/background-heal-ops.go:106 +0x7b

goroutine 148 gp=0x39391b40cb40 m=nil [select, 255 minutes]:
runtime.gopark(0x39391a178da0?, 0x2?, 0x59?, 0x4b?, 0x39391a178c84?)
	runtime/proc.go:462 +0xce fp=0x39391a178a30 sp=0x39391a178a10 pc=0x48eaee
runtime.selectgo(0x39391a178da0, 0x39391a178c80, 0x0?, 0x0, 0x0?, 0x1)
	runtime/select.go:351 +0xaa5 fp=0x39391a178b60 sp=0x39391a178a30 pc=0x46a9a5
github.com/minio/minio/cmd.(*healRoutine).AddWorker(0x39391a5c4570, {0x4baa390, 0x39391a6f8c80}, {0x4bf6ec8, 0x39391b3b7a40}, 0x39391b436000)
	github.com/minio/minio/cmd/background-heal-ops.go:115 +0xff fp=0x39391a178fa0 sp=0x39391a178b60 pc=0x26a935f
github.com/minio/minio/cmd.initBackgroundHealing.gowrap1()
	github.com/minio/minio/cmd/background-heal-ops.go:106 +0x2b fp=0x39391a178fe0 sp=0x39391a178fa0 pc=0x26a924b
runtime.goexit({})
	runtime/asm_amd64.s:1771 +0x1 fp=0x39391a178fe8 sp=0x39391a178fe0 pc=0x4966c1
created by github.com/minio/minio/cmd.initBackgroundHealing in goroutine 1
	github.com/minio/minio/cmd/background-heal-ops.go:106 +0x7b

goroutine 149 gp=0x39391b40cd20 m=nil [select]:
runtime.gopark(0x39391a5aaf48?, 0x2?, 0x2?, 0x0?, 0x39391a5aaecc?)
	runtime/proc.go:462 +0xce fp=0x39391a5aacc0 sp=0x39391a5aaca0 pc=0x48eaee
runtime.selectgo(0x39391a5aaf48, 0x39391a5aaec8, 0x0?, 0x0, 0x2?, 0x1)
	runtime/select.go:351 +0xaa5 fp=0x39391a5aadf0 sp=0x39391a5aacc0 pc=0x46a9a5
github.com/minio/minio/cmd.monitorLocalDisksAndHeal({0x4baa390, 0x39391a6f8c80}, 0x39391b3b7a40)
	github.com/minio/minio/cmd/background-newdisks-heal-ops.go:565 +0xf3 fp=0x39391a5aafb8 sp=0x39391a5aadf0 pc=0x26ae6b3
github.com/minio/minio/cmd.initAutoHeal.gowrap1()
	github.com/minio/minio/cmd/background-newdisks-heal-ops.go:382 +0x1f fp=0x39391a5aafe0 sp=0x39391a5aafb8 pc=0x26ac6df
runtime.goexit({})
	runtime/asm_amd64.s:1771 +0x1 fp=0x39391a5aafe8 sp=0x39391a5aafe0 pc=0x4966c1
created by github.com/minio/minio/cmd.initAutoHeal in goroutine 1
	github.com/minio/minio/cmd/background-newdisks-heal-ops.go:382 +0xe8

goroutine 172 gp=0x39391b40cf00 m=nil [select, 255 minutes]:
runtime.gopark(0x39391a174e38?, 0x2?, 0x80?, 0x47?, 0x39391a174cd4?)
	runtime/proc.go:462 +0xce fp=0x39391a174a38 sp=0x39391a174a18 pc=0x48eaee
runtime.selectgo(0x39391a174e38, 0x39391a174cd0, 0x39391b4583d8?, 0x0, 0x101010102010102?, 0x1)
	runtime/select.go:351 +0xaa5 fp=0x39391a174b68 sp=0x39391a174a38 pc=0x46a9a5
github.com/minio/minio/internal/event.(*TargetList).startSendWorkers.func1()
	github.com/minio/minio/internal/event/targetlist.go:365 +0x1db fp=0x39391a174fe0 sp=0x39391a174b68 pc=0xfa9cdb
runtime.goexit({})
	runtime/asm_amd64.s:1771 +0x1 fp=0x39391a174fe8 sp=0x39391a174fe0 pc=0x4966c1
created by github.com/minio/minio/internal/event.(*TargetList).startSendWorkers in goroutine 527
	github.com/minio/minio/internal/event/targetlist.go:361 +0x105

goroutine 151 gp=0x39391b40d0e0 m=nil [select, 255 minutes]:
runtime.gopark(0x39391a6d4718?, 0x2?, 0x0?, 0x0?, 0x39391a6d4664?)
	runtime/proc.go:462 +0xce fp=0x39391a6d44c0 sp=0x39391a6d44a0 pc=0x48eaee
runtime.selectgo(0x39391a6d4718, 0x39391a6d4660, 0x0?, 0x0, 0x0?, 0x1)
	runtime/select.go:351 +0xaa5 fp=0x39391a6d45f0 sp=0x39391a6d44c0 pc=0x46a9a5
github.com/minio/minio/cmd.(*mrfState).healRoutine(0x6ed9300, 0x0?)
	github.com/minio/minio/cmd/mrf.go:220 +0xbd fp=0x39391a6d47c0 sp=0x39391a6d45f0 pc=0x299801d
github.com/minio/minio/cmd.initAutoHeal.gowrap3()
	github.com/minio/minio/cmd/background-newdisks-heal-ops.go:386 +0x1b fp=0x39391a6d47e0 sp=0x39391a6d47c0 pc=0x26ac65b
runtime.goexit({})
	runtime/asm_amd64.s:1771 +0x1 fp=0x39391a6d47e8 sp=0x39391a6d47e0 pc=0x4966c1
created by github.com/minio/minio/cmd.initAutoHeal in goroutine 1
	github.com/minio/minio/cmd/background-newdisks-heal-ops.go:386 +0x156

goroutine 182 gp=0x39391b40d2c0 m=nil [select, 255 minutes]:
runtime.gopark(0x39391b410f80?, 0x2?, 0x70?, 0x0?, 0x39391b410f54?)
	runtime/proc.go:462 +0xce fp=0x39391b410de8 sp=0x39391b410dc8 pc=0x48eaee
runtime.selectgo(0x39391b410f80, 0x39391b410f50, 0x39391b410f88?, 0x0, 0x1?, 0x1)
	runtime/select.go:351 +0xaa5 fp=0x39391b410f18 sp=0x39391b410de8 pc=0x46a9a5
github.com/minio/minio/cmd.(*erasureServerPools).cleanupStaleMPCache(0x39391b3b7a40, {0x4baa390, 0x39391a6f8c80})
	github.com/minio/minio/cmd/erasure-server-pool.go:236 +0x11a fp=0x39391b410fb8 sp=0x39391b410f18 pc=0x2868bfa
github.com/minio/minio/cmd.newErasureServerPools.gowrap2()
	github.com/minio/minio/cmd/erasure-server-pool.go:226 +0x1f fp=0x39391b410fe0 sp=0x39391b410fb8 pc=0x28686bf
runtime.goexit({})
	runtime/asm_amd64.s:1771 +0x1 fp=0x39391b410fe8 sp=0x39391b410fe0 pc=0x4966c1
created by github.com/minio/minio/cmd.newErasureServerPools in goroutine 1
	github.com/minio/minio/cmd/erasure-server-pool.go:226 +0x14e5

goroutine 552 gp=0x39391a225c20 m=nil [chan receive, 255 minutes]:
runtime.gopark(0x0?, 0x0?, 0x0?, 0x0?, 0x0?)
	runtime/proc.go:462 +0xce fp=0x393925f16e38 sp=0x393925f16e18 pc=0x48eaee
runtime.chanrecv(0x39391a776d90, 0x393925f16f10, 0x1)
	runtime/chan.go:667 +0x4ae fp=0x393925f16eb0 sp=0x393925f16e38 pc=0x41ca2e
runtime.chanrecv2(0x0?, 0x0?)
	runtime/chan.go:514 +0x12 fp=0x393925f16ed8 sp=0x393925f16eb0 pc=0x41c572
github.com/minio/console/api.handleInterrupt.func1()
	github.com/minio/console@v1.7.7-0.20250905210349-2017f33b26e1/api/custom-server.go:540 +0x3e fp=0x393925f16f38 sp=0x393925f16ed8 pc=0x182e0fe
sync.(*Once).doSlow(0x0?, 0x0?)
	sync/once.go:78 +0xac fp=0x393925f16f90 sp=0x393925f16f38 pc=0x4a07cc
sync.(*Once).Do(...)
	sync/once.go:69
github.com/minio/console/api.handleInterrupt(0x0?, 0x0?)
	github.com/minio/console@v1.7.7-0.20250905210349-2017f33b26e1/api/custom-server.go:539 +0x2f fp=0x393925f16fc0 sp=0x393925f16f90 pc=0x182e08f
github.com/minio/console/api.(*Server).Serve.gowrap1()
	github.com/minio/console@v1.7.7-0.20250905210349-2017f33b26e1/api/custom-server.go:186 +0x1b fp=0x393925f16fe0 sp=0x393925f16fc0 pc=0x182d17b
runtime.goexit({})
	runtime/asm_amd64.s:1771 +0x1 fp=0x393925f16fe8 sp=0x393925f16fe0 pc=0x4966c1
created by github.com/minio/console/api.(*Server).Serve in goroutine 674
	github.com/minio/console@v1.7.7-0.20250905210349-2017f33b26e1/api/custom-server.go:186 +0x177

goroutine 551 gp=0x39391b40d4a0 m=nil [select, 5 minutes]:
runtime.gopark(0x39391a235eb8?, 0x2?, 0x0?, 0x0?, 0x39391a235df4?)
	runtime/proc.go:462 +0xce fp=0x393925ec4c88 sp=0x393925ec4c68 pc=0x48eaee
runtime.selectgo(0x393925ec4eb8, 0x39391a235df0, 0x6edce20?, 0x0, 0x2edce80?, 0x1)
	runtime/select.go:351 +0xaa5 fp=0x393925ec4db8 sp=0x393925ec4c88 pc=0x46a9a5
github.com/minio/minio/cmd.(*IAMSys).periodicRoutines(0x39391938c1a0, {0x4baa390, 0x39391a6f8c80}, 0x8bb2c97000)
	github.com/minio/minio/cmd/iam.go:469 +0x385 fp=0x393925ec4fb0 sp=0x393925ec4db8 pc=0x28fc9c5
github.com/minio/minio/cmd.(*IAMSys).Init.gowrap1()
	github.com/minio/minio/cmd/iam.go:425 +0x25 fp=0x393925ec4fe0 sp=0x393925ec4fb0 pc=0x28fc625
runtime.goexit({})
	runtime/asm_amd64.s:1771 +0x1 fp=0x393925ec4fe8 sp=0x393925ec4fe0 pc=0x4966c1
created by github.com/minio/minio/cmd.(*IAMSys).Init in goroutine 199
	github.com/minio/minio/cmd/iam.go:425 +0x2485

goroutine 157 gp=0x39391b40d680 m=nil [select]:
runtime.gopark(0x39391b411798?, 0x2?, 0x1?, 0x0?, 0x39391b41178c?)
	runtime/proc.go:462 +0xce fp=0x39391b411628 sp=0x39391b411608 pc=0x48eaee
runtime.selectgo(0x39391b411798, 0x39391b411788, 0x0?, 0x0, 0x2?, 0x1)
	runtime/select.go:351 +0xaa5 fp=0x39391b411758 sp=0x39391b411628 pc=0x46a9a5
github.com/minio/minio/cmd.(*SRStats).trackEWMA(0x393919feac40)
	github.com/minio/minio/cmd/site-replication-metrics.go:231 +0x85 fp=0x39391b4117c8 sp=0x39391b411758 pc=0x2a72da5
github.com/minio/minio/cmd.newSRStats.gowrap1()
	github.com/minio/minio/cmd/site-replication-metrics.go:225 +0x17 fp=0x39391b4117e0 sp=0x39391b4117c8 pc=0x2a72cf7
runtime.goexit({})
	runtime/asm_amd64.s:1771 +0x1 fp=0x39391b4117e8 sp=0x39391b4117e0 pc=0x4966c1
created by github.com/minio/minio/cmd.newSRStats in goroutine 200
	github.com/minio/minio/cmd/site-replication-metrics.go:225 +0xdf

goroutine 158 gp=0x39391b40d860 m=nil [select]:
runtime.gopark(0x39391b411f80?, 0x2?, 0xf?, 0x72?, 0x39391b411f7c?)
	runtime/proc.go:462 +0xce fp=0x39391b411e18 sp=0x39391b411df8 pc=0x48eaee
runtime.selectgo(0x39391b411f80, 0x39391b411f78, 0x0?, 0x0, 0x2?, 0x1)
	runtime/select.go:351 +0xaa5 fp=0x39391b411f48 sp=0x39391b411e18 pc=0x46a9a5
github.com/minio/minio/cmd.(*ReplicationStats).collectWorkerMetrics(0x39391b446000, {0x4baa390, 0x39391a6f8c80})
	github.com/minio/minio/cmd/bucket-replication-stats.go:108 +0xca fp=0x39391b411fb8 sp=0x39391b411f48 pc=0x274ba2a
github.com/minio/minio/cmd.NewReplicationStats.gowrap1()
	github.com/minio/minio/cmd/bucket-replication-stats.go:350 +0x1f fp=0x39391b411fe0 sp=0x39391b411fb8 pc=0x274dc9f
runtime.goexit({})
	runtime/asm_amd64.s:1771 +0x1 fp=0x39391b411fe8 sp=0x39391b411fe0 pc=0x4966c1
created by github.com/minio/minio/cmd.NewReplicationStats in goroutine 200
	github.com/minio/minio/cmd/bucket-replication-stats.go:350 +0x417

goroutine 156 gp=0x39391b6081e0 m=nil [select]:
runtime.gopark(0x39391b66bee0?, 0x2?, 0x0?, 0x0?, 0x39391b66bd3c?)
	runtime/proc.go:462 +0xce fp=0x39391b66b6e0 sp=0x39391b66b6c0 pc=0x48eaee
runtime.selectgo(0x39391b66bee0, 0x39391b66bd38, 0x0?, 0x0, 0x0?, 0x1)
	runtime/select.go:351 +0xaa5 fp=0x39391b66b810 sp=0x39391b66b6e0 pc=0x46a9a5
github.com/minio/minio/cmd.runDataScanner({0x4baa390?, 0x39391a6f8c80?}, {0x4bf6ec8, 0x39391b3b7a40})
	github.com/minio/minio/cmd/data-scanner.go:177 +0x272 fp=0x39391b66bf50 sp=0x39391b66b810 pc=0x27b6392
github.com/minio/minio/cmd.initDataScanner.func1()
	github.com/minio/minio/cmd/data-scanner.go:80 +0x171 fp=0x39391b66bfe0 sp=0x39391b66bf50 pc=0x27b5951
runtime.goexit({})
	runtime/asm_amd64.s:1771 +0x1 fp=0x39391b66bfe8 sp=0x39391b66bfe0 pc=0x4966c1
created by github.com/minio/minio/cmd.initDataScanner in goroutine 200
	github.com/minio/minio/cmd/data-scanner.go:76 +0x86

goroutine 201 gp=0x39391b6085a0 m=nil [select]:
runtime.gopark(0x39391b8e9d90?, 0x2?, 0xa0?, 0x77?, 0x39391b8e9d84?)
	runtime/proc.go:462 +0xce fp=0x39391b8e9c18 sp=0x39391b8e9bf8 pc=0x48eaee
runtime.selectgo(0x39391b8e9d90, 0x39391b8e9d80, 0x0?, 0x0, 0x0?, 0x1)
	runtime/select.go:351 +0xaa5 fp=0x39391b8e9d48 sp=0x39391b8e9c18 pc=0x46a9a5
github.com/minio/minio/cmd.startResourceMetricsCollection()
	github.com/minio/minio/cmd/metrics-resource.go:369 +0x117 fp=0x39391b8e9dd8 sp=0x39391b8e9d48 pc=0x2956f17
github.com/minio/minio/cmd.serverMain.func18()
	github.com/minio/minio/cmd/server-main.go:1176 +0xf fp=0x39391b8e9de8 sp=0x39391b8e9dd8 pc=0x2b8004f
github.com/minio/minio/cmd.bootstrapTrace({0x371840c, 0x1e}, 0x4b46930)
	github.com/minio/minio/cmd/server-main.go:569 +0x12f fp=0x39391b8e9fb8 sp=0x39391b8e9de8 pc=0x2a57b4f
github.com/minio/minio/cmd.serverMain.gowrap1()
	github.com/minio/minio/cmd/server-main.go:1175 +0x25 fp=0x39391b8e9fe0 sp=0x39391b8e9fb8 pc=0x2a5a785
runtime.goexit({})
	runtime/asm_amd64.s:1771 +0x1 fp=0x39391b8e9fe8 sp=0x39391b8e9fe0 pc=0x4966c1
created by github.com/minio/minio/cmd.serverMain in goroutine 1
	github.com/minio/minio/cmd/server-main.go:1175 +0xf7f

goroutine 159 gp=0x39391b40da40 m=nil [select]:
runtime.gopark(0x39391b412788?, 0x2?, 0x40?, 0x27?, 0x39391b412784?)
	runtime/proc.go:462 +0xce fp=0x39391b412620 sp=0x39391b412600 pc=0x48eaee
runtime.selectgo(0x39391b412788, 0x39391b412780, 0x0?, 0x0, 0x2?, 0x1)
	runtime/select.go:351 +0xaa5 fp=0x39391b412750 sp=0x39391b412620 pc=0x46a9a5
github.com/minio/minio/cmd.(*ReplicationStats).collectQueueMetrics(0x39391b446000, {0x4baa390, 0x39391a6f8c80})
	github.com/minio/minio/cmd/bucket-replication-stats.go:125 +0xa5 fp=0x39391b4127b8 sp=0x39391b412750 pc=0x274bb25
github.com/minio/minio/cmd.NewReplicationStats.gowrap2()
	github.com/minio/minio/cmd/bucket-replication-stats.go:351 +0x1f fp=0x39391b4127e0 sp=0x39391b4127b8 pc=0x274dc5f
runtime.goexit({})
	runtime/asm_amd64.s:1771 +0x1 fp=0x39391b4127e8 sp=0x39391b4127e0 pc=0x4966c1
created by github.com/minio/minio/cmd.NewReplicationStats in goroutine 200
	github.com/minio/minio/cmd/bucket-replication-stats.go:351 +0x47f

goroutine 554 gp=0x39391b792000 m=nil [chan receive, 255 minutes]:
runtime.gopark(0x41bc5e?, 0x494c52?, 0xe0?, 0xe?, 0x41bddf?)
	runtime/proc.go:462 +0xce fp=0x393925ce0e88 sp=0x393925ce0e68 pc=0x48eaee
runtime.chanrecv(0x39391a63a460, 0x0, 0x1)
	runtime/chan.go:667 +0x4ae fp=0x393925ce0f00 sp=0x393925ce0e88 pc=0x41ca2e
runtime.chanrecv1(0x300020302000200?, 0x39391b728f48?)
	runtime/chan.go:509 +0x12 fp=0x393925ce0f28 sp=0x393925ce0f00 pc=0x41c552
github.com/minio/console/api.(*Server).handleShutdown(0x39391950ac60, 0x4b6c620?, 0x39391a248018)
	github.com/minio/console@v1.7.7-0.20250905210349-2017f33b26e1/api/custom-server.go:461 +0x65 fp=0x393925ce0fb8 sp=0x393925ce0f28 pc=0x182dcc5
github.com/minio/console/api.(*Server).Serve.gowrap5()
	github.com/minio/console@v1.7.7-0.20250905210349-2017f33b26e1/api/custom-server.go:344 +0x1f fp=0x393925ce0fe0 sp=0x393925ce0fb8 pc=0x182ca1f
runtime.goexit({})
	runtime/asm_amd64.s:1771 +0x1 fp=0x393925ce0fe8 sp=0x393925ce0fe0 pc=0x4966c1
created by github.com/minio/console/api.(*Server).Serve in goroutine 674
	github.com/minio/console@v1.7.7-0.20250905210349-2017f33b26e1/api/custom-server.go:344 +0xa8b

goroutine 965 gp=0x39391b7923c0 m=nil [select]:
runtime.gopark(0x393925ec3e70?, 0x2?, 0x2?, 0x0?, 0x393925ec3d84?)
	runtime/proc.go:462 +0xce fp=0x393925ec3c18 sp=0x393925ec3bf8 pc=0x48eaee
runtime.selectgo(0x393925ec3e70, 0x393925ec3d80, 0x393925ec3eb0?, 0x0, 0x2?, 0x1)
	runtime/select.go:351 +0xaa5 fp=0x393925ec3d48 sp=0x393925ec3c18 pc=0x46a9a5
github.com/minio/minio/cmd.(*metacacheManager).initManager.func1()
	github.com/minio/minio/cmd/metacache-manager.go:64 +0x131 fp=0x393925ec3fe0 sp=0x393925ec3d48 pc=0x292ee11
runtime.goexit({})
	runtime/asm_amd64.s:1771 +0x1 fp=0x393925ec3fe8 sp=0x393925ec3fe0 pc=0x4966c1
created by github.com/minio/minio/cmd.(*metacacheManager).initManager in goroutine 956
	github.com/minio/minio/cmd/metacache-manager.go:52 +0x4f

goroutine 160 gp=0x39391b40dc20 m=nil [select, 255 minutes]:
runtime.gopark(0x39391b617f78?, 0x2?, 0x36?, 0x7e?, 0x39391b617d6c?)
	runtime/proc.go:462 +0xce fp=0x39391b617a30 sp=0x39391b617a10 pc=0x48eaee
runtime.selectgo(0x39391b617f78, 0x39391b617d68, 0x302020102020200?, 0x0, 0x200020002030201?, 0x1)
	runtime/select.go:351 +0xaa5 fp=0x39391b617b60 sp=0x39391b617a30 pc=0x46a9a5
github.com/minio/minio/cmd.(*ReplicationPool).AddLargeWorker(0x39391b44c000, 0x39391b4070a0, 0x39391b44c004)
	github.com/minio/minio/cmd/bucket-replication.go:2025 +0xb3 fp=0x39391b617fb8 sp=0x39391b617b60 pc=0x2775753
github.com/minio/minio/cmd.(*ReplicationPool).ResizeLrgWorkers.gowrap2()
	github.com/minio/minio/cmd/bucket-replication.go:2073 +0x1f fp=0x39391b617fe0 sp=0x39391b617fb8 pc=0x2775e3f
runtime.goexit({})
	runtime/asm_amd64.s:1771 +0x1 fp=0x39391b617fe8 sp=0x39391b617fe0 pc=0x4966c1
created by github.com/minio/minio/cmd.(*ReplicationPool).ResizeLrgWorkers in goroutine 200
	github.com/minio/minio/cmd/bucket-replication.go:2073 +0xd2

goroutine 209 gp=0x39391b44e000 m=nil [select, 255 minutes]:
runtime.gopark(0x39391a17af78?, 0x2?, 0x0?, 0x0?, 0x39391a17ad6c?)
	runtime/proc.go:462 +0xce fp=0x39391a17aa30 sp=0x39391a17aa10 pc=0x48eaee
runtime.selectgo(0x39391a17af78, 0x39391a17ad68, 0x302010002010302?, 0x0, 0x101020103010002?, 0x1)
	runtime/select.go:351 +0xaa5 fp=0x39391a17ab60 sp=0x39391a17aa30 pc=0x46a9a5
github.com/minio/minio/cmd.(*ReplicationPool).AddLargeWorker(0x39391b44c000, 0x39391b407110, 0x39391b44c004)
	github.com/minio/minio/cmd/bucket-replication.go:2025 +0xb3 fp=0x39391a17afb8 sp=0x39391a17ab60 pc=0x2775753
github.com/minio/minio/cmd.(*ReplicationPool).ResizeLrgWorkers.gowrap2()
	github.com/minio/minio/cmd/bucket-replication.go:2073 +0x1f fp=0x39391a17afe0 sp=0x39391a17afb8 pc=0x2775e3f
runtime.goexit({})
	runtime/asm_amd64.s:1771 +0x1 fp=0x39391a17afe8 sp=0x39391a17afe0 pc=0x4966c1
created by github.com/minio/minio/cmd.(*ReplicationPool).ResizeLrgWorkers in goroutine 200
	github.com/minio/minio/cmd/bucket-replication.go:2073 +0xd2

goroutine 210 gp=0x39391b44e1e0 m=nil [select, 255 minutes]:
runtime.gopark(0x39391bf21f78?, 0x2?, 0x3?, 0x2?, 0x39391bf21d6c?)
	runtime/proc.go:462 +0xce fp=0x39391bf21a30 sp=0x39391bf21a10 pc=0x48eaee
runtime.selectgo(0x39391bf21f78, 0x39391bf21d68, 0x302010201010103?, 0x0, 0x302020303010201?, 0x1)
	runtime/select.go:351 +0xaa5 fp=0x39391bf21b60 sp=0x39391bf21a30 pc=0x46a9a5
github.com/minio/minio/cmd.(*ReplicationPool).AddLargeWorker(0x39391b44c000, 0x39391b407180, 0x39391b44c004)
	github.com/minio/minio/cmd/bucket-replication.go:2025 +0xb3 fp=0x39391bf21fb8 sp=0x39391bf21b60 pc=0x2775753
github.com/minio/minio/cmd.(*ReplicationPool).ResizeLrgWorkers.gowrap2()
	github.com/minio/minio/cmd/bucket-replication.go:2073 +0x1f fp=0x39391bf21fe0 sp=0x39391bf21fb8 pc=0x2775e3f
runtime.goexit({})
	runtime/asm_amd64.s:1771 +0x1 fp=0x39391bf21fe8 sp=0x39391bf21fe0 pc=0x4966c1
created by github.com/minio/minio/cmd.(*ReplicationPool).ResizeLrgWorkers in goroutine 200
	github.com/minio/minio/cmd/bucket-replication.go:2073 +0xd2

goroutine 211 gp=0x39391b44e3c0 m=nil [select, 255 minutes]:
runtime.gopark(0x39391b610f78?, 0x2?, 0x0?, 0x1?, 0x39391b610d6c?)
	runtime/proc.go:462 +0xce fp=0x39391b610a30 sp=0x39391b610a10 pc=0x48eaee
runtime.selectgo(0x39391b610f78, 0x39391b610d68, 0x10302020302?, 0x0, 0x101000102030301?, 0x1)
	runtime/select.go:351 +0xaa5 fp=0x39391b610b60 sp=0x39391b610a30 pc=0x46a9a5
github.com/minio/minio/cmd.(*ReplicationPool).AddLargeWorker(0x39391b44c000, 0x39391b4071f0, 0x39391b44c004)
	github.com/minio/minio/cmd/bucket-replication.go:2025 +0xb3 fp=0x39391b610fb8 sp=0x39391b610b60 pc=0x2775753
github.com/minio/minio/cmd.(*ReplicationPool).ResizeLrgWorkers.gowrap2()
	github.com/minio/minio/cmd/bucket-replication.go:2073 +0x1f fp=0x39391b610fe0 sp=0x39391b610fb8 pc=0x2775e3f
runtime.goexit({})
	runtime/asm_amd64.s:1771 +0x1 fp=0x39391b610fe8 sp=0x39391b610fe0 pc=0x4966c1
created by github.com/minio/minio/cmd.(*ReplicationPool).ResizeLrgWorkers in goroutine 200
	github.com/minio/minio/cmd/bucket-replication.go:2073 +0xd2

goroutine 212 gp=0x39391b44e5a0 m=nil [select, 255 minutes]:
runtime.gopark(0x39391a179f78?, 0x2?, 0x0?, 0x0?, 0x39391a179d6c?)
	runtime/proc.go:462 +0xce fp=0x39391a179a30 sp=0x39391a179a10 pc=0x48eaee
runtime.selectgo(0x39391a179f78, 0x39391a179d68, 0x200010302030102?, 0x0, 0x201000000030200?, 0x1)
	runtime/select.go:351 +0xaa5 fp=0x39391a179b60 sp=0x39391a179a30 pc=0x46a9a5
github.com/minio/minio/cmd.(*ReplicationPool).AddLargeWorker(0x39391b44c000, 0x39391b407260, 0x39391b44c004)
	github.com/minio/minio/cmd/bucket-replication.go:2025 +0xb3 fp=0x39391a179fb8 sp=0x39391a179b60 pc=0x2775753
github.com/minio/minio/cmd.(*ReplicationPool).ResizeLrgWorkers.gowrap2()
	github.com/minio/minio/cmd/bucket-replication.go:2073 +0x1f fp=0x39391a179fe0 sp=0x39391a179fb8 pc=0x2775e3f
runtime.goexit({})
	runtime/asm_amd64.s:1771 +0x1 fp=0x39391a179fe8 sp=0x39391a179fe0 pc=0x4966c1
created by github.com/minio/minio/cmd.(*ReplicationPool).ResizeLrgWorkers in goroutine 200
	github.com/minio/minio/cmd/bucket-replication.go:2073 +0xd2

goroutine 213 gp=0x39391b44e780 m=nil [select, 255 minutes]:
runtime.gopark(0x39391b612f78?, 0x2?, 0x0?, 0x0?, 0x39391b612d6c?)
	runtime/proc.go:462 +0xce fp=0x39391b612a30 sp=0x39391b612a10 pc=0x48eaee
runtime.selectgo(0x39391b612f78, 0x39391b612d68, 0x300030100020200?, 0x0, 0x300010102000302?, 0x1)
	runtime/select.go:351 +0xaa5 fp=0x39391b612b60 sp=0x39391b612a30 pc=0x46a9a5
github.com/minio/minio/cmd.(*ReplicationPool).AddLargeWorker(0x39391b44c000, 0x39391b4072d0, 0x39391b44c004)
	github.com/minio/minio/cmd/bucket-replication.go:2025 +0xb3 fp=0x39391b612fb8 sp=0x39391b612b60 pc=0x2775753
github.com/minio/minio/cmd.(*ReplicationPool).ResizeLrgWorkers.gowrap2()
	github.com/minio/minio/cmd/bucket-replication.go:2073 +0x1f fp=0x39391b612fe0 sp=0x39391b612fb8 pc=0x2775e3f
runtime.goexit({})
	runtime/asm_amd64.s:1771 +0x1 fp=0x39391b612fe8 sp=0x39391b612fe0 pc=0x4966c1
created by github.com/minio/minio/cmd.(*ReplicationPool).ResizeLrgWorkers in goroutine 200
	github.com/minio/minio/cmd/bucket-replication.go:2073 +0xd2

goroutine 214 gp=0x39391b44e960 m=nil [select, 255 minutes]:
runtime.gopark(0x39391b611f78?, 0x2?, 0x2?, 0x0?, 0x39391b611d6c?)
	runtime/proc.go:462 +0xce fp=0x39391b611a30 sp=0x39391b611a10 pc=0x48eaee
runtime.selectgo(0x39391b611f78, 0x39391b611d68, 0x300000300020003?, 0x0, 0x3010303010303?, 0x1)
	runtime/select.go:351 +0xaa5 fp=0x39391b611b60 sp=0x39391b611a30 pc=0x46a9a5
github.com/minio/minio/cmd.(*ReplicationPool).AddLargeWorker(0x39391b44c000, 0x39391b407340, 0x39391b44c004)
	github.com/minio/minio/cmd/bucket-replication.go:2025 +0xb3 fp=0x39391b611fb8 sp=0x39391b611b60 pc=0x2775753
github.com/minio/minio/cmd.(*ReplicationPool).ResizeLrgWorkers.gowrap2()
	github.com/minio/minio/cmd/bucket-replication.go:2073 +0x1f fp=0x39391b611fe0 sp=0x39391b611fb8 pc=0x2775e3f
runtime.goexit({})
	runtime/asm_amd64.s:1771 +0x1 fp=0x39391b611fe8 sp=0x39391b611fe0 pc=0x4966c1
created by github.com/minio/minio/cmd.(*ReplicationPool).ResizeLrgWorkers in goroutine 200
	github.com/minio/minio/cmd/bucket-replication.go:2073 +0xd2

goroutine 215 gp=0x39391b44eb40 m=nil [select, 255 minutes]:
runtime.gopark(0x39391a72af78?, 0x2?, 0x83?, 0x0?, 0x39391a72ad6c?)
	runtime/proc.go:462 +0xce fp=0x39391a72aa30 sp=0x39391a72aa10 pc=0x48eaee
runtime.selectgo(0x39391a72af78, 0x39391a72ad68, 0x1020202020100?, 0x0, 0x3030302000002?, 0x1)
	runtime/select.go:351 +0xaa5 fp=0x39391a72ab60 sp=0x39391a72aa30 pc=0x46a9a5
github.com/minio/minio/cmd.(*ReplicationPool).AddLargeWorker(0x39391b44c000, 0x39391b4073b0, 0x39391b44c004)
	github.com/minio/minio/cmd/bucket-replication.go:2025 +0xb3 fp=0x39391a72afb8 sp=0x39391a72ab60 pc=0x2775753
github.com/minio/minio/cmd.(*ReplicationPool).ResizeLrgWorkers.gowrap2()
	github.com/minio/minio/cmd/bucket-replication.go:2073 +0x1f fp=0x39391a72afe0 sp=0x39391a72afb8 pc=0x2775e3f
runtime.goexit({})
	runtime/asm_amd64.s:1771 +0x1 fp=0x39391a72afe8 sp=0x39391a72afe0 pc=0x4966c1
created by github.com/minio/minio/cmd.(*ReplicationPool).ResizeLrgWorkers in goroutine 200
	github.com/minio/minio/cmd/bucket-replication.go:2073 +0xd2

goroutine 216 gp=0x39391b44ed20 m=nil [select, 255 minutes]:
runtime.gopark(0x39391a72bf78?, 0x2?, 0x68?, 0x69?, 0x39391a72bd6c?)
	runtime/proc.go:462 +0xce fp=0x39391a72ba30 sp=0x39391a72ba10 pc=0x48eaee
runtime.selectgo(0x39391a72bf78, 0x39391a72bd68, 0x301030203030302?, 0x0, 0x100000200030000?, 0x1)
	runtime/select.go:351 +0xaa5 fp=0x39391a72bb60 sp=0x39391a72ba30 pc=0x46a9a5
github.com/minio/minio/cmd.(*ReplicationPool).AddLargeWorker(0x39391b44c000, 0x39391b407420, 0x39391b44c004)
	github.com/minio/minio/cmd/bucket-replication.go:2025 +0xb3 fp=0x39391a72bfb8 sp=0x39391a72bb60 pc=0x2775753
github.com/minio/minio/cmd.(*ReplicationPool).ResizeLrgWorkers.gowrap2()
	github.com/minio/minio/cmd/bucket-replication.go:2073 +0x1f fp=0x39391a72bfe0 sp=0x39391a72bfb8 pc=0x2775e3f
runtime.goexit({})
	runtime/asm_amd64.s:1771 +0x1 fp=0x39391a72bfe8 sp=0x39391a72bfe0 pc=0x4966c1
created by github.com/minio/minio/cmd.(*ReplicationPool).ResizeLrgWorkers in goroutine 200
	github.com/minio/minio/cmd/bucket-replication.go:2073 +0xd2

goroutine 217 gp=0x39391b44ef00 m=nil [select, 255 minutes]:
runtime.gopark(0x39391a72cf78?, 0x2?, 0x24?, 0x11?, 0x39391a72cd6c?)
	runtime/proc.go:462 +0xce fp=0x39391a72ca30 sp=0x39391a72ca10 pc=0x48eaee
runtime.selectgo(0x39391a72cf78, 0x39391a72cd68, 0x202030003010200?, 0x0, 0x102020200020301?, 0x1)
	runtime/select.go:351 +0xaa5 fp=0x39391a72cb60 sp=0x39391a72ca30 pc=0x46a9a5
github.com/minio/minio/cmd.(*ReplicationPool).AddLargeWorker(0x39391b44c000, 0x39391b407490, 0x39391b44c004)
	github.com/minio/minio/cmd/bucket-replication.go:2025 +0xb3 fp=0x39391a72cfb8 sp=0x39391a72cb60 pc=0x2775753
github.com/minio/minio/cmd.(*ReplicationPool).ResizeLrgWorkers.gowrap2()
	github.com/minio/minio/cmd/bucket-replication.go:2073 +0x1f fp=0x39391a72cfe0 sp=0x39391a72cfb8 pc=0x2775e3f
runtime.goexit({})
	runtime/asm_amd64.s:1771 +0x1 fp=0x39391a72cfe8 sp=0x39391a72cfe0 pc=0x4966c1
created by github.com/minio/minio/cmd.(*ReplicationPool).ResizeLrgWorkers in goroutine 200
	github.com/minio/minio/cmd/bucket-replication.go:2073 +0xd2

goroutine 218 gp=0x39391b44f0e0 m=nil [select, 255 minutes]:
runtime.gopark(0x39391bf1df78?, 0x2?, 0x2?, 0x1?, 0x39391bf1dd6c?)
	runtime/proc.go:462 +0xce fp=0x39391bf1da30 sp=0x39391bf1da10 pc=0x48eaee
runtime.selectgo(0x39391bf1df78, 0x39391bf1dd68, 0x300000000020000?, 0x0, 0x203030100030202?, 0x1)
	runtime/select.go:351 +0xaa5 fp=0x39391bf1db60 sp=0x39391bf1da30 pc=0x46a9a5
github.com/minio/minio/cmd.(*ReplicationPool).AddWorker(0x39391b44c000, 0x39391b407500, 0x39391b44c000)
	github.com/minio/minio/cmd/bucket-replication.go:1985 +0xb3 fp=0x39391bf1dfb8 sp=0x39391bf1db60 pc=0x27751f3
github.com/minio/minio/cmd.(*ReplicationPool).ResizeWorkers.gowrap2()
	github.com/minio/minio/cmd/bucket-replication.go:2112 +0x1f fp=0x39391bf1dfe0 sp=0x39391bf1dfb8 pc=0x277615f
runtime.goexit({})
	runtime/asm_amd64.s:1771 +0x1 fp=0x39391bf1dfe8 sp=0x39391bf1dfe0 pc=0x4966c1
created by github.com/minio/minio/cmd.(*ReplicationPool).ResizeWorkers in goroutine 200
	github.com/minio/minio/cmd/bucket-replication.go:2112 +0xd2

goroutine 219 gp=0x39391b44f2c0 m=nil [select, 255 minutes]:
runtime.gopark(0x39391b69df78?, 0x2?, 0x3?, 0x3?, 0x39391b69dd6c?)
	runtime/proc.go:462 +0xce fp=0x39391b69da30 sp=0x39391b69da10 pc=0x48eaee
runtime.selectgo(0x39391b69df78, 0x39391b69dd68, 0x100030100020200?, 0x0, 0x201030000?, 0x1)
	runtime/select.go:351 +0xaa5 fp=0x39391b69db60 sp=0x39391b69da30 pc=0x46a9a5
github.com/minio/minio/cmd.(*ReplicationPool).AddWorker(0x39391b44c000, 0x39391b407570, 0x39391b44c000)
	github.com/minio/minio/cmd/bucket-replication.go:1985 +0xb3 fp=0x39391b69dfb8 sp=0x39391b69db60 pc=0x27751f3
github.com/minio/minio/cmd.(*ReplicationPool).ResizeWorkers.gowrap2()
	github.com/minio/minio/cmd/bucket-replication.go:2112 +0x1f fp=0x39391b69dfe0 sp=0x39391b69dfb8 pc=0x277615f
runtime.goexit({})
	runtime/asm_amd64.s:1771 +0x1 fp=0x39391b69dfe8 sp=0x39391b69dfe0 pc=0x4966c1
created by github.com/minio/minio/cmd.(*ReplicationPool).ResizeWorkers in goroutine 200
	github.com/minio/minio/cmd/bucket-replication.go:2112 +0xd2

goroutine 220 gp=0x39391b44f4a0 m=nil [select, 255 minutes]:
runtime.gopark(0x39391bf1bf78?, 0x2?, 0x0?, 0x0?, 0x39391bf1bd6c?)
	runtime/proc.go:462 +0xce fp=0x39391bf1ba30 sp=0x39391bf1ba10 pc=0x48eaee
runtime.selectgo(0x39391bf1bf78, 0x39391bf1bd68, 0x300000300020003?, 0x0, 0x3010303010303?, 0x1)
	runtime/select.go:351 +0xaa5 fp=0x39391bf1bb60 sp=0x39391bf1ba30 pc=0x46a9a5
github.com/minio/minio/cmd.(*ReplicationPool).AddWorker(0x39391b44c000, 0x39391b4075e0, 0x39391b44c000)
	github.com/minio/minio/cmd/bucket-replication.go:1985 +0xb3 fp=0x39391bf1bfb8 sp=0x39391bf1bb60 pc=0x27751f3
github.com/minio/minio/cmd.(*ReplicationPool).ResizeWorkers.gowrap2()
	github.com/minio/minio/cmd/bucket-replication.go:2112 +0x1f fp=0x39391bf1bfe0 sp=0x39391bf1bfb8 pc=0x277615f
runtime.goexit({})
	runtime/asm_amd64.s:1771 +0x1 fp=0x39391bf1bfe8 sp=0x39391bf1bfe0 pc=0x4966c1
created by github.com/minio/minio/cmd.(*ReplicationPool).ResizeWorkers in goroutine 200
	github.com/minio/minio/cmd/bucket-replication.go:2112 +0xd2

goroutine 221 gp=0x39391b44f680 m=nil [select, 255 minutes]:
runtime.gopark(0x39391bf1cf78?, 0x2?, 0x2?, 0x1?, 0x39391bf1cd6c?)
	runtime/proc.go:462 +0xce fp=0x39391bf1ca30 sp=0x39391bf1ca10 pc=0x48eaee
runtime.selectgo(0x39391bf1cf78, 0x39391bf1cd68, 0x200010302030102?, 0x0, 0x201000000030200?, 0x1)
	runtime/select.go:351 +0xaa5 fp=0x39391bf1cb60 sp=0x39391bf1ca30 pc=0x46a9a5
github.com/minio/minio/cmd.(*ReplicationPool).AddWorker(0x39391b44c000, 0x39391b407650, 0x39391b44c000)
	github.com/minio/minio/cmd/bucket-replication.go:1985 +0xb3 fp=0x39391bf1cfb8 sp=0x39391bf1cb60 pc=0x27751f3
github.com/minio/minio/cmd.(*ReplicationPool).ResizeWorkers.gowrap2()
	github.com/minio/minio/cmd/bucket-replication.go:2112 +0x1f fp=0x39391bf1cfe0 sp=0x39391bf1cfb8 pc=0x277615f
runtime.goexit({})
	runtime/asm_amd64.s:1771 +0x1 fp=0x39391bf1cfe8 sp=0x39391bf1cfe0 pc=0x4966c1
created by github.com/minio/minio/cmd.(*ReplicationPool).ResizeWorkers in goroutine 200
	github.com/minio/minio/cmd/bucket-replication.go:2112 +0xd2

goroutine 222 gp=0x39391b44f860 m=nil [select, 255 minutes]:
runtime.gopark(0x39391b699f78?, 0x2?, 0x2?, 0x2?, 0x39391b699d6c?)
	runtime/proc.go:462 +0xce fp=0x39391b699a30 sp=0x39391b699a10 pc=0x48eaee
runtime.selectgo(0x39391b699f78, 0x39391b699d68, 0x10302020302?, 0x0, 0x101000102030301?, 0x1)
	runtime/select.go:351 +0xaa5 fp=0x39391b699b60 sp=0x39391b699a30 pc=0x46a9a5
github.com/minio/minio/cmd.(*ReplicationPool).AddWorker(0x39391b44c000, 0x39391b4076c0, 0x39391b44c000)
	github.com/minio/minio/cmd/bucket-replication.go:1985 +0xb3 fp=0x39391b699fb8 sp=0x39391b699b60 pc=0x27751f3
github.com/minio/minio/cmd.(*ReplicationPool).ResizeWorkers.gowrap2()
	github.com/minio/minio/cmd/bucket-replication.go:2112 +0x1f fp=0x39391b699fe0 sp=0x39391b699fb8 pc=0x277615f
runtime.goexit({})
	runtime/asm_amd64.s:1771 +0x1 fp=0x39391b699fe8 sp=0x39391b699fe0 pc=0x4966c1
created by github.com/minio/minio/cmd.(*ReplicationPool).ResizeWorkers in goroutine 200
	github.com/minio/minio/cmd/bucket-replication.go:2112 +0xd2

goroutine 223 gp=0x39391b44fa40 m=nil [select, 255 minutes]:
runtime.gopark(0x39391b69af78?, 0x2?, 0x0?, 0x2?, 0x39391b69ad6c?)
	runtime/proc.go:462 +0xce fp=0x39391b69aa30 sp=0x39391b69aa10 pc=0x48eaee
runtime.selectgo(0x39391b69af78, 0x39391b69ad68, 0x302010201010103?, 0x0, 0x302020303010201?, 0x1)
	runtime/select.go:351 +0xaa5 fp=0x39391b69ab60 sp=0x39391b69aa30 pc=0x46a9a5
github.com/minio/minio/cmd.(*ReplicationPool).AddWorker(0x39391b44c000, 0x39391b407730, 0x39391b44c000)
	github.com/minio/minio/cmd/bucket-replication.go:1985 +0xb3 fp=0x39391b69afb8 sp=0x39391b69ab60 pc=0x27751f3
github.com/minio/minio/cmd.(*ReplicationPool).ResizeWorkers.gowrap2()
	github.com/minio/minio/cmd/bucket-replication.go:2112 +0x1f fp=0x39391b69afe0 sp=0x39391b69afb8 pc=0x277615f
runtime.goexit({})
	runtime/asm_amd64.s:1771 +0x1 fp=0x39391b69afe8 sp=0x39391b69afe0 pc=0x4966c1
created by github.com/minio/minio/cmd.(*ReplicationPool).ResizeWorkers in goroutine 200
	github.com/minio/minio/cmd/bucket-replication.go:2112 +0xd2

goroutine 224 gp=0x39391b44fc20 m=nil [select, 255 minutes]:
runtime.gopark(0x39391b69bf78?, 0x2?, 0x0?, 0x0?, 0x39391b69bd6c?)
	runtime/proc.go:462 +0xce fp=0x39391b69ba30 sp=0x39391b69ba10 pc=0x48eaee
runtime.selectgo(0x39391b69bf78, 0x39391b69bd68, 0x302010002010302?, 0x0, 0x101020103010002?, 0x1)
	runtime/select.go:351 +0xaa5 fp=0x39391b69bb60 sp=0x39391b69ba30 pc=0x46a9a5
github.com/minio/minio/cmd.(*ReplicationPool).AddWorker(0x39391b44c000, 0x39391b4077a0, 0x39391b44c000)
	github.com/minio/minio/cmd/bucket-replication.go:1985 +0xb3 fp=0x39391b69bfb8 sp=0x39391b69bb60 pc=0x27751f3
github.com/minio/minio/cmd.(*ReplicationPool).ResizeWorkers.gowrap2()
	github.com/minio/minio/cmd/bucket-replication.go:2112 +0x1f fp=0x39391b69bfe0 sp=0x39391b69bfb8 pc=0x277615f
runtime.goexit({})
	runtime/asm_amd64.s:1771 +0x1 fp=0x39391b69bfe8 sp=0x39391b69bfe0 pc=0x4966c1
created by github.com/minio/minio/cmd.(*ReplicationPool).ResizeWorkers in goroutine 200
	github.com/minio/minio/cmd/bucket-replication.go:2112 +0xd2

goroutine 225 gp=0x39391b45a000 m=nil [select, 255 minutes]:
runtime.gopark(0x39391b69cf78?, 0x2?, 0x3?, 0x0?, 0x39391b69cd6c?)
	runtime/proc.go:462 +0xce fp=0x39391b69ca30 sp=0x39391b69ca10 pc=0x48eaee
runtime.selectgo(0x39391b69cf78, 0x39391b69cd68, 0x0?, 0x0, 0x425654?, 0x1)
	runtime/select.go:351 +0xaa5 fp=0x39391b69cb60 sp=0x39391b69ca30 pc=0x46a9a5
github.com/minio/minio/cmd.(*ReplicationPool).AddWorker(0x39391b44c000, 0x39391b407810, 0x39391b44c000)
	github.com/minio/minio/cmd/bucket-replication.go:1985 +0xb3 fp=0x39391b69cfb8 sp=0x39391b69cb60 pc=0x27751f3
github.com/minio/minio/cmd.(*ReplicationPool).ResizeWorkers.gowrap2()
	github.com/minio/minio/cmd/bucket-replication.go:2112 +0x1f fp=0x39391b69cfe0 sp=0x39391b69cfb8 pc=0x277615f
runtime.goexit({})
	runtime/asm_amd64.s:1771 +0x1 fp=0x39391b69cfe8 sp=0x39391b69cfe0 pc=0x4966c1
created by github.com/minio/minio/cmd.(*ReplicationPool).ResizeWorkers in goroutine 200
	github.com/minio/minio/cmd/bucket-replication.go:2112 +0xd2

goroutine 226 gp=0x39391b45a1e0 m=nil [select, 255 minutes]:
runtime.gopark(0x39391b6a7f78?, 0x2?, 0x3?, 0x3?, 0x39391b6a7d6c?)
	runtime/proc.go:462 +0xce fp=0x39391b6a7a30 sp=0x39391b6a7a10 pc=0x48eaee
runtime.selectgo(0x39391b6a7f78, 0x39391b6a7d68, 0x39391b3f9ce0?, 0x0, 0x10?, 0x1)
	runtime/select.go:351 +0xaa5 fp=0x39391b6a7b60 sp=0x39391b6a7a30 pc=0x46a9a5
github.com/minio/minio/cmd.(*ReplicationPool).AddWorker(0x39391b44c000, 0x39391b407880, 0x39391b44c000)
	github.com/minio/minio/cmd/bucket-replication.go:1985 +0xb3 fp=0x39391b6a7fb8 sp=0x39391b6a7b60 pc=0x27751f3
github.com/minio/minio/cmd.(*ReplicationPool).ResizeWorkers.gowrap2()
	github.com/minio/minio/cmd/bucket-replication.go:2112 +0x1f fp=0x39391b6a7fe0 sp=0x39391b6a7fb8 pc=0x277615f
runtime.goexit({})
	runtime/asm_amd64.s:1771 +0x1 fp=0x39391b6a7fe8 sp=0x39391b6a7fe0 pc=0x4966c1
created by github.com/minio/minio/cmd.(*ReplicationPool).ResizeWorkers in goroutine 200
	github.com/minio/minio/cmd/bucket-replication.go:2112 +0xd2

goroutine 227 gp=0x39391b45a3c0 m=nil [select, 255 minutes]:
runtime.gopark(0x39391b696f78?, 0x2?, 0x1?, 0x2?, 0x39391b696d6c?)
	runtime/proc.go:462 +0xce fp=0x39391b696a30 sp=0x39391b696a10 pc=0x48eaee
runtime.selectgo(0x39391b696f78, 0x39391b696d68, 0x0?, 0x0, 0x425419?, 0x1)
	runtime/select.go:351 +0xaa5 fp=0x39391b696b60 sp=0x39391b696a30 pc=0x46a9a5
github.com/minio/minio/cmd.(*ReplicationPool).AddWorker(0x39391b44c000, 0x39391b4078f0, 0x39391b44c000)
	github.com/minio/minio/cmd/bucket-replication.go:1985 +0xb3 fp=0x39391b696fb8 sp=0x39391b696b60 pc=0x27751f3
github.com/minio/minio/cmd.(*ReplicationPool).ResizeWorkers.gowrap2()
	github.com/minio/minio/cmd/bucket-replication.go:2112 +0x1f fp=0x39391b696fe0 sp=0x39391b696fb8 pc=0x277615f
runtime.goexit({})
	runtime/asm_amd64.s:1771 +0x1 fp=0x39391b696fe8 sp=0x39391b696fe0 pc=0x4966c1
created by github.com/minio/minio/cmd.(*ReplicationPool).ResizeWorkers in goroutine 200
	github.com/minio/minio/cmd/bucket-replication.go:2112 +0xd2

goroutine 228 gp=0x39391b45a5a0 m=nil [select, 255 minutes]:
runtime.gopark(0x39391b697f78?, 0x2?, 0x3?, 0x2?, 0x39391b697d6c?)
	runtime/proc.go:462 +0xce fp=0x39391b697a30 sp=0x39391b697a10 pc=0x48eaee
runtime.selectgo(0x39391b697f78, 0x39391b697d68, 0x203010103000101?, 0x0, 0x2020001020002?, 0x1)
	runtime/select.go:351 +0xaa5 fp=0x39391b697b60 sp=0x39391b697a30 pc=0x46a9a5
github.com/minio/minio/cmd.(*ReplicationPool).AddWorker(0x39391b44c000, 0x39391b407960, 0x39391b44c000)
	github.com/minio/minio/cmd/bucket-replication.go:1985 +0xb3 fp=0x39391b697fb8 sp=0x39391b697b60 pc=0x27751f3
github.com/minio/minio/cmd.(*ReplicationPool).ResizeWorkers.gowrap2()
	github.com/minio/minio/cmd/bucket-replication.go:2112 +0x1f fp=0x39391b697fe0 sp=0x39391b697fb8 pc=0x277615f
runtime.goexit({})
	runtime/asm_amd64.s:1771 +0x1 fp=0x39391b697fe8 sp=0x39391b697fe0 pc=0x4966c1
created by github.com/minio/minio/cmd.(*ReplicationPool).ResizeWorkers in goroutine 200
	github.com/minio/minio/cmd/bucket-replication.go:2112 +0xd2

goroutine 229 gp=0x39391b45a780 m=nil [select, 255 minutes]:
runtime.gopark(0x39391b698f78?, 0x2?, 0x0?, 0x2?, 0x39391b698d6c?)
	runtime/proc.go:462 +0xce fp=0x39391b698a30 sp=0x39391b698a10 pc=0x48eaee
runtime.selectgo(0x39391b698f78, 0x39391b698d68, 0x1030301030300?, 0x0, 0x2020002030000?, 0x1)
	runtime/select.go:351 +0xaa5 fp=0x39391b698b60 sp=0x39391b698a30 pc=0x46a9a5
github.com/minio/minio/cmd.(*ReplicationPool).AddWorker(0x39391b44c000, 0x39391b4079d0, 0x39391b44c000)
	github.com/minio/minio/cmd/bucket-replication.go:1985 +0xb3 fp=0x39391b698fb8 sp=0x39391b698b60 pc=0x27751f3
github.com/minio/minio/cmd.(*ReplicationPool).ResizeWorkers.gowrap2()
	github.com/minio/minio/cmd/bucket-replication.go:2112 +0x1f fp=0x39391b698fe0 sp=0x39391b698fb8 pc=0x277615f
runtime.goexit({})
	runtime/asm_amd64.s:1771 +0x1 fp=0x39391b698fe8 sp=0x39391b698fe0 pc=0x4966c1
created by github.com/minio/minio/cmd.(*ReplicationPool).ResizeWorkers in goroutine 200
	github.com/minio/minio/cmd/bucket-replication.go:2112 +0xd2

goroutine 230 gp=0x39391b45a960 m=nil [select, 255 minutes]:
runtime.gopark(0x39391b6a3f78?, 0x2?, 0x3?, 0x1?, 0x39391b6a3d6c?)
	runtime/proc.go:462 +0xce fp=0x39391b6a3a30 sp=0x39391b6a3a10 pc=0x48eaee
runtime.selectgo(0x39391b6a3f78, 0x39391b6a3d68, 0x103000102010302?, 0x0, 0x201010102020200?, 0x1)
	runtime/select.go:351 +0xaa5 fp=0x39391b6a3b60 sp=0x39391b6a3a30 pc=0x46a9a5
github.com/minio/minio/cmd.(*ReplicationPool).AddWorker(0x39391b44c000, 0x39391b407a40, 0x39391b44c000)
	github.com/minio/minio/cmd/bucket-replication.go:1985 +0xb3 fp=0x39391b6a3fb8 sp=0x39391b6a3b60 pc=0x27751f3
github.com/minio/minio/cmd.(*ReplicationPool).ResizeWorkers.gowrap2()
	github.com/minio/minio/cmd/bucket-replication.go:2112 +0x1f fp=0x39391b6a3fe0 sp=0x39391b6a3fb8 pc=0x277615f
runtime.goexit({})
	runtime/asm_amd64.s:1771 +0x1 fp=0x39391b6a3fe8 sp=0x39391b6a3fe0 pc=0x4966c1
created by github.com/minio/minio/cmd.(*ReplicationPool).ResizeWorkers in goroutine 200
	github.com/minio/minio/cmd/bucket-replication.go:2112 +0xd2

goroutine 231 gp=0x39391b45ab40 m=nil [select, 255 minutes]:
runtime.gopark(0x39391b6a4f78?, 0x2?, 0x1?, 0x2?, 0x39391b6a4d6c?)
	runtime/proc.go:462 +0xce fp=0x39391b6a4a30 sp=0x39391b6a4a10 pc=0x48eaee
runtime.selectgo(0x39391b6a4f78, 0x39391b6a4d68, 0x1010103020203?, 0x0, 0x2030000010003?, 0x1)
	runtime/select.go:351 +0xaa5 fp=0x39391b6a4b60 sp=0x39391b6a4a30 pc=0x46a9a5
github.com/minio/minio/cmd.(*ReplicationPool).AddWorker(0x39391b44c000, 0x39391b407ab0, 0x39391b44c000)
	github.com/minio/minio/cmd/bucket-replication.go:1985 +0xb3 fp=0x39391b6a4fb8 sp=0x39391b6a4b60 pc=0x27751f3
github.com/minio/minio/cmd.(*ReplicationPool).ResizeWorkers.gowrap2()
	github.com/minio/minio/cmd/bucket-replication.go:2112 +0x1f fp=0x39391b6a4fe0 sp=0x39391b6a4fb8 pc=0x277615f
runtime.goexit({})
	runtime/asm_amd64.s:1771 +0x1 fp=0x39391b6a4fe8 sp=0x39391b6a4fe0 pc=0x4966c1
created by github.com/minio/minio/cmd.(*ReplicationPool).ResizeWorkers in goroutine 200
	github.com/minio/minio/cmd/bucket-replication.go:2112 +0xd2

goroutine 232 gp=0x39391b45ad20 m=nil [select, 255 minutes]:
runtime.gopark(0x39391b6a5f78?, 0x2?, 0x3?, 0x2?, 0x39391b6a5d6c?)
	runtime/proc.go:462 +0xce fp=0x39391b6a5a30 sp=0x39391b6a5a10 pc=0x48eaee
runtime.selectgo(0x39391b6a5f78, 0x39391b6a5d68, 0x300020300020103?, 0x0, 0x203020102030102?, 0x1)
	runtime/select.go:351 +0xaa5 fp=0x39391b6a5b60 sp=0x39391b6a5a30 pc=0x46a9a5
github.com/minio/minio/cmd.(*ReplicationPool).AddWorker(0x39391b44c000, 0x39391b407b20, 0x39391b44c000)
	github.com/minio/minio/cmd/bucket-replication.go:1985 +0xb3 fp=0x39391b6a5fb8 sp=0x39391b6a5b60 pc=0x27751f3
github.com/minio/minio/cmd.(*ReplicationPool).ResizeWorkers.gowrap2()
	github.com/minio/minio/cmd/bucket-replication.go:2112 +0x1f fp=0x39391b6a5fe0 sp=0x39391b6a5fb8 pc=0x277615f
runtime.goexit({})
	runtime/asm_amd64.s:1771 +0x1 fp=0x39391b6a5fe8 sp=0x39391b6a5fe0 pc=0x4966c1
created by github.com/minio/minio/cmd.(*ReplicationPool).ResizeWorkers in goroutine 200
	github.com/minio/minio/cmd/bucket-replication.go:2112 +0xd2

goroutine 233 gp=0x39391b45af00 m=nil [select, 255 minutes]:
runtime.gopark(0x39391bf1ff78?, 0x2?, 0x2?, 0x2?, 0x39391bf1fd6c?)
	runtime/proc.go:462 +0xce fp=0x39391bf1fa30 sp=0x39391bf1fa10 pc=0x48eaee
runtime.selectgo(0x39391bf1ff78, 0x39391bf1fd68, 0x102020103030102?, 0x0, 0x202000300020101?, 0x1)
	runtime/select.go:351 +0xaa5 fp=0x39391bf1fb60 sp=0x39391bf1fa30 pc=0x46a9a5
github.com/minio/minio/cmd.(*ReplicationPool).AddWorker(0x39391b44c000, 0x39391b407b90, 0x39391b44c000)
	github.com/minio/minio/cmd/bucket-replication.go:1985 +0xb3 fp=0x39391bf1ffb8 sp=0x39391bf1fb60 pc=0x27751f3
github.com/minio/minio/cmd.(*ReplicationPool).ResizeWorkers.gowrap2()
	github.com/minio/minio/cmd/bucket-replication.go:2112 +0x1f fp=0x39391bf1ffe0 sp=0x39391bf1ffb8 pc=0x277615f
runtime.goexit({})
	runtime/asm_amd64.s:1771 +0x1 fp=0x39391bf1ffe8 sp=0x39391bf1ffe0 pc=0x4966c1
created by github.com/minio/minio/cmd.(*ReplicationPool).ResizeWorkers in goroutine 200
	github.com/minio/minio/cmd/bucket-replication.go:2112 +0xd2

goroutine 234 gp=0x39391b45b0e0 m=nil [select, 255 minutes]:
runtime.gopark(0x39391bf1ef78?, 0x2?, 0x2?, 0x2?, 0x39391bf1ed6c?)
	runtime/proc.go:462 +0xce fp=0x39391bf1ea30 sp=0x39391bf1ea10 pc=0x48eaee
runtime.selectgo(0x39391bf1ef78, 0x39391bf1ed68, 0x100010100020000?, 0x0, 0x3020302000102?, 0x1)
	runtime/select.go:351 +0xaa5 fp=0x39391bf1eb60 sp=0x39391bf1ea30 pc=0x46a9a5
github.com/minio/minio/cmd.(*ReplicationPool).AddWorker(0x39391b44c000, 0x39391b407c00, 0x39391b44c000)
	github.com/minio/minio/cmd/bucket-replication.go:1985 +0xb3 fp=0x39391bf1efb8 sp=0x39391bf1eb60 pc=0x27751f3
github.com/minio/minio/cmd.(*ReplicationPool).ResizeWorkers.gowrap2()
	github.com/minio/minio/cmd/bucket-replication.go:2112 +0x1f fp=0x39391bf1efe0 sp=0x39391bf1efb8 pc=0x277615f
runtime.goexit({})
	runtime/asm_amd64.s:1771 +0x1 fp=0x39391bf1efe8 sp=0x39391bf1efe0 pc=0x4966c1
created by github.com/minio/minio/cmd.(*ReplicationPool).ResizeWorkers in goroutine 200
	github.com/minio/minio/cmd/bucket-replication.go:2112 +0xd2

goroutine 235 gp=0x39391b45b2c0 m=nil [select, 255 minutes]:
runtime.gopark(0x39391b6a6f78?, 0x2?, 0x3?, 0x0?, 0x39391b6a6d6c?)
	runtime/proc.go:462 +0xce fp=0x39391b6a6a30 sp=0x39391b6a6a10 pc=0x48eaee
runtime.selectgo(0x39391b6a6f78, 0x39391b6a6d68, 0x101000201020003?, 0x0, 0x20301030201?, 0x1)
	runtime/select.go:351 +0xaa5 fp=0x39391b6a6b60 sp=0x39391b6a6a30 pc=0x46a9a5
github.com/minio/minio/cmd.(*ReplicationPool).AddWorker(0x39391b44c000, 0x39391b407c70, 0x39391b44c000)
	github.com/minio/minio/cmd/bucket-replication.go:1985 +0xb3 fp=0x39391b6a6fb8 sp=0x39391b6a6b60 pc=0x27751f3
github.com/minio/minio/cmd.(*ReplicationPool).ResizeWorkers.gowrap2()
	github.com/minio/minio/cmd/bucket-replication.go:2112 +0x1f fp=0x39391b6a6fe0 sp=0x39391b6a6fb8 pc=0x277615f
runtime.goexit({})
	runtime/asm_amd64.s:1771 +0x1 fp=0x39391b6a6fe8 sp=0x39391b6a6fe0 pc=0x4966c1
created by github.com/minio/minio/cmd.(*ReplicationPool).ResizeWorkers in goroutine 200
	github.com/minio/minio/cmd/bucket-replication.go:2112 +0xd2

goroutine 236 gp=0x39391b45b4a0 m=nil [select, 255 minutes]:
runtime.gopark(0x39391b6aff78?, 0x2?, 0x0?, 0x1?, 0x39391b6afd6c?)
	runtime/proc.go:462 +0xce fp=0x39391b6afa30 sp=0x39391b6afa10 pc=0x48eaee
runtime.selectgo(0x39391b6aff78, 0x39391b6afd68, 0x202030200020100?, 0x0, 0x300000300030200?, 0x1)
	runtime/select.go:351 +0xaa5 fp=0x39391b6afb60 sp=0x39391b6afa30 pc=0x46a9a5
github.com/minio/minio/cmd.(*ReplicationPool).AddWorker(0x39391b44c000, 0x39391b407ce0, 0x39391b44c000)
	github.com/minio/minio/cmd/bucket-replication.go:1985 +0xb3 fp=0x39391b6affb8 sp=0x39391b6afb60 pc=0x27751f3
github.com/minio/minio/cmd.(*ReplicationPool).ResizeWorkers.gowrap2()
	github.com/minio/minio/cmd/bucket-replication.go:2112 +0x1f fp=0x39391b6affe0 sp=0x39391b6affb8 pc=0x277615f
runtime.goexit({})
	runtime/asm_amd64.s:1771 +0x1 fp=0x39391b6affe8 sp=0x39391b6affe0 pc=0x4966c1
created by github.com/minio/minio/cmd.(*ReplicationPool).ResizeWorkers in goroutine 200
	github.com/minio/minio/cmd/bucket-replication.go:2112 +0xd2

goroutine 237 gp=0x39391b45b680 m=nil [select, 255 minutes]:
runtime.gopark(0x39391bf1af78?, 0x2?, 0x0?, 0x2?, 0x39391bf1ad6c?)
	runtime/proc.go:462 +0xce fp=0x39391bf1aa30 sp=0x39391bf1aa10 pc=0x48eaee
runtime.selectgo(0x39391bf1af78, 0x39391bf1ad68, 0x1010202020002?, 0x0, 0x203000302000300?, 0x1)
	runtime/select.go:351 +0xaa5 fp=0x39391bf1ab60 sp=0x39391bf1aa30 pc=0x46a9a5
github.com/minio/minio/cmd.(*ReplicationPool).AddWorker(0x39391b44c000, 0x39391b407d50, 0x39391b44c000)
	github.com/minio/minio/cmd/bucket-replication.go:1985 +0xb3 fp=0x39391bf1afb8 sp=0x39391bf1ab60 pc=0x27751f3
github.com/minio/minio/cmd.(*ReplicationPool).ResizeWorkers.gowrap2()
	github.com/minio/minio/cmd/bucket-replication.go:2112 +0x1f fp=0x39391bf1afe0 sp=0x39391bf1afb8 pc=0x277615f
runtime.goexit({})
	runtime/asm_amd64.s:1771 +0x1 fp=0x39391bf1afe8 sp=0x39391bf1afe0 pc=0x4966c1
created by github.com/minio/minio/cmd.(*ReplicationPool).ResizeWorkers in goroutine 200
	github.com/minio/minio/cmd/bucket-replication.go:2112 +0xd2

goroutine 238 gp=0x39391b45b860 m=nil [select, 255 minutes]:
runtime.gopark(0x39391b6a1f78?, 0x2?, 0x1?, 0x2?, 0x39391b6a1d6c?)
	runtime/proc.go:462 +0xce fp=0x39391b6a1a30 sp=0x39391b6a1a10 pc=0x48eaee
runtime.selectgo(0x39391b6a1f78, 0x39391b6a1d68, 0x201030300000302?, 0x0, 0x1030301000302?, 0x1)
	runtime/select.go:351 +0xaa5 fp=0x39391b6a1b60 sp=0x39391b6a1a30 pc=0x46a9a5
github.com/minio/minio/cmd.(*ReplicationPool).AddWorker(0x39391b44c000, 0x39391b407dc0, 0x39391b44c000)
	github.com/minio/minio/cmd/bucket-replication.go:1985 +0xb3 fp=0x39391b6a1fb8 sp=0x39391b6a1b60 pc=0x27751f3
github.com/minio/minio/cmd.(*ReplicationPool).ResizeWorkers.gowrap2()
	github.com/minio/minio/cmd/bucket-replication.go:2112 +0x1f fp=0x39391b6a1fe0 sp=0x39391b6a1fb8 pc=0x277615f
runtime.goexit({})
	runtime/asm_amd64.s:1771 +0x1 fp=0x39391b6a1fe8 sp=0x39391b6a1fe0 pc=0x4966c1
created by github.com/minio/minio/cmd.(*ReplicationPool).ResizeWorkers in goroutine 200
	github.com/minio/minio/cmd/bucket-replication.go:2112 +0xd2

goroutine 239 gp=0x39391b45ba40 m=nil [select, 255 minutes]:
runtime.gopark(0x39391b6a2f78?, 0x2?, 0x2?, 0x0?, 0x39391b6a2d6c?)
	runtime/proc.go:462 +0xce fp=0x39391b6a2a30 sp=0x39391b6a2a10 pc=0x48eaee
runtime.selectgo(0x39391b6a2f78, 0x39391b6a2d68, 0x303030001030301?, 0x0, 0x301030103020102?, 0x1)
	runtime/select.go:351 +0xaa5 fp=0x39391b6a2b60 sp=0x39391b6a2a30 pc=0x46a9a5
github.com/minio/minio/cmd.(*ReplicationPool).AddWorker(0x39391b44c000, 0x39391b407e30, 0x39391b44c000)
	github.com/minio/minio/cmd/bucket-replication.go:1985 +0xb3 fp=0x39391b6a2fb8 sp=0x39391b6a2b60 pc=0x27751f3
github.com/minio/minio/cmd.(*ReplicationPool).ResizeWorkers.gowrap2()
	github.com/minio/minio/cmd/bucket-replication.go:2112 +0x1f fp=0x39391b6a2fe0 sp=0x39391b6a2fb8 pc=0x277615f
runtime.goexit({})
	runtime/asm_amd64.s:1771 +0x1 fp=0x39391b6a2fe8 sp=0x39391b6a2fe0 pc=0x4966c1
created by github.com/minio/minio/cmd.(*ReplicationPool).ResizeWorkers in goroutine 200
	github.com/minio/minio/cmd/bucket-replication.go:2112 +0xd2

goroutine 240 gp=0x39391b45bc20 m=nil [select, 255 minutes]:
runtime.gopark(0x39391b6b7f78?, 0x2?, 0x0?, 0x0?, 0x39391b6b7d6c?)
	runtime/proc.go:462 +0xce fp=0x39391b6b7a30 sp=0x39391b6b7a10 pc=0x48eaee
runtime.selectgo(0x39391b6b7f78, 0x39391b6b7d68, 0x103000301000303?, 0x0, 0x1010000000201?, 0x1)
	runtime/select.go:351 +0xaa5 fp=0x39391b6b7b60 sp=0x39391b6b7a30 pc=0x46a9a5
github.com/minio/minio/cmd.(*ReplicationPool).AddWorker(0x39391b44c000, 0x39391b464000, 0x39391b44c000)
	github.com/minio/minio/cmd/bucket-replication.go:1985 +0xb3 fp=0x39391b6b7fb8 sp=0x39391b6b7b60 pc=0x27751f3
github.com/minio/minio/cmd.(*ReplicationPool).ResizeWorkers.gowrap2()
	github.com/minio/minio/cmd/bucket-replication.go:2112 +0x1f fp=0x39391b6b7fe0 sp=0x39391b6b7fb8 pc=0x277615f
runtime.goexit({})
	runtime/asm_amd64.s:1771 +0x1 fp=0x39391b6b7fe8 sp=0x39391b6b7fe0 pc=0x4966c1
created by github.com/minio/minio/cmd.(*ReplicationPool).ResizeWorkers in goroutine 200
	github.com/minio/minio/cmd/bucket-replication.go:2112 +0xd2

goroutine 241 gp=0x39391b466000 m=nil [select, 255 minutes]:
runtime.gopark(0x39391b6a8f78?, 0x2?, 0x2?, 0x1?, 0x39391b6a8d6c?)
	runtime/proc.go:462 +0xce fp=0x39391b6a8a30 sp=0x39391b6a8a10 pc=0x48eaee
runtime.selectgo(0x39391b6a8f78, 0x39391b6a8d68, 0x3020302020203?, 0x0, 0x101000302020001?, 0x1)
	runtime/select.go:351 +0xaa5 fp=0x39391b6a8b60 sp=0x39391b6a8a30 pc=0x46a9a5
github.com/minio/minio/cmd.(*ReplicationPool).AddWorker(0x39391b44c000, 0x39391b464070, 0x39391b44c000)
	github.com/minio/minio/cmd/bucket-replication.go:1985 +0xb3 fp=0x39391b6a8fb8 sp=0x39391b6a8b60 pc=0x27751f3
github.com/minio/minio/cmd.(*ReplicationPool).ResizeWorkers.gowrap2()
	github.com/minio/minio/cmd/bucket-replication.go:2112 +0x1f fp=0x39391b6a8fe0 sp=0x39391b6a8fb8 pc=0x277615f
runtime.goexit({})
	runtime/asm_amd64.s:1771 +0x1 fp=0x39391b6a8fe8 sp=0x39391b6a8fe0 pc=0x4966c1
created by github.com/minio/minio/cmd.(*ReplicationPool).ResizeWorkers in goroutine 200
	github.com/minio/minio/cmd/bucket-replication.go:2112 +0xd2

goroutine 242 gp=0x39391b4661e0 m=nil [select, 255 minutes]:
runtime.gopark(0x39391b6a9f78?, 0x2?, 0x0?, 0x2?, 0x39391b6a9d6c?)
	runtime/proc.go:462 +0xce fp=0x39391b6a9a30 sp=0x39391b6a9a10 pc=0x48eaee
runtime.selectgo(0x39391b6a9f78, 0x39391b6a9d68, 0x300010001020303?, 0x0, 0x3010202020202?, 0x1)
	runtime/select.go:351 +0xaa5 fp=0x39391b6a9b60 sp=0x39391b6a9a30 pc=0x46a9a5
github.com/minio/minio/cmd.(*ReplicationPool).AddWorker(0x39391b44c000, 0x39391b4640e0, 0x39391b44c000)
	github.com/minio/minio/cmd/bucket-replication.go:1985 +0xb3 fp=0x39391b6a9fb8 sp=0x39391b6a9b60 pc=0x27751f3
github.com/minio/minio/cmd.(*ReplicationPool).ResizeWorkers.gowrap2()
	github.com/minio/minio/cmd/bucket-replication.go:2112 +0x1f fp=0x39391b6a9fe0 sp=0x39391b6a9fb8 pc=0x277615f
runtime.goexit({})
	runtime/asm_amd64.s:1771 +0x1 fp=0x39391b6a9fe8 sp=0x39391b6a9fe0 pc=0x4966c1
created by github.com/minio/minio/cmd.(*ReplicationPool).ResizeWorkers in goroutine 200
	github.com/minio/minio/cmd/bucket-replication.go:2112 +0xd2

goroutine 243 gp=0x39391b4663c0 m=nil [select, 255 minutes]:
runtime.gopark(0x39391b6aaf78?, 0x2?, 0x3?, 0x0?, 0x39391b6aad6c?)
	runtime/proc.go:462 +0xce fp=0x39391b6aaa30 sp=0x39391b6aaa10 pc=0x48eaee
runtime.selectgo(0x39391b6aaf78, 0x39391b6aad68, 0x200000201030102?, 0x0, 0x101030203000202?, 0x1)
	runtime/select.go:351 +0xaa5 fp=0x39391b6aab60 sp=0x39391b6aaa30 pc=0x46a9a5
github.com/minio/minio/cmd.(*ReplicationPool).AddWorker(0x39391b44c000, 0x39391b464150, 0x39391b44c000)
	github.com/minio/minio/cmd/bucket-replication.go:1985 +0xb3 fp=0x39391b6aafb8 sp=0x39391b6aab60 pc=0x27751f3
github.com/minio/minio/cmd.(*ReplicationPool).ResizeWorkers.gowrap2()
	github.com/minio/minio/cmd/bucket-replication.go:2112 +0x1f fp=0x39391b6aafe0 sp=0x39391b6aafb8 pc=0x277615f
runtime.goexit({})
	runtime/asm_amd64.s:1771 +0x1 fp=0x39391b6aafe8 sp=0x39391b6aafe0 pc=0x4966c1
created by github.com/minio/minio/cmd.(*ReplicationPool).ResizeWorkers in goroutine 200
	github.com/minio/minio/cmd/bucket-replication.go:2112 +0xd2

goroutine 244 gp=0x39391b4665a0 m=nil [select, 255 minutes]:
runtime.gopark(0x39391b6b5f78?, 0x2?, 0x3?, 0x1?, 0x39391b6b5d6c?)
	runtime/proc.go:462 +0xce fp=0x39391b6b5a30 sp=0x39391b6b5a10 pc=0x48eaee
runtime.selectgo(0x39391b6b5f78, 0x39391b6b5d68, 0x300020101000303?, 0x0, 0x301020000030301?, 0x1)
	runtime/select.go:351 +0xaa5 fp=0x39391b6b5b60 sp=0x39391b6b5a30 pc=0x46a9a5
github.com/minio/minio/cmd.(*ReplicationPool).AddWorker(0x39391b44c000, 0x39391b4641c0, 0x39391b44c000)
	github.com/minio/minio/cmd/bucket-replication.go:1985 +0xb3 fp=0x39391b6b5fb8 sp=0x39391b6b5b60 pc=0x27751f3
github.com/minio/minio/cmd.(*ReplicationPool).ResizeWorkers.gowrap2()
	github.com/minio/minio/cmd/bucket-replication.go:2112 +0x1f fp=0x39391b6b5fe0 sp=0x39391b6b5fb8 pc=0x277615f
runtime.goexit({})
	runtime/asm_amd64.s:1771 +0x1 fp=0x39391b6b5fe8 sp=0x39391b6b5fe0 pc=0x4966c1
created by github.com/minio/minio/cmd.(*ReplicationPool).ResizeWorkers in goroutine 200
	github.com/minio/minio/cmd/bucket-replication.go:2112 +0xd2

goroutine 245 gp=0x39391b466780 m=nil [select, 255 minutes]:
runtime.gopark(0x39391b6b6f78?, 0x2?, 0x3?, 0x1?, 0x39391b6b6d6c?)
	runtime/proc.go:462 +0xce fp=0x39391b6b6a30 sp=0x39391b6b6a10 pc=0x48eaee
runtime.selectgo(0x39391b6b6f78, 0x39391b6b6d68, 0x201000101010302?, 0x0, 0x200000100010000?, 0x1)
	runtime/select.go:351 +0xaa5 fp=0x39391b6b6b60 sp=0x39391b6b6a30 pc=0x46a9a5
github.com/minio/minio/cmd.(*ReplicationPool).AddWorker(0x39391b44c000, 0x39391b464230, 0x39391b44c000)
	github.com/minio/minio/cmd/bucket-replication.go:1985 +0xb3 fp=0x39391b6b6fb8 sp=0x39391b6b6b60 pc=0x27751f3
github.com/minio/minio/cmd.(*ReplicationPool).ResizeWorkers.gowrap2()
	github.com/minio/minio/cmd/bucket-replication.go:2112 +0x1f fp=0x39391b6b6fe0 sp=0x39391b6b6fb8 pc=0x277615f
runtime.goexit({})
	runtime/asm_amd64.s:1771 +0x1 fp=0x39391b6b6fe8 sp=0x39391b6b6fe0 pc=0x4966c1
created by github.com/minio/minio/cmd.(*ReplicationPool).ResizeWorkers in goroutine 200
	github.com/minio/minio/cmd/bucket-replication.go:2112 +0xd2

goroutine 246 gp=0x39391b466960 m=nil [select, 255 minutes]:
runtime.gopark(0x39391b6b4f78?, 0x2?, 0x1?, 0x2?, 0x39391b6b4d6c?)
	runtime/proc.go:462 +0xce fp=0x39391b6b4a30 sp=0x39391b6b4a10 pc=0x48eaee
runtime.selectgo(0x39391b6b4f78, 0x39391b6b4d68, 0x101010300010303?, 0x0, 0x1020102000203?, 0x1)
	runtime/select.go:351 +0xaa5 fp=0x39391b6b4b60 sp=0x39391b6b4a30 pc=0x46a9a5
github.com/minio/minio/cmd.(*ReplicationPool).AddWorker(0x39391b44c000, 0x39391b4642a0, 0x39391b44c000)
	github.com/minio/minio/cmd/bucket-replication.go:1985 +0xb3 fp=0x39391b6b4fb8 sp=0x39391b6b4b60 pc=0x27751f3
github.com/minio/minio/cmd.(*ReplicationPool).ResizeWorkers.gowrap2()
	github.com/minio/minio/cmd/bucket-replication.go:2112 +0x1f fp=0x39391b6b4fe0 sp=0x39391b6b4fb8 pc=0x277615f
runtime.goexit({})
	runtime/asm_amd64.s:1771 +0x1 fp=0x39391b6b4fe8 sp=0x39391b6b4fe0 pc=0x4966c1
created by github.com/minio/minio/cmd.(*ReplicationPool).ResizeWorkers in goroutine 200
	github.com/minio/minio/cmd/bucket-replication.go:2112 +0xd2

goroutine 247 gp=0x39391b466b40 m=nil [select, 255 minutes]:
runtime.gopark(0x39391b6bff78?, 0x2?, 0x0?, 0x2?, 0x39391b6bfd6c?)
	runtime/proc.go:462 +0xce fp=0x39391b6bfa30 sp=0x39391b6bfa10 pc=0x48eaee
runtime.selectgo(0x39391b6bff78, 0x39391b6bfd68, 0x10303000202?, 0x0, 0x301020202?, 0x1)
	runtime/select.go:351 +0xaa5 fp=0x39391b6bfb60 sp=0x39391b6bfa30 pc=0x46a9a5
github.com/minio/minio/cmd.(*ReplicationPool).AddWorker(0x39391b44c000, 0x39391b464310, 0x39391b44c000)
	github.com/minio/minio/cmd/bucket-replication.go:1985 +0xb3 fp=0x39391b6bffb8 sp=0x39391b6bfb60 pc=0x27751f3
github.com/minio/minio/cmd.(*ReplicationPool).ResizeWorkers.gowrap2()
	github.com/minio/minio/cmd/bucket-replication.go:2112 +0x1f fp=0x39391b6bffe0 sp=0x39391b6bffb8 pc=0x277615f
runtime.goexit({})
	runtime/asm_amd64.s:1771 +0x1 fp=0x39391b6bffe8 sp=0x39391b6bffe0 pc=0x4966c1
created by github.com/minio/minio/cmd.(*ReplicationPool).ResizeWorkers in goroutine 200
	github.com/minio/minio/cmd/bucket-replication.go:2112 +0xd2

goroutine 248 gp=0x39391b466d20 m=nil [select, 255 minutes]:
runtime.gopark(0x39391b6b0f78?, 0x2?, 0x3?, 0x1?, 0x39391b6b0d6c?)
	runtime/proc.go:462 +0xce fp=0x39391b6b0a30 sp=0x39391b6b0a10 pc=0x48eaee
runtime.selectgo(0x39391b6b0f78, 0x39391b6b0d68, 0x100010200010201?, 0x0, 0x203010201030303?, 0x1)
	runtime/select.go:351 +0xaa5 fp=0x39391b6b0b60 sp=0x39391b6b0a30 pc=0x46a9a5
github.com/minio/minio/cmd.(*ReplicationPool).AddWorker(0x39391b44c000, 0x39391b464380, 0x39391b44c000)
	github.com/minio/minio/cmd/bucket-replication.go:1985 +0xb3 fp=0x39391b6b0fb8 sp=0x39391b6b0b60 pc=0x27751f3
github.com/minio/minio/cmd.(*ReplicationPool).ResizeWorkers.gowrap2()
	github.com/minio/minio/cmd/bucket-replication.go:2112 +0x1f fp=0x39391b6b0fe0 sp=0x39391b6b0fb8 pc=0x277615f
runtime.goexit({})
	runtime/asm_amd64.s:1771 +0x1 fp=0x39391b6b0fe8 sp=0x39391b6b0fe0 pc=0x4966c1
created by github.com/minio/minio/cmd.(*ReplicationPool).ResizeWorkers in goroutine 200
	github.com/minio/minio/cmd/bucket-replication.go:2112 +0xd2

goroutine 249 gp=0x39391b466f00 m=nil [select, 255 minutes]:
runtime.gopark(0x39391b6b1f78?, 0x2?, 0x1?, 0x2?, 0x39391b6b1d6c?)
	runtime/proc.go:462 +0xce fp=0x39391b6b1a30 sp=0x39391b6b1a10 pc=0x48eaee
runtime.selectgo(0x39391b6b1f78, 0x39391b6b1d68, 0x100000103030100?, 0x0, 0x101000100020202?, 0x1)
	runtime/select.go:351 +0xaa5 fp=0x39391b6b1b60 sp=0x39391b6b1a30 pc=0x46a9a5
github.com/minio/minio/cmd.(*ReplicationPool).AddWorker(0x39391b44c000, 0x39391b4643f0, 0x39391b44c000)
	github.com/minio/minio/cmd/bucket-replication.go:1985 +0xb3 fp=0x39391b6b1fb8 sp=0x39391b6b1b60 pc=0x27751f3
github.com/minio/minio/cmd.(*ReplicationPool).ResizeWorkers.gowrap2()
	github.com/minio/minio/cmd/bucket-replication.go:2112 +0x1f fp=0x39391b6b1fe0 sp=0x39391b6b1fb8 pc=0x277615f
runtime.goexit({})
	runtime/asm_amd64.s:1771 +0x1 fp=0x39391b6b1fe8 sp=0x39391b6b1fe0 pc=0x4966c1
created by github.com/minio/minio/cmd.(*ReplicationPool).ResizeWorkers in goroutine 200
	github.com/minio/minio/cmd/bucket-replication.go:2112 +0xd2

goroutine 250 gp=0x39391b4670e0 m=nil [select, 255 minutes]:
runtime.gopark(0x39391b6a0f78?, 0x2?, 0x2?, 0x2?, 0x39391b6a0d6c?)
	runtime/proc.go:462 +0xce fp=0x39391b6a0a30 sp=0x39391b6a0a10 pc=0x48eaee
runtime.selectgo(0x39391b6a0f78, 0x39391b6a0d68, 0x200010003010302?, 0x0, 0x203020300020200?, 0x1)
	runtime/select.go:351 +0xaa5 fp=0x39391b6a0b60 sp=0x39391b6a0a30 pc=0x46a9a5
github.com/minio/minio/cmd.(*ReplicationPool).AddWorker(0x39391b44c000, 0x39391b464460, 0x39391b44c000)
	github.com/minio/minio/cmd/bucket-replication.go:1985 +0xb3 fp=0x39391b6a0fb8 sp=0x39391b6a0b60 pc=0x27751f3
github.com/minio/minio/cmd.(*ReplicationPool).ResizeWorkers.gowrap2()
	github.com/minio/minio/cmd/bucket-replication.go:2112 +0x1f fp=0x39391b6a0fe0 sp=0x39391b6a0fb8 pc=0x277615f
runtime.goexit({})
	runtime/asm_amd64.s:1771 +0x1 fp=0x39391b6a0fe8 sp=0x39391b6a0fe0 pc=0x4966c1
created by github.com/minio/minio/cmd.(*ReplicationPool).ResizeWorkers in goroutine 200
	github.com/minio/minio/cmd/bucket-replication.go:2112 +0xd2

goroutine 251 gp=0x39391b4672c0 m=nil [select, 255 minutes]:
runtime.gopark(0x39391b6abf78?, 0x2?, 0x3?, 0x1?, 0x39391b6abd6c?)
	runtime/proc.go:462 +0xce fp=0x39391b6aba30 sp=0x39391b6aba10 pc=0x48eaee
runtime.selectgo(0x39391b6abf78, 0x39391b6abd68, 0x303000102030301?, 0x0, 0x100000000000202?, 0x1)
	runtime/select.go:351 +0xaa5 fp=0x39391b6abb60 sp=0x39391b6aba30 pc=0x46a9a5
github.com/minio/minio/cmd.(*ReplicationPool).AddWorker(0x39391b44c000, 0x39391b4644d0, 0x39391b44c000)
	github.com/minio/minio/cmd/bucket-replication.go:1985 +0xb3 fp=0x39391b6abfb8 sp=0x39391b6abb60 pc=0x27751f3
github.com/minio/minio/cmd.(*ReplicationPool).ResizeWorkers.gowrap2()
	github.com/minio/minio/cmd/bucket-replication.go:2112 +0x1f fp=0x39391b6abfe0 sp=0x39391b6abfb8 pc=0x277615f
runtime.goexit({})
	runtime/asm_amd64.s:1771 +0x1 fp=0x39391b6abfe8 sp=0x39391b6abfe0 pc=0x4966c1
created by github.com/minio/minio/cmd.(*ReplicationPool).ResizeWorkers in goroutine 200
	github.com/minio/minio/cmd/bucket-replication.go:2112 +0xd2

goroutine 252 gp=0x39391b4674a0 m=nil [select, 255 minutes]:
runtime.gopark(0x39391b6acf78?, 0x2?, 0x2?, 0x0?, 0x39391b6acd6c?)
	runtime/proc.go:462 +0xce fp=0x39391b6aca30 sp=0x39391b6aca10 pc=0x48eaee
runtime.selectgo(0x39391b6acf78, 0x39391b6acd68, 0x200020303020300?, 0x0, 0x200030002000103?, 0x1)
	runtime/select.go:351 +0xaa5 fp=0x39391b6acb60 sp=0x39391b6aca30 pc=0x46a9a5
github.com/minio/minio/cmd.(*ReplicationPool).AddWorker(0x39391b44c000, 0x39391b464540, 0x39391b44c000)
	github.com/minio/minio/cmd/bucket-replication.go:1985 +0xb3 fp=0x39391b6acfb8 sp=0x39391b6acb60 pc=0x27751f3
github.com/minio/minio/cmd.(*ReplicationPool).ResizeWorkers.gowrap2()
	github.com/minio/minio/cmd/bucket-replication.go:2112 +0x1f fp=0x39391b6acfe0 sp=0x39391b6acfb8 pc=0x277615f
runtime.goexit({})
	runtime/asm_amd64.s:1771 +0x1 fp=0x39391b6acfe8 sp=0x39391b6acfe0 pc=0x4966c1
created by github.com/minio/minio/cmd.(*ReplicationPool).ResizeWorkers in goroutine 200
	github.com/minio/minio/cmd/bucket-replication.go:2112 +0xd2

goroutine 253 gp=0x39391b467680 m=nil [select, 255 minutes]:
runtime.gopark(0x39391b6adf78?, 0x2?, 0x1?, 0x3?, 0x39391b6add6c?)
	runtime/proc.go:462 +0xce fp=0x39391b6ada30 sp=0x39391b6ada10 pc=0x48eaee
runtime.selectgo(0x39391b6adf78, 0x39391b6add68, 0x1000002030103?, 0x0, 0x203030303000000?, 0x1)
	runtime/select.go:351 +0xaa5 fp=0x39391b6adb60 sp=0x39391b6ada30 pc=0x46a9a5
github.com/minio/minio/cmd.(*ReplicationPool).AddWorker(0x39391b44c000, 0x39391b4645b0, 0x39391b44c000)
	github.com/minio/minio/cmd/bucket-replication.go:1985 +0xb3 fp=0x39391b6adfb8 sp=0x39391b6adb60 pc=0x27751f3
github.com/minio/minio/cmd.(*ReplicationPool).ResizeWorkers.gowrap2()
	github.com/minio/minio/cmd/bucket-replication.go:2112 +0x1f fp=0x39391b6adfe0 sp=0x39391b6adfb8 pc=0x277615f
runtime.goexit({})
	runtime/asm_amd64.s:1771 +0x1 fp=0x39391b6adfe8 sp=0x39391b6adfe0 pc=0x4966c1
created by github.com/minio/minio/cmd.(*ReplicationPool).ResizeWorkers in goroutine 200
	github.com/minio/minio/cmd/bucket-replication.go:2112 +0xd2

goroutine 254 gp=0x39391b467860 m=nil [select, 255 minutes]:
runtime.gopark(0x39391b6aef78?, 0x2?, 0x1?, 0x0?, 0x39391b6aed6c?)
	runtime/proc.go:462 +0xce fp=0x39391b6aea30 sp=0x39391b6aea10 pc=0x48eaee
runtime.selectgo(0x39391b6aef78, 0x39391b6aed68, 0x3010101030000?, 0x0, 0x303000102?, 0x1)
	runtime/select.go:351 +0xaa5 fp=0x39391b6aeb60 sp=0x39391b6aea30 pc=0x46a9a5
github.com/minio/minio/cmd.(*ReplicationPool).AddWorker(0x39391b44c000, 0x39391b464620, 0x39391b44c000)
	github.com/minio/minio/cmd/bucket-replication.go:1985 +0xb3 fp=0x39391b6aefb8 sp=0x39391b6aeb60 pc=0x27751f3
github.com/minio/minio/cmd.(*ReplicationPool).ResizeWorkers.gowrap2()
	github.com/minio/minio/cmd/bucket-replication.go:2112 +0x1f fp=0x39391b6aefe0 sp=0x39391b6aefb8 pc=0x277615f
runtime.goexit({})
	runtime/asm_amd64.s:1771 +0x1 fp=0x39391b6aefe8 sp=0x39391b6aefe0 pc=0x4966c1
created by github.com/minio/minio/cmd.(*ReplicationPool).ResizeWorkers in goroutine 200
	github.com/minio/minio/cmd/bucket-replication.go:2112 +0xd2

goroutine 255 gp=0x39391b467a40 m=nil [select, 255 minutes]:
runtime.gopark(0x39391b6b3f78?, 0x2?, 0x0?, 0x3?, 0x39391b6b3d6c?)
	runtime/proc.go:462 +0xce fp=0x39391b6b3a30 sp=0x39391b6b3a10 pc=0x48eaee
runtime.selectgo(0x39391b6b3f78, 0x39391b6b3d68, 0x303020000010003?, 0x0, 0x300030100010102?, 0x1)
	runtime/select.go:351 +0xaa5 fp=0x39391b6b3b60 sp=0x39391b6b3a30 pc=0x46a9a5
github.com/minio/minio/cmd.(*ReplicationPool).AddWorker(0x39391b44c000, 0x39391b464690, 0x39391b44c000)
	github.com/minio/minio/cmd/bucket-replication.go:1985 +0xb3 fp=0x39391b6b3fb8 sp=0x39391b6b3b60 pc=0x27751f3
github.com/minio/minio/cmd.(*ReplicationPool).ResizeWorkers.gowrap2()
	github.com/minio/minio/cmd/bucket-replication.go:2112 +0x1f fp=0x39391b6b3fe0 sp=0x39391b6b3fb8 pc=0x277615f
runtime.goexit({})
	runtime/asm_amd64.s:1771 +0x1 fp=0x39391b6b3fe8 sp=0x39391b6b3fe0 pc=0x4966c1
created by github.com/minio/minio/cmd.(*ReplicationPool).ResizeWorkers in goroutine 200
	github.com/minio/minio/cmd/bucket-replication.go:2112 +0xd2

goroutine 256 gp=0x39391b467c20 m=nil [select, 255 minutes]:
runtime.gopark(0x39391bf20f78?, 0x2?, 0x1?, 0x2?, 0x39391bf20d6c?)
	runtime/proc.go:462 +0xce fp=0x39391bf20a30 sp=0x39391bf20a10 pc=0x48eaee
runtime.selectgo(0x39391bf20f78, 0x39391bf20d68, 0x103010301000100?, 0x0, 0x203000003020000?, 0x1)
	runtime/select.go:351 +0xaa5 fp=0x39391bf20b60 sp=0x39391bf20a30 pc=0x46a9a5
github.com/minio/minio/cmd.(*ReplicationPool).AddWorker(0x39391b44c000, 0x39391b464700, 0x39391b44c000)
	github.com/minio/minio/cmd/bucket-replication.go:1985 +0xb3 fp=0x39391bf20fb8 sp=0x39391bf20b60 pc=0x27751f3
github.com/minio/minio/cmd.(*ReplicationPool).ResizeWorkers.gowrap2()
	github.com/minio/minio/cmd/bucket-replication.go:2112 +0x1f fp=0x39391bf20fe0 sp=0x39391bf20fb8 pc=0x277615f
runtime.goexit({})
	runtime/asm_amd64.s:1771 +0x1 fp=0x39391bf20fe8 sp=0x39391bf20fe0 pc=0x4966c1
created by github.com/minio/minio/cmd.(*ReplicationPool).ResizeWorkers in goroutine 200
	github.com/minio/minio/cmd/bucket-replication.go:2112 +0xd2

goroutine 257 gp=0x39391b470000 m=nil [select, 255 minutes]:
runtime.gopark(0x39391b6c7f78?, 0x2?, 0x2?, 0x1?, 0x39391b6c7d6c?)
	runtime/proc.go:462 +0xce fp=0x39391b6c7a30 sp=0x39391b6c7a10 pc=0x48eaee
runtime.selectgo(0x39391b6c7f78, 0x39391b6c7d68, 0x302010102030203?, 0x0, 0x102000201000203?, 0x1)
	runtime/select.go:351 +0xaa5 fp=0x39391b6c7b60 sp=0x39391b6c7a30 pc=0x46a9a5
github.com/minio/minio/cmd.(*ReplicationPool).AddWorker(0x39391b44c000, 0x39391b464770, 0x39391b44c000)
	github.com/minio/minio/cmd/bucket-replication.go:1985 +0xb3 fp=0x39391b6c7fb8 sp=0x39391b6c7b60 pc=0x27751f3
github.com/minio/minio/cmd.(*ReplicationPool).ResizeWorkers.gowrap2()
	github.com/minio/minio/cmd/bucket-replication.go:2112 +0x1f fp=0x39391b6c7fe0 sp=0x39391b6c7fb8 pc=0x277615f
runtime.goexit({})
	runtime/asm_amd64.s:1771 +0x1 fp=0x39391b6c7fe8 sp=0x39391b6c7fe0 pc=0x4966c1
created by github.com/minio/minio/cmd.(*ReplicationPool).ResizeWorkers in goroutine 200
	github.com/minio/minio/cmd/bucket-replication.go:2112 +0xd2

goroutine 258 gp=0x39391b4701e0 m=nil [select, 255 minutes]:
runtime.gopark(0x39391b6b2f78?, 0x2?, 0x0?, 0x0?, 0x39391b6b2d6c?)
	runtime/proc.go:462 +0xce fp=0x39391b6b2a30 sp=0x39391b6b2a10 pc=0x48eaee
runtime.selectgo(0x39391b6b2f78, 0x39391b6b2d68, 0x3000200020002?, 0x0, 0x301010202000101?, 0x1)
	runtime/select.go:351 +0xaa5 fp=0x39391b6b2b60 sp=0x39391b6b2a30 pc=0x46a9a5
github.com/minio/minio/cmd.(*ReplicationPool).AddWorker(0x39391b44c000, 0x39391b4647e0, 0x39391b44c000)
	github.com/minio/minio/cmd/bucket-replication.go:1985 +0xb3 fp=0x39391b6b2fb8 sp=0x39391b6b2b60 pc=0x27751f3
github.com/minio/minio/cmd.(*ReplicationPool).ResizeWorkers.gowrap2()
	github.com/minio/minio/cmd/bucket-replication.go:2112 +0x1f fp=0x39391b6b2fe0 sp=0x39391b6b2fb8 pc=0x277615f
runtime.goexit({})
	runtime/asm_amd64.s:1771 +0x1 fp=0x39391b6b2fe8 sp=0x39391b6b2fe0 pc=0x4966c1
created by github.com/minio/minio/cmd.(*ReplicationPool).ResizeWorkers in goroutine 200
	github.com/minio/minio/cmd/bucket-replication.go:2112 +0xd2

goroutine 259 gp=0x39391b4703c0 m=nil [select, 255 minutes]:
runtime.gopark(0x39391b6bcf78?, 0x2?, 0x1?, 0x1?, 0x39391b6bcd6c?)
	runtime/proc.go:462 +0xce fp=0x39391b6bca30 sp=0x39391b6bca10 pc=0x48eaee
runtime.selectgo(0x39391b6bcf78, 0x39391b6bcd68, 0x102010003020200?, 0x0, 0x2000202000001?, 0x1)
	runtime/select.go:351 +0xaa5 fp=0x39391b6bcb60 sp=0x39391b6bca30 pc=0x46a9a5
github.com/minio/minio/cmd.(*ReplicationPool).AddWorker(0x39391b44c000, 0x39391b464850, 0x39391b44c000)
	github.com/minio/minio/cmd/bucket-replication.go:1985 +0xb3 fp=0x39391b6bcfb8 sp=0x39391b6bcb60 pc=0x27751f3
github.com/minio/minio/cmd.(*ReplicationPool).ResizeWorkers.gowrap2()
	github.com/minio/minio/cmd/bucket-replication.go:2112 +0x1f fp=0x39391b6bcfe0 sp=0x39391b6bcfb8 pc=0x277615f
runtime.goexit({})
	runtime/asm_amd64.s:1771 +0x1 fp=0x39391b6bcfe8 sp=0x39391b6bcfe0 pc=0x4966c1
created by github.com/minio/minio/cmd.(*ReplicationPool).ResizeWorkers in goroutine 200
	github.com/minio/minio/cmd/bucket-replication.go:2112 +0xd2

goroutine 260 gp=0x39391b4705a0 m=nil [select, 255 minutes]:
runtime.gopark(0x39391b6bdf78?, 0x2?, 0x1?, 0x2?, 0x39391b6bdd6c?)
	runtime/proc.go:462 +0xce fp=0x39391b6bda30 sp=0x39391b6bda10 pc=0x48eaee
runtime.selectgo(0x39391b6bdf78, 0x39391b6bdd68, 0x30003030303?, 0x0, 0x300020302010003?, 0x1)
	runtime/select.go:351 +0xaa5 fp=0x39391b6bdb60 sp=0x39391b6bda30 pc=0x46a9a5
github.com/minio/minio/cmd.(*ReplicationPool).AddWorker(0x39391b44c000, 0x39391b4648c0, 0x39391b44c000)
	github.com/minio/minio/cmd/bucket-replication.go:1985 +0xb3 fp=0x39391b6bdfb8 sp=0x39391b6bdb60 pc=0x27751f3
github.com/minio/minio/cmd.(*ReplicationPool).ResizeWorkers.gowrap2()
	github.com/minio/minio/cmd/bucket-replication.go:2112 +0x1f fp=0x39391b6bdfe0 sp=0x39391b6bdfb8 pc=0x277615f
runtime.goexit({})
	runtime/asm_amd64.s:1771 +0x1 fp=0x39391b6bdfe8 sp=0x39391b6bdfe0 pc=0x4966c1
created by github.com/minio/minio/cmd.(*ReplicationPool).ResizeWorkers in goroutine 200
	github.com/minio/minio/cmd/bucket-replication.go:2112 +0xd2

goroutine 261 gp=0x39391b470780 m=nil [select, 255 minutes]:
runtime.gopark(0x39391b6bbf78?, 0x2?, 0x1?, 0x3?, 0x39391b6bbd6c?)
	runtime/proc.go:462 +0xce fp=0x39391b6bba30 sp=0x39391b6bba10 pc=0x48eaee
runtime.selectgo(0x39391b6bbf78, 0x39391b6bbd68, 0x2020003020100?, 0x0, 0x300030003020001?, 0x1)
	runtime/select.go:351 +0xaa5 fp=0x39391b6bbb60 sp=0x39391b6bba30 pc=0x46a9a5
github.com/minio/minio/cmd.(*ReplicationPool).AddWorker(0x39391b44c000, 0x39391b464930, 0x39391b44c000)
	github.com/minio/minio/cmd/bucket-replication.go:1985 +0xb3 fp=0x39391b6bbfb8 sp=0x39391b6bbb60 pc=0x27751f3
github.com/minio/minio/cmd.(*ReplicationPool).ResizeWorkers.gowrap2()
	github.com/minio/minio/cmd/bucket-replication.go:2112 +0x1f fp=0x39391b6bbfe0 sp=0x39391b6bbfb8 pc=0x277615f
runtime.goexit({})
	runtime/asm_amd64.s:1771 +0x1 fp=0x39391b6bbfe8 sp=0x39391b6bbfe0 pc=0x4966c1
created by github.com/minio/minio/cmd.(*ReplicationPool).ResizeWorkers in goroutine 200
	github.com/minio/minio/cmd/bucket-replication.go:2112 +0xd2

goroutine 262 gp=0x39391b470960 m=nil [select, 255 minutes]:
runtime.gopark(0x39391b6bef78?, 0x2?, 0x2?, 0x3?, 0x39391b6bed6c?)
	runtime/proc.go:462 +0xce fp=0x39391b6bea30 sp=0x39391b6bea10 pc=0x48eaee
runtime.selectgo(0x39391b6bef78, 0x39391b6bed68, 0x100020002000200?, 0x0, 0x302010302?, 0x1)
	runtime/select.go:351 +0xaa5 fp=0x39391b6beb60 sp=0x39391b6bea30 pc=0x46a9a5
github.com/minio/minio/cmd.(*ReplicationPool).AddWorker(0x39391b44c000, 0x39391b4649a0, 0x39391b44c000)
	github.com/minio/minio/cmd/bucket-replication.go:1985 +0xb3 fp=0x39391b6befb8 sp=0x39391b6beb60 pc=0x27751f3
github.com/minio/minio/cmd.(*ReplicationPool).ResizeWorkers.gowrap2()
	github.com/minio/minio/cmd/bucket-replication.go:2112 +0x1f fp=0x39391b6befe0 sp=0x39391b6befb8 pc=0x277615f
runtime.goexit({})
	runtime/asm_amd64.s:1771 +0x1 fp=0x39391b6befe8 sp=0x39391b6befe0 pc=0x4966c1
created by github.com/minio/minio/cmd.(*ReplicationPool).ResizeWorkers in goroutine 200
	github.com/minio/minio/cmd/bucket-replication.go:2112 +0xd2

goroutine 263 gp=0x39391b470b40 m=nil [select, 255 minutes]:
runtime.gopark(0x39391b6b9f78?, 0x2?, 0x0?, 0x0?, 0x39391b6b9d6c?)
	runtime/proc.go:462 +0xce fp=0x39391b6b9a30 sp=0x39391b6b9a10 pc=0x48eaee
runtime.selectgo(0x39391b6b9f78, 0x39391b6b9d68, 0x200010001030101?, 0x0, 0x10100030103?, 0x1)
	runtime/select.go:351 +0xaa5 fp=0x39391b6b9b60 sp=0x39391b6b9a30 pc=0x46a9a5
github.com/minio/minio/cmd.(*ReplicationPool).AddWorker(0x39391b44c000, 0x39391b464a10, 0x39391b44c000)
	github.com/minio/minio/cmd/bucket-replication.go:1985 +0xb3 fp=0x39391b6b9fb8 sp=0x39391b6b9b60 pc=0x27751f3
github.com/minio/minio/cmd.(*ReplicationPool).ResizeWorkers.gowrap2()
	github.com/minio/minio/cmd/bucket-replication.go:2112 +0x1f fp=0x39391b6b9fe0 sp=0x39391b6b9fb8 pc=0x277615f
runtime.goexit({})
	runtime/asm_amd64.s:1771 +0x1 fp=0x39391b6b9fe8 sp=0x39391b6b9fe0 pc=0x4966c1
created by github.com/minio/minio/cmd.(*ReplicationPool).ResizeWorkers in goroutine 200
	github.com/minio/minio/cmd/bucket-replication.go:2112 +0xd2

goroutine 264 gp=0x39391b470d20 m=nil [select, 255 minutes]:
runtime.gopark(0x39391b6b8f78?, 0x2?, 0x1?, 0x1?, 0x39391b6b8d6c?)
	runtime/proc.go:462 +0xce fp=0x39391b6b8a30 sp=0x39391b6b8a10 pc=0x48eaee
runtime.selectgo(0x39391b6b8f78, 0x39391b6b8d68, 0x201030003020000?, 0x0, 0x200000300030002?, 0x1)
	runtime/select.go:351 +0xaa5 fp=0x39391b6b8b60 sp=0x39391b6b8a30 pc=0x46a9a5
github.com/minio/minio/cmd.(*ReplicationPool).AddWorker(0x39391b44c000, 0x39391b464a80, 0x39391b44c000)
	github.com/minio/minio/cmd/bucket-replication.go:1985 +0xb3 fp=0x39391b6b8fb8 sp=0x39391b6b8b60 pc=0x27751f3
github.com/minio/minio/cmd.(*ReplicationPool).ResizeWorkers.gowrap2()
	github.com/minio/minio/cmd/bucket-replication.go:2112 +0x1f fp=0x39391b6b8fe0 sp=0x39391b6b8fb8 pc=0x277615f
runtime.goexit({})
	runtime/asm_amd64.s:1771 +0x1 fp=0x39391b6b8fe8 sp=0x39391b6b8fe0 pc=0x4966c1
created by github.com/minio/minio/cmd.(*ReplicationPool).ResizeWorkers in goroutine 200
	github.com/minio/minio/cmd/bucket-replication.go:2112 +0xd2

goroutine 265 gp=0x39391b470f00 m=nil [select, 255 minutes]:
runtime.gopark(0x39391b6baf78?, 0x2?, 0x1?, 0x3?, 0x39391b6bad6c?)
	runtime/proc.go:462 +0xce fp=0x39391b6baa30 sp=0x39391b6baa10 pc=0x48eaee
runtime.selectgo(0x39391b6baf78, 0x39391b6bad68, 0x203020203030300?, 0x0, 0x3020000010300?, 0x1)
	runtime/select.go:351 +0xaa5 fp=0x39391b6bab60 sp=0x39391b6baa30 pc=0x46a9a5
github.com/minio/minio/cmd.(*ReplicationPool).AddWorker(0x39391b44c000, 0x39391b464af0, 0x39391b44c000)
	github.com/minio/minio/cmd/bucket-replication.go:1985 +0xb3 fp=0x39391b6bafb8 sp=0x39391b6bab60 pc=0x27751f3
github.com/minio/minio/cmd.(*ReplicationPool).ResizeWorkers.gowrap2()
	github.com/minio/minio/cmd/bucket-replication.go:2112 +0x1f fp=0x39391b6bafe0 sp=0x39391b6bafb8 pc=0x277615f
runtime.goexit({})
	runtime/asm_amd64.s:1771 +0x1 fp=0x39391b6bafe8 sp=0x39391b6bafe0 pc=0x4966c1
created by github.com/minio/minio/cmd.(*ReplicationPool).ResizeWorkers in goroutine 200
	github.com/minio/minio/cmd/bucket-replication.go:2112 +0xd2

goroutine 266 gp=0x39391b4710e0 m=nil [select, 255 minutes]:
runtime.gopark(0x39391b6c3f78?, 0x2?, 0x1?, 0x2?, 0x39391b6c3d6c?)
	runtime/proc.go:462 +0xce fp=0x39391b6c3a30 sp=0x39391b6c3a10 pc=0x48eaee
runtime.selectgo(0x39391b6c3f78, 0x39391b6c3d68, 0x101010102020000?, 0x0, 0x1030302000301?, 0x1)
	runtime/select.go:351 +0xaa5 fp=0x39391b6c3b60 sp=0x39391b6c3a30 pc=0x46a9a5
github.com/minio/minio/cmd.(*ReplicationPool).AddWorker(0x39391b44c000, 0x39391b464b60, 0x39391b44c000)
	github.com/minio/minio/cmd/bucket-replication.go:1985 +0xb3 fp=0x39391b6c3fb8 sp=0x39391b6c3b60 pc=0x27751f3
github.com/minio/minio/cmd.(*ReplicationPool).ResizeWorkers.gowrap2()
	github.com/minio/minio/cmd/bucket-replication.go:2112 +0x1f fp=0x39391b6c3fe0 sp=0x39391b6c3fb8 pc=0x277615f
runtime.goexit({})
	runtime/asm_amd64.s:1771 +0x1 fp=0x39391b6c3fe8 sp=0x39391b6c3fe0 pc=0x4966c1
created by github.com/minio/minio/cmd.(*ReplicationPool).ResizeWorkers in goroutine 200
	github.com/minio/minio/cmd/bucket-replication.go:2112 +0xd2

goroutine 267 gp=0x39391b4712c0 m=nil [select, 255 minutes]:
runtime.gopark(0x39391b6c4f78?, 0x2?, 0x0?, 0x0?, 0x39391b6c4d6c?)
	runtime/proc.go:462 +0xce fp=0x39391b6c4a30 sp=0x39391b6c4a10 pc=0x48eaee
runtime.selectgo(0x39391b6c4f78, 0x39391b6c4d68, 0x2020300010202?, 0x0, 0x200030201030300?, 0x1)
	runtime/select.go:351 +0xaa5 fp=0x39391b6c4b60 sp=0x39391b6c4a30 pc=0x46a9a5
github.com/minio/minio/cmd.(*ReplicationPool).AddWorker(0x39391b44c000, 0x39391b464bd0, 0x39391b44c000)
	github.com/minio/minio/cmd/bucket-replication.go:1985 +0xb3 fp=0x39391b6c4fb8 sp=0x39391b6c4b60 pc=0x27751f3
github.com/minio/minio/cmd.(*ReplicationPool).ResizeWorkers.gowrap2()
	github.com/minio/minio/cmd/bucket-replication.go:2112 +0x1f fp=0x39391b6c4fe0 sp=0x39391b6c4fb8 pc=0x277615f
runtime.goexit({})
	runtime/asm_amd64.s:1771 +0x1 fp=0x39391b6c4fe8 sp=0x39391b6c4fe0 pc=0x4966c1
created by github.com/minio/minio/cmd.(*ReplicationPool).ResizeWorkers in goroutine 200
	github.com/minio/minio/cmd/bucket-replication.go:2112 +0xd2

goroutine 268 gp=0x39391b4714a0 m=nil [select, 255 minutes]:
runtime.gopark(0x39391b6cff78?, 0x2?, 0x1?, 0x2?, 0x39391b6cfd6c?)
	runtime/proc.go:462 +0xce fp=0x39391b6cfa30 sp=0x39391b6cfa10 pc=0x48eaee
runtime.selectgo(0x39391b6cff78, 0x39391b6cfd68, 0x201030300000302?, 0x0, 0x1030301000302?, 0x1)
	runtime/select.go:351 +0xaa5 fp=0x39391b6cfb60 sp=0x39391b6cfa30 pc=0x46a9a5
github.com/minio/minio/cmd.(*ReplicationPool).AddWorker(0x39391b44c000, 0x39391b464c40, 0x39391b44c000)
	github.com/minio/minio/cmd/bucket-replication.go:1985 +0xb3 fp=0x39391b6cffb8 sp=0x39391b6cfb60 pc=0x27751f3
github.com/minio/minio/cmd.(*ReplicationPool).ResizeWorkers.gowrap2()
	github.com/minio/minio/cmd/bucket-replication.go:2112 +0x1f fp=0x39391b6cffe0 sp=0x39391b6cffb8 pc=0x277615f
runtime.goexit({})
	runtime/asm_amd64.s:1771 +0x1 fp=0x39391b6cffe8 sp=0x39391b6cffe0 pc=0x4966c1
created by github.com/minio/minio/cmd.(*ReplicationPool).ResizeWorkers in goroutine 200
	github.com/minio/minio/cmd/bucket-replication.go:2112 +0xd2

goroutine 269 gp=0x39391b471680 m=nil [select, 255 minutes]:
runtime.gopark(0x39391b6c5f78?, 0x2?, 0x3?, 0x3?, 0x39391b6c5d6c?)
	runtime/proc.go:462 +0xce fp=0x39391b6c5a30 sp=0x39391b6c5a10 pc=0x48eaee
runtime.selectgo(0x39391b6c5f78, 0x39391b6c5d68, 0x200010003010302?, 0x0, 0x203020300020200?, 0x1)
	runtime/select.go:351 +0xaa5 fp=0x39391b6c5b60 sp=0x39391b6c5a30 pc=0x46a9a5
github.com/minio/minio/cmd.(*ReplicationPool).AddWorker(0x39391b44c000, 0x39391b464cb0, 0x39391b44c000)
	github.com/minio/minio/cmd/bucket-replication.go:1985 +0xb3 fp=0x39391b6c5fb8 sp=0x39391b6c5b60 pc=0x27751f3
github.com/minio/minio/cmd.(*ReplicationPool).ResizeWorkers.gowrap2()
	github.com/minio/minio/cmd/bucket-replication.go:2112 +0x1f fp=0x39391b6c5fe0 sp=0x39391b6c5fb8 pc=0x277615f
runtime.goexit({})
	runtime/asm_amd64.s:1771 +0x1 fp=0x39391b6c5fe8 sp=0x39391b6c5fe0 pc=0x4966c1
created by github.com/minio/minio/cmd.(*ReplicationPool).ResizeWorkers in goroutine 200
	github.com/minio/minio/cmd/bucket-replication.go:2112 +0xd2

goroutine 270 gp=0x39391b471860 m=nil [select, 255 minutes]:
runtime.gopark(0x39391b6c1f78?, 0x2?, 0x2?, 0x3?, 0x39391b6c1d6c?)
	runtime/proc.go:462 +0xce fp=0x39391b6c1a30 sp=0x39391b6c1a10 pc=0x48eaee
runtime.selectgo(0x39391b6c1f78, 0x39391b6c1d68, 0x202030200020100?, 0x0, 0x300000300030200?, 0x1)
	runtime/select.go:351 +0xaa5 fp=0x39391b6c1b60 sp=0x39391b6c1a30 pc=0x46a9a5
github.com/minio/minio/cmd.(*ReplicationPool).AddWorker(0x39391b44c000, 0x39391b464d20, 0x39391b44c000)
	github.com/minio/minio/cmd/bucket-replication.go:1985 +0xb3 fp=0x39391b6c1fb8 sp=0x39391b6c1b60 pc=0x27751f3
github.com/minio/minio/cmd.(*ReplicationPool).ResizeWorkers.gowrap2()
	github.com/minio/minio/cmd/bucket-replication.go:2112 +0x1f fp=0x39391b6c1fe0 sp=0x39391b6c1fb8 pc=0x277615f
runtime.goexit({})
	runtime/asm_amd64.s:1771 +0x1 fp=0x39391b6c1fe8 sp=0x39391b6c1fe0 pc=0x4966c1
created by github.com/minio/minio/cmd.(*ReplicationPool).ResizeWorkers in goroutine 200
	github.com/minio/minio/cmd/bucket-replication.go:2112 +0xd2

goroutine 271 gp=0x39391b471a40 m=nil [select, 255 minutes]:
runtime.gopark(0x39391b6c2f78?, 0x2?, 0x0?, 0x2?, 0x39391b6c2d6c?)
	runtime/proc.go:462 +0xce fp=0x39391b6c2a30 sp=0x39391b6c2a10 pc=0x48eaee
runtime.selectgo(0x39391b6c2f78, 0x39391b6c2d68, 0x303000102030301?, 0x0, 0x100000000000202?, 0x1)
	runtime/select.go:351 +0xaa5 fp=0x39391b6c2b60 sp=0x39391b6c2a30 pc=0x46a9a5
github.com/minio/minio/cmd.(*ReplicationPool).AddWorker(0x39391b44c000, 0x39391b464d90, 0x39391b44c000)
	github.com/minio/minio/cmd/bucket-replication.go:1985 +0xb3 fp=0x39391b6c2fb8 sp=0x39391b6c2b60 pc=0x27751f3
github.com/minio/minio/cmd.(*ReplicationPool).ResizeWorkers.gowrap2()
	github.com/minio/minio/cmd/bucket-replication.go:2112 +0x1f fp=0x39391b6c2fe0 sp=0x39391b6c2fb8 pc=0x277615f
runtime.goexit({})
	runtime/asm_amd64.s:1771 +0x1 fp=0x39391b6c2fe8 sp=0x39391b6c2fe0 pc=0x4966c1
created by github.com/minio/minio/cmd.(*ReplicationPool).ResizeWorkers in goroutine 200
	github.com/minio/minio/cmd/bucket-replication.go:2112 +0xd2

goroutine 272 gp=0x39391b471c20 m=nil [select, 255 minutes]:
runtime.gopark(0x39391b6c0f78?, 0x2?, 0x3?, 0x2?, 0x39391b6c0d6c?)
	runtime/proc.go:462 +0xce fp=0x39391b6c0a30 sp=0x39391b6c0a10 pc=0x48eaee
runtime.selectgo(0x39391b6c0f78, 0x39391b6c0d68, 0x103010301000100?, 0x0, 0x203000003020000?, 0x1)
	runtime/select.go:351 +0xaa5 fp=0x39391b6c0b60 sp=0x39391b6c0a30 pc=0x46a9a5
github.com/minio/minio/cmd.(*ReplicationPool).AddWorker(0x39391b44c000, 0x39391b464e00, 0x39391b44c000)
	github.com/minio/minio/cmd/bucket-replication.go:1985 +0xb3 fp=0x39391b6c0fb8 sp=0x39391b6c0b60 pc=0x27751f3
github.com/minio/minio/cmd.(*ReplicationPool).ResizeWorkers.gowrap2()
	github.com/minio/minio/cmd/bucket-replication.go:2112 +0x1f fp=0x39391b6c0fe0 sp=0x39391b6c0fb8 pc=0x277615f
runtime.goexit({})
	runtime/asm_amd64.s:1771 +0x1 fp=0x39391b6c0fe8 sp=0x39391b6c0fe0 pc=0x4966c1
created by github.com/minio/minio/cmd.(*ReplicationPool).ResizeWorkers in goroutine 200
	github.com/minio/minio/cmd/bucket-replication.go:2112 +0xd2

goroutine 273 gp=0x39391b472000 m=nil [select, 255 minutes]:
runtime.gopark(0x39391b6cbf78?, 0x2?, 0x2?, 0x2?, 0x39391b6cbd6c?)
	runtime/proc.go:462 +0xce fp=0x39391b6cba30 sp=0x39391b6cba10 pc=0x48eaee
runtime.selectgo(0x39391b6cbf78, 0x39391b6cbd68, 0x100000103030100?, 0x0, 0x101000100020202?, 0x1)
	runtime/select.go:351 +0xaa5 fp=0x39391b6cbb60 sp=0x39391b6cba30 pc=0x46a9a5
github.com/minio/minio/cmd.(*ReplicationPool).AddWorker(0x39391b44c000, 0x39391b464e70, 0x39391b44c000)
	github.com/minio/minio/cmd/bucket-replication.go:1985 +0xb3 fp=0x39391b6cbfb8 sp=0x39391b6cbb60 pc=0x27751f3
github.com/minio/minio/cmd.(*ReplicationPool).ResizeWorkers.gowrap2()
	github.com/minio/minio/cmd/bucket-replication.go:2112 +0x1f fp=0x39391b6cbfe0 sp=0x39391b6cbfb8 pc=0x277615f
runtime.goexit({})
	runtime/asm_amd64.s:1771 +0x1 fp=0x39391b6cbfe8 sp=0x39391b6cbfe0 pc=0x4966c1
created by github.com/minio/minio/cmd.(*ReplicationPool).ResizeWorkers in goroutine 200
	github.com/minio/minio/cmd/bucket-replication.go:2112 +0xd2

goroutine 274 gp=0x39391b4721e0 m=nil [select, 255 minutes]:
runtime.gopark(0x39391b6c6f78?, 0x2?, 0x0?, 0x2?, 0x39391b6c6d6c?)
	runtime/proc.go:462 +0xce fp=0x39391b6c6a30 sp=0x39391b6c6a10 pc=0x48eaee
runtime.selectgo(0x39391b6c6f78, 0x39391b6c6d68, 0x100010200010201?, 0x0, 0x203010201030303?, 0x1)
	runtime/select.go:351 +0xaa5 fp=0x39391b6c6b60 sp=0x39391b6c6a30 pc=0x46a9a5
github.com/minio/minio/cmd.(*ReplicationPool).AddWorker(0x39391b44c000, 0x39391b464ee0, 0x39391b44c000)
	github.com/minio/minio/cmd/bucket-replication.go:1985 +0xb3 fp=0x39391b6c6fb8 sp=0x39391b6c6b60 pc=0x27751f3
github.com/minio/minio/cmd.(*ReplicationPool).ResizeWorkers.gowrap2()
	github.com/minio/minio/cmd/bucket-replication.go:2112 +0x1f fp=0x39391b6c6fe0 sp=0x39391b6c6fb8 pc=0x277615f
runtime.goexit({})
	runtime/asm_amd64.s:1771 +0x1 fp=0x39391b6c6fe8 sp=0x39391b6c6fe0 pc=0x4966c1
created by github.com/minio/minio/cmd.(*ReplicationPool).ResizeWorkers in goroutine 200
	github.com/minio/minio/cmd/bucket-replication.go:2112 +0xd2

goroutine 275 gp=0x39391b4723c0 m=nil [select, 255 minutes]:
runtime.gopark(0x39391b6ccf78?, 0x2?, 0x2?, 0x2?, 0x39391b6ccd6c?)
	runtime/proc.go:462 +0xce fp=0x39391b6cca30 sp=0x39391b6cca10 pc=0x48eaee
runtime.selectgo(0x39391b6ccf78, 0x39391b6ccd68, 0x10303000202?, 0x0, 0x301020202?, 0x1)
	runtime/select.go:351 +0xaa5 fp=0x39391b6ccb60 sp=0x39391b6cca30 pc=0x46a9a5
github.com/minio/minio/cmd.(*ReplicationPool).AddWorker(0x39391b44c000, 0x39391b464f50, 0x39391b44c000)
	github.com/minio/minio/cmd/bucket-replication.go:1985 +0xb3 fp=0x39391b6ccfb8 sp=0x39391b6ccb60 pc=0x27751f3
github.com/minio/minio/cmd.(*ReplicationPool).ResizeWorkers.gowrap2()
	github.com/minio/minio/cmd/bucket-replication.go:2112 +0x1f fp=0x39391b6ccfe0 sp=0x39391b6ccfb8 pc=0x277615f
runtime.goexit({})
	runtime/asm_amd64.s:1771 +0x1 fp=0x39391b6ccfe8 sp=0x39391b6ccfe0 pc=0x4966c1
created by github.com/minio/minio/cmd.(*ReplicationPool).ResizeWorkers in goroutine 200
	github.com/minio/minio/cmd/bucket-replication.go:2112 +0xd2

goroutine 276 gp=0x39391b4725a0 m=nil [select, 255 minutes]:
runtime.gopark(0x39391b6c8f78?, 0x2?, 0x3?, 0x2?, 0x39391b6c8d6c?)
	runtime/proc.go:462 +0xce fp=0x39391b6c8a30 sp=0x39391b6c8a10 pc=0x48eaee
runtime.selectgo(0x39391b6c8f78, 0x39391b6c8d68, 0x302010201010103?, 0x0, 0x302020303010201?, 0x1)
	runtime/select.go:351 +0xaa5 fp=0x39391b6c8b60 sp=0x39391b6c8a30 pc=0x46a9a5
github.com/minio/minio/cmd.(*ReplicationPool).AddWorker(0x39391b44c000, 0x39391b464fc0, 0x39391b44c000)
	github.com/minio/minio/cmd/bucket-replication.go:1985 +0xb3 fp=0x39391b6c8fb8 sp=0x39391b6c8b60 pc=0x27751f3
github.com/minio/minio/cmd.(*ReplicationPool).ResizeWorkers.gowrap2()
	github.com/minio/minio/cmd/bucket-replication.go:2112 +0x1f fp=0x39391b6c8fe0 sp=0x39391b6c8fb8 pc=0x277615f
runtime.goexit({})
	runtime/asm_amd64.s:1771 +0x1 fp=0x39391b6c8fe8 sp=0x39391b6c8fe0 pc=0x4966c1
created by github.com/minio/minio/cmd.(*ReplicationPool).ResizeWorkers in goroutine 200
	github.com/minio/minio/cmd/bucket-replication.go:2112 +0xd2

goroutine 277 gp=0x39391b472780 m=nil [select, 255 minutes]:
runtime.gopark(0x39391b6c9f78?, 0x2?, 0x2?, 0x1?, 0x39391b6c9d6c?)
	runtime/proc.go:462 +0xce fp=0x39391b6c9a30 sp=0x39391b6c9a10 pc=0x48eaee
runtime.selectgo(0x39391b6c9f78, 0x39391b6c9d68, 0x10302020302?, 0x0, 0x101000102030301?, 0x1)
	runtime/select.go:351 +0xaa5 fp=0x39391b6c9b60 sp=0x39391b6c9a30 pc=0x46a9a5
github.com/minio/minio/cmd.(*ReplicationPool).AddWorker(0x39391b44c000, 0x39391b465030, 0x39391b44c000)
	github.com/minio/minio/cmd/bucket-replication.go:1985 +0xb3 fp=0x39391b6c9fb8 sp=0x39391b6c9b60 pc=0x27751f3
github.com/minio/minio/cmd.(*ReplicationPool).ResizeWorkers.gowrap2()
	github.com/minio/minio/cmd/bucket-replication.go:2112 +0x1f fp=0x39391b6c9fe0 sp=0x39391b6c9fb8 pc=0x277615f
runtime.goexit({})
	runtime/asm_amd64.s:1771 +0x1 fp=0x39391b6c9fe8 sp=0x39391b6c9fe0 pc=0x4966c1
created by github.com/minio/minio/cmd.(*ReplicationPool).ResizeWorkers in goroutine 200
	github.com/minio/minio/cmd/bucket-replication.go:2112 +0xd2

goroutine 278 gp=0x39391b472960 m=nil [select, 255 minutes]:
runtime.gopark(0x39391b6d7f78?, 0x2?, 0x0?, 0x0?, 0x39391b6d7d6c?)
	runtime/proc.go:462 +0xce fp=0x39391b6d7a30 sp=0x39391b6d7a10 pc=0x48eaee
runtime.selectgo(0x39391b6d7f78, 0x39391b6d7d68, 0x300000000020000?, 0x0, 0x203030100030202?, 0x1)
	runtime/select.go:351 +0xaa5 fp=0x39391b6d7b60 sp=0x39391b6d7a30 pc=0x46a9a5
github.com/minio/minio/cmd.(*ReplicationPool).AddWorker(0x39391b44c000, 0x39391b4650a0, 0x39391b44c000)
	github.com/minio/minio/cmd/bucket-replication.go:1985 +0xb3 fp=0x39391b6d7fb8 sp=0x39391b6d7b60 pc=0x27751f3
github.com/minio/minio/cmd.(*ReplicationPool).ResizeWorkers.gowrap2()
	github.com/minio/minio/cmd/bucket-replication.go:2112 +0x1f fp=0x39391b6d7fe0 sp=0x39391b6d7fb8 pc=0x277615f
runtime.goexit({})
	runtime/asm_amd64.s:1771 +0x1 fp=0x39391b6d7fe8 sp=0x39391b6d7fe0 pc=0x4966c1
created by github.com/minio/minio/cmd.(*ReplicationPool).ResizeWorkers in goroutine 200
	github.com/minio/minio/cmd/bucket-replication.go:2112 +0xd2

goroutine 279 gp=0x39391b472b40 m=nil [select, 255 minutes]:
runtime.gopark(0x39391b6d3f78?, 0x2?, 0x3?, 0x1?, 0x39391b6d3d6c?)
	runtime/proc.go:462 +0xce fp=0x39391b6d3a30 sp=0x39391b6d3a10 pc=0x48eaee
runtime.selectgo(0x39391b6d3f78, 0x39391b6d3d68, 0x102010003020200?, 0x0, 0x2000202000001?, 0x1)
	runtime/select.go:351 +0xaa5 fp=0x39391b6d3b60 sp=0x39391b6d3a30 pc=0x46a9a5
github.com/minio/minio/cmd.(*ReplicationPool).AddWorker(0x39391b44c000, 0x39391b465110, 0x39391b44c000)
	github.com/minio/minio/cmd/bucket-replication.go:1985 +0xb3 fp=0x39391b6d3fb8 sp=0x39391b6d3b60 pc=0x27751f3
github.com/minio/minio/cmd.(*ReplicationPool).ResizeWorkers.gowrap2()
	github.com/minio/minio/cmd/bucket-replication.go:2112 +0x1f fp=0x39391b6d3fe0 sp=0x39391b6d3fb8 pc=0x277615f
runtime.goexit({})
	runtime/asm_amd64.s:1771 +0x1 fp=0x39391b6d3fe8 sp=0x39391b6d3fe0 pc=0x4966c1
created by github.com/minio/minio/cmd.(*ReplicationPool).ResizeWorkers in goroutine 200
	github.com/minio/minio/cmd/bucket-replication.go:2112 +0xd2

goroutine 280 gp=0x39391b472d20 m=nil [select, 255 minutes]:
runtime.gopark(0x39391b6d4f78?, 0x2?, 0x0?, 0x3?, 0x39391b6d4d6c?)
	runtime/proc.go:462 +0xce fp=0x39391b6d4a30 sp=0x39391b6d4a10 pc=0x48eaee
runtime.selectgo(0x39391b6d4f78, 0x39391b6d4d68, 0x201000101010302?, 0x0, 0x200000100010000?, 0x1)
	runtime/select.go:351 +0xaa5 fp=0x39391b6d4b60 sp=0x39391b6d4a30 pc=0x46a9a5
github.com/minio/minio/cmd.(*ReplicationPool).AddWorker(0x39391b44c000, 0x39391b465180, 0x39391b44c000)
	github.com/minio/minio/cmd/bucket-replication.go:1985 +0xb3 fp=0x39391b6d4fb8 sp=0x39391b6d4b60 pc=0x27751f3
github.com/minio/minio/cmd.(*ReplicationPool).ResizeWorkers.gowrap2()
	github.com/minio/minio/cmd/bucket-replication.go:2112 +0x1f fp=0x39391b6d4fe0 sp=0x39391b6d4fb8 pc=0x277615f
runtime.goexit({})
	runtime/asm_amd64.s:1771 +0x1 fp=0x39391b6d4fe8 sp=0x39391b6d4fe0 pc=0x4966c1
created by github.com/minio/minio/cmd.(*ReplicationPool).ResizeWorkers in goroutine 200
	github.com/minio/minio/cmd/bucket-replication.go:2112 +0xd2

goroutine 281 gp=0x39391b472f00 m=nil [select, 255 minutes]:
runtime.gopark(0x39391b6caf78?, 0x2?, 0x3?, 0x0?, 0x39391b6cad6c?)
	runtime/proc.go:462 +0xce fp=0x39391b6caa30 sp=0x39391b6caa10 pc=0x48eaee
runtime.selectgo(0x39391b6caf78, 0x39391b6cad68, 0x300020101000303?, 0x0, 0x301020000030301?, 0x1)
	runtime/select.go:351 +0xaa5 fp=0x39391b6cab60 sp=0x39391b6caa30 pc=0x46a9a5
github.com/minio/minio/cmd.(*ReplicationPool).AddWorker(0x39391b44c000, 0x39391b4651f0, 0x39391b44c000)
	github.com/minio/minio/cmd/bucket-replication.go:1985 +0xb3 fp=0x39391b6cafb8 sp=0x39391b6cab60 pc=0x27751f3
github.com/minio/minio/cmd.(*ReplicationPool).ResizeWorkers.gowrap2()
	github.com/minio/minio/cmd/bucket-replication.go:2112 +0x1f fp=0x39391b6cafe0 sp=0x39391b6cafb8 pc=0x277615f
runtime.goexit({})
	runtime/asm_amd64.s:1771 +0x1 fp=0x39391b6cafe8 sp=0x39391b6cafe0 pc=0x4966c1
created by github.com/minio/minio/cmd.(*ReplicationPool).ResizeWorkers in goroutine 200
	github.com/minio/minio/cmd/bucket-replication.go:2112 +0xd2

goroutine 282 gp=0x39391b4730e0 m=nil [select, 255 minutes]:
runtime.gopark(0x39391b6d6f78?, 0x2?, 0x3?, 0x2?, 0x39391b6d6d6c?)
	runtime/proc.go:462 +0xce fp=0x39391b6d6a30 sp=0x39391b6d6a10 pc=0x48eaee
runtime.selectgo(0x39391b6d6f78, 0x39391b6d6d68, 0x101010300010303?, 0x0, 0x1020102000203?, 0x1)
	runtime/select.go:351 +0xaa5 fp=0x39391b6d6b60 sp=0x39391b6d6a30 pc=0x46a9a5
github.com/minio/minio/cmd.(*ReplicationPool).AddWorker(0x39391b44c000, 0x39391b465260, 0x39391b44c000)
	github.com/minio/minio/cmd/bucket-replication.go:1985 +0xb3 fp=0x39391b6d6fb8 sp=0x39391b6d6b60 pc=0x27751f3
github.com/minio/minio/cmd.(*ReplicationPool).ResizeWorkers.gowrap2()
	github.com/minio/minio/cmd/bucket-replication.go:2112 +0x1f fp=0x39391b6d6fe0 sp=0x39391b6d6fb8 pc=0x277615f
runtime.goexit({})
	runtime/asm_amd64.s:1771 +0x1 fp=0x39391b6d6fe8 sp=0x39391b6d6fe0 pc=0x4966c1
created by github.com/minio/minio/cmd.(*ReplicationPool).ResizeWorkers in goroutine 200
	github.com/minio/minio/cmd/bucket-replication.go:2112 +0xd2

goroutine 283 gp=0x39391b4732c0 m=nil [select, 255 minutes]:
runtime.gopark(0x39391b6d5f78?, 0x2?, 0x2?, 0x0?, 0x39391b6d5d6c?)
	runtime/proc.go:462 +0xce fp=0x39391b6d5a30 sp=0x39391b6d5a10 pc=0x48eaee
runtime.selectgo(0x39391b6d5f78, 0x39391b6d5d68, 0x303020000010003?, 0x0, 0x300030100010102?, 0x1)
	runtime/select.go:351 +0xaa5 fp=0x39391b6d5b60 sp=0x39391b6d5a30 pc=0x46a9a5
github.com/minio/minio/cmd.(*ReplicationPool).AddWorker(0x39391b44c000, 0x39391b4652d0, 0x39391b44c000)
	github.com/minio/minio/cmd/bucket-replication.go:1985 +0xb3 fp=0x39391b6d5fb8 sp=0x39391b6d5b60 pc=0x27751f3
github.com/minio/minio/cmd.(*ReplicationPool).ResizeWorkers.gowrap2()
	github.com/minio/minio/cmd/bucket-replication.go:2112 +0x1f fp=0x39391b6d5fe0 sp=0x39391b6d5fb8 pc=0x277615f
runtime.goexit({})
	runtime/asm_amd64.s:1771 +0x1 fp=0x39391b6d5fe8 sp=0x39391b6d5fe0 pc=0x4966c1
created by github.com/minio/minio/cmd.(*ReplicationPool).ResizeWorkers in goroutine 200
	github.com/minio/minio/cmd/bucket-replication.go:2112 +0xd2

goroutine 284 gp=0x39391b4734a0 m=nil [select, 255 minutes]:
runtime.gopark(0x39391b6d0f78?, 0x2?, 0x0?, 0x1?, 0x39391b6d0d6c?)
	runtime/proc.go:462 +0xce fp=0x39391b6d0a30 sp=0x39391b6d0a10 pc=0x48eaee
runtime.selectgo(0x39391b6d0f78, 0x39391b6d0d68, 0x39391b3f9ce0?, 0x0, 0x10?, 0x1)
	runtime/select.go:351 +0xaa5 fp=0x39391b6d0b60 sp=0x39391b6d0a30 pc=0x46a9a5
github.com/minio/minio/cmd.(*ReplicationPool).AddWorker(0x39391b44c000, 0x39391b465340, 0x39391b44c000)
	github.com/minio/minio/cmd/bucket-replication.go:1985 +0xb3 fp=0x39391b6d0fb8 sp=0x39391b6d0b60 pc=0x27751f3
github.com/minio/minio/cmd.(*ReplicationPool).ResizeWorkers.gowrap2()
	github.com/minio/minio/cmd/bucket-replication.go:2112 +0x1f fp=0x39391b6d0fe0 sp=0x39391b6d0fb8 pc=0x277615f
runtime.goexit({})
	runtime/asm_amd64.s:1771 +0x1 fp=0x39391b6d0fe8 sp=0x39391b6d0fe0 pc=0x4966c1
created by github.com/minio/minio/cmd.(*ReplicationPool).ResizeWorkers in goroutine 200
	github.com/minio/minio/cmd/bucket-replication.go:2112 +0xd2

goroutine 285 gp=0x39391b473680 m=nil [select, 255 minutes]:
runtime.gopark(0x39391b6e1f78?, 0x2?, 0x0?, 0x1?, 0x39391b6e1d6c?)
	runtime/proc.go:462 +0xce fp=0x39391b6e1a30 sp=0x39391b6e1a10 pc=0x48eaee
runtime.selectgo(0x39391b6e1f78, 0x39391b6e1d68, 0x0?, 0x0, 0x425654?, 0x1)
	runtime/select.go:351 +0xaa5 fp=0x39391b6e1b60 sp=0x39391b6e1a30 pc=0x46a9a5
github.com/minio/minio/cmd.(*ReplicationPool).AddWorker(0x39391b44c000, 0x39391b4653b0, 0x39391b44c000)
	github.com/minio/minio/cmd/bucket-replication.go:1985 +0xb3 fp=0x39391b6e1fb8 sp=0x39391b6e1b60 pc=0x27751f3
github.com/minio/minio/cmd.(*ReplicationPool).ResizeWorkers.gowrap2()
	github.com/minio/minio/cmd/bucket-replication.go:2112 +0x1f fp=0x39391b6e1fe0 sp=0x39391b6e1fb8 pc=0x277615f
runtime.goexit({})
	runtime/asm_amd64.s:1771 +0x1 fp=0x39391b6e1fe8 sp=0x39391b6e1fe0 pc=0x4966c1
created by github.com/minio/minio/cmd.(*ReplicationPool).ResizeWorkers in goroutine 200
	github.com/minio/minio/cmd/bucket-replication.go:2112 +0xd2

goroutine 286 gp=0x39391b473860 m=nil [select, 255 minutes]:
runtime.gopark(0x39391b6d1f78?, 0x2?, 0x0?, 0x0?, 0x39391b6d1d6c?)
	runtime/proc.go:462 +0xce fp=0x39391b6d1a30 sp=0x39391b6d1a10 pc=0x48eaee
runtime.selectgo(0x39391b6d1f78, 0x39391b6d1d68, 0x302010002010302?, 0x0, 0x101020103010002?, 0x1)
	runtime/select.go:351 +0xaa5 fp=0x39391b6d1b60 sp=0x39391b6d1a30 pc=0x46a9a5
github.com/minio/minio/cmd.(*ReplicationPool).AddWorker(0x39391b44c000, 0x39391b465420, 0x39391b44c000)
	github.com/minio/minio/cmd/bucket-replication.go:1985 +0xb3 fp=0x39391b6d1fb8 sp=0x39391b6d1b60 pc=0x27751f3
github.com/minio/minio/cmd.(*ReplicationPool).ResizeWorkers.gowrap2()
	github.com/minio/minio/cmd/bucket-replication.go:2112 +0x1f fp=0x39391b6d1fe0 sp=0x39391b6d1fb8 pc=0x277615f
runtime.goexit({})
	runtime/asm_amd64.s:1771 +0x1 fp=0x39391b6d1fe8 sp=0x39391b6d1fe0 pc=0x4966c1
created by github.com/minio/minio/cmd.(*ReplicationPool).ResizeWorkers in goroutine 200
	github.com/minio/minio/cmd/bucket-replication.go:2112 +0xd2

goroutine 287 gp=0x39391b473a40 m=nil [select, 255 minutes]:
runtime.gopark(0x39391b6ddf78?, 0x2?, 0x3?, 0x3?, 0x39391b6ddd6c?)
	runtime/proc.go:462 +0xce fp=0x39391b6dda30 sp=0x39391b6dda10 pc=0x48eaee
runtime.selectgo(0x39391b6ddf78, 0x39391b6ddd68, 0x202030200020100?, 0x0, 0x300000300030200?, 0x1)
	runtime/select.go:351 +0xaa5 fp=0x39391b6ddb60 sp=0x39391b6dda30 pc=0x46a9a5
github.com/minio/minio/cmd.(*ReplicationPool).AddWorker(0x39391b44c000, 0x39391b465490, 0x39391b44c000)
	github.com/minio/minio/cmd/bucket-replication.go:1985 +0xb3 fp=0x39391b6ddfb8 sp=0x39391b6ddb60 pc=0x27751f3
github.com/minio/minio/cmd.(*ReplicationPool).ResizeWorkers.gowrap2()
	github.com/minio/minio/cmd/bucket-replication.go:2112 +0x1f fp=0x39391b6ddfe0 sp=0x39391b6ddfb8 pc=0x277615f
runtime.goexit({})
	runtime/asm_amd64.s:1771 +0x1 fp=0x39391b6ddfe8 sp=0x39391b6ddfe0 pc=0x4966c1
created by github.com/minio/minio/cmd.(*ReplicationPool).ResizeWorkers in goroutine 200
	github.com/minio/minio/cmd/bucket-replication.go:2112 +0xd2

goroutine 288 gp=0x39391b473c20 m=nil [select, 255 minutes]:
runtime.gopark(0x39391b6d2f78?, 0x2?, 0x2?, 0x2?, 0x39391b6d2d6c?)
	runtime/proc.go:462 +0xce fp=0x39391b6d2a30 sp=0x39391b6d2a10 pc=0x48eaee
runtime.selectgo(0x39391b6d2f78, 0x39391b6d2d68, 0x103010301000100?, 0x0, 0x203000003020000?, 0x1)
	runtime/select.go:351 +0xaa5 fp=0x39391b6d2b60 sp=0x39391b6d2a30 pc=0x46a9a5
github.com/minio/minio/cmd.(*ReplicationPool).AddWorker(0x39391b44c000, 0x39391b465500, 0x39391b44c000)
	github.com/minio/minio/cmd/bucket-replication.go:1985 +0xb3 fp=0x39391b6d2fb8 sp=0x39391b6d2b60 pc=0x27751f3
github.com/minio/minio/cmd.(*ReplicationPool).ResizeWorkers.gowrap2()
	github.com/minio/minio/cmd/bucket-replication.go:2112 +0x1f fp=0x39391b6d2fe0 sp=0x39391b6d2fb8 pc=0x277615f
runtime.goexit({})
	runtime/asm_amd64.s:1771 +0x1 fp=0x39391b6d2fe8 sp=0x39391b6d2fe0 pc=0x4966c1
created by github.com/minio/minio/cmd.(*ReplicationPool).ResizeWorkers in goroutine 200
	github.com/minio/minio/cmd/bucket-replication.go:2112 +0xd2

goroutine 289 gp=0x39391b474000 m=nil [select, 255 minutes]:
runtime.gopark(0x39391b6cdf78?, 0x2?, 0x0?, 0x0?, 0x39391b6cdd6c?)
	runtime/proc.go:462 +0xce fp=0x39391b6cda30 sp=0x39391b6cda10 pc=0x48eaee
runtime.selectgo(0x39391b6cdf78, 0x39391b6cdd68, 0x201030300000302?, 0x0, 0x1030301000302?, 0x1)
	runtime/select.go:351 +0xaa5 fp=0x39391b6cdb60 sp=0x39391b6cda30 pc=0x46a9a5
github.com/minio/minio/cmd.(*ReplicationPool).AddWorker(0x39391b44c000, 0x39391b465570, 0x39391b44c000)
	github.com/minio/minio/cmd/bucket-replication.go:1985 +0xb3 fp=0x39391b6cdfb8 sp=0x39391b6cdb60 pc=0x27751f3
github.com/minio/minio/cmd.(*ReplicationPool).ResizeWorkers.gowrap2()
	github.com/minio/minio/cmd/bucket-replication.go:2112 +0x1f fp=0x39391b6cdfe0 sp=0x39391b6cdfb8 pc=0x277615f
runtime.goexit({})
	runtime/asm_amd64.s:1771 +0x1 fp=0x39391b6cdfe8 sp=0x39391b6cdfe0 pc=0x4966c1
created by github.com/minio/minio/cmd.(*ReplicationPool).ResizeWorkers in goroutine 200
	github.com/minio/minio/cmd/bucket-replication.go:2112 +0xd2

goroutine 290 gp=0x39391b4741e0 m=nil [select, 255 minutes]:
runtime.gopark(0x39391b6def78?, 0x2?, 0x0?, 0x1?, 0x39391b6ded6c?)
	runtime/proc.go:462 +0xce fp=0x39391b6dea30 sp=0x39391b6dea10 pc=0x48eaee
runtime.selectgo(0x39391b6def78, 0x39391b6ded68, 0x302010102030203?, 0x0, 0x102000201000203?, 0x1)
	runtime/select.go:351 +0xaa5 fp=0x39391b6deb60 sp=0x39391b6dea30 pc=0x46a9a5
github.com/minio/minio/cmd.(*ReplicationPool).AddWorker(0x39391b44c000, 0x39391b4655e0, 0x39391b44c000)
	github.com/minio/minio/cmd/bucket-replication.go:1985 +0xb3 fp=0x39391b6defb8 sp=0x39391b6deb60 pc=0x27751f3
github.com/minio/minio/cmd.(*ReplicationPool).ResizeWorkers.gowrap2()
	github.com/minio/minio/cmd/bucket-replication.go:2112 +0x1f fp=0x39391b6defe0 sp=0x39391b6defb8 pc=0x277615f
runtime.goexit({})
	runtime/asm_amd64.s:1771 +0x1 fp=0x39391b6defe8 sp=0x39391b6defe0 pc=0x4966c1
created by github.com/minio/minio/cmd.(*ReplicationPool).ResizeWorkers in goroutine 200
	github.com/minio/minio/cmd/bucket-replication.go:2112 +0xd2

goroutine 291 gp=0x39391b4743c0 m=nil [select, 255 minutes]:
runtime.gopark(0x39391b46ff78?, 0x2?, 0x3?, 0x1?, 0x39391b46fd6c?)
	runtime/proc.go:462 +0xce fp=0x39391b46fa30 sp=0x39391b46fa10 pc=0x48eaee
runtime.selectgo(0x39391b46ff78, 0x39391b46fd68, 0x3000200020002?, 0x0, 0x301010202000101?, 0x1)
	runtime/select.go:351 +0xaa5 fp=0x39391b46fb60 sp=0x39391b46fa30 pc=0x46a9a5
github.com/minio/minio/cmd.(*ReplicationPool).AddWorker(0x39391b44c000, 0x39391b465650, 0x39391b44c000)
	github.com/minio/minio/cmd/bucket-replication.go:1985 +0xb3 fp=0x39391b46ffb8 sp=0x39391b46fb60 pc=0x27751f3
github.com/minio/minio/cmd.(*ReplicationPool).ResizeWorkers.gowrap2()
	github.com/minio/minio/cmd/bucket-replication.go:2112 +0x1f fp=0x39391b46ffe0 sp=0x39391b46ffb8 pc=0x277615f
runtime.goexit({})
	runtime/asm_amd64.s:1771 +0x1 fp=0x39391b46ffe8 sp=0x39391b46ffe0 pc=0x4966c1
created by github.com/minio/minio/cmd.(*ReplicationPool).ResizeWorkers in goroutine 200
	github.com/minio/minio/cmd/bucket-replication.go:2112 +0xd2

goroutine 292 gp=0x39391b4745a0 m=nil [select, 255 minutes]:
runtime.gopark(0x39391b6daf78?, 0x2?, 0x0?, 0x2?, 0x39391b6dad6c?)
	runtime/proc.go:462 +0xce fp=0x39391b6daa30 sp=0x39391b6daa10 pc=0x48eaee
runtime.selectgo(0x39391b6daf78, 0x39391b6dad68, 0x303020000010003?, 0x0, 0x300030100010102?, 0x1)
	runtime/select.go:351 +0xaa5 fp=0x39391b6dab60 sp=0x39391b6daa30 pc=0x46a9a5
github.com/minio/minio/cmd.(*ReplicationPool).AddWorker(0x39391b44c000, 0x39391b4656c0, 0x39391b44c000)
	github.com/minio/minio/cmd/bucket-replication.go:1985 +0xb3 fp=0x39391b6dafb8 sp=0x39391b6dab60 pc=0x27751f3
github.com/minio/minio/cmd.(*ReplicationPool).ResizeWorkers.gowrap2()
	github.com/minio/minio/cmd/bucket-replication.go:2112 +0x1f fp=0x39391b6dafe0 sp=0x39391b6dafb8 pc=0x277615f
runtime.goexit({})
	runtime/asm_amd64.s:1771 +0x1 fp=0x39391b6dafe8 sp=0x39391b6dafe0 pc=0x4966c1
created by github.com/minio/minio/cmd.(*ReplicationPool).ResizeWorkers in goroutine 200
	github.com/minio/minio/cmd/bucket-replication.go:2112 +0xd2

goroutine 293 gp=0x39391b474780 m=nil [select, 255 minutes]:
runtime.gopark(0x39391b6cef78?, 0x2?, 0x0?, 0x0?, 0x39391b6ced6c?)
	runtime/proc.go:462 +0xce fp=0x39391b6cea30 sp=0x39391b6cea10 pc=0x48eaee
runtime.selectgo(0x39391b6cef78, 0x39391b6ced68, 0x201000101010302?, 0x0, 0x200000100010000?, 0x1)
	runtime/select.go:351 +0xaa5 fp=0x39391b6ceb60 sp=0x39391b6cea30 pc=0x46a9a5
github.com/minio/minio/cmd.(*ReplicationPool).AddWorker(0x39391b44c000, 0x39391b465730, 0x39391b44c000)
	github.com/minio/minio/cmd/bucket-replication.go:1985 +0xb3 fp=0x39391b6cefb8 sp=0x39391b6ceb60 pc=0x27751f3
github.com/minio/minio/cmd.(*ReplicationPool).ResizeWorkers.gowrap2()
	github.com/minio/minio/cmd/bucket-replication.go:2112 +0x1f fp=0x39391b6cefe0 sp=0x39391b6cefb8 pc=0x277615f
runtime.goexit({})
	runtime/asm_amd64.s:1771 +0x1 fp=0x39391b6cefe8 sp=0x39391b6cefe0 pc=0x4966c1
created by github.com/minio/minio/cmd.(*ReplicationPool).ResizeWorkers in goroutine 200
	github.com/minio/minio/cmd/bucket-replication.go:2112 +0xd2

goroutine 294 gp=0x39391b474960 m=nil [select, 255 minutes]:
runtime.gopark(0x39391b6e0f78?, 0x2?, 0x2?, 0x1?, 0x39391b6e0d6c?)
	runtime/proc.go:462 +0xce fp=0x39391b6e0a30 sp=0x39391b6e0a10 pc=0x48eaee
runtime.selectgo(0x39391b6e0f78, 0x39391b6e0d68, 0x102010003020200?, 0x0, 0x2000202000001?, 0x1)
	runtime/select.go:351 +0xaa5 fp=0x39391b6e0b60 sp=0x39391b6e0a30 pc=0x46a9a5
github.com/minio/minio/cmd.(*ReplicationPool).AddWorker(0x39391b44c000, 0x39391b4657a0, 0x39391b44c000)
	github.com/minio/minio/cmd/bucket-replication.go:1985 +0xb3 fp=0x39391b6e0fb8 sp=0x39391b6e0b60 pc=0x27751f3
github.com/minio/minio/cmd.(*ReplicationPool).ResizeWorkers.gowrap2()
	github.com/minio/minio/cmd/bucket-replication.go:2112 +0x1f fp=0x39391b6e0fe0 sp=0x39391b6e0fb8 pc=0x277615f
runtime.goexit({})
	runtime/asm_amd64.s:1771 +0x1 fp=0x39391b6e0fe8 sp=0x39391b6e0fe0 pc=0x4966c1
created by github.com/minio/minio/cmd.(*ReplicationPool).ResizeWorkers in goroutine 200
	github.com/minio/minio/cmd/bucket-replication.go:2112 +0xd2

goroutine 295 gp=0x39391b474b40 m=nil [select, 255 minutes]:
runtime.gopark(0x39391b6dff78?, 0x2?, 0x3?, 0x0?, 0x39391b6dfd6c?)
	runtime/proc.go:462 +0xce fp=0x39391b6dfa30 sp=0x39391b6dfa10 pc=0x48eaee
runtime.selectgo(0x39391b6dff78, 0x39391b6dfd68, 0x300020101000303?, 0x0, 0x301020000030301?, 0x1)
	runtime/select.go:351 +0xaa5 fp=0x39391b6dfb60 sp=0x39391b6dfa30 pc=0x46a9a5
github.com/minio/minio/cmd.(*ReplicationPool).AddWorker(0x39391b44c000, 0x39391b465810, 0x39391b44c000)
	github.com/minio/minio/cmd/bucket-replication.go:1985 +0xb3 fp=0x39391b6dffb8 sp=0x39391b6dfb60 pc=0x27751f3
github.com/minio/minio/cmd.(*ReplicationPool).ResizeWorkers.gowrap2()
	github.com/minio/minio/cmd/bucket-replication.go:2112 +0x1f fp=0x39391b6dffe0 sp=0x39391b6dffb8 pc=0x277615f
runtime.goexit({})
	runtime/asm_amd64.s:1771 +0x1 fp=0x39391b6dffe8 sp=0x39391b6dffe0 pc=0x4966c1
created by github.com/minio/minio/cmd.(*ReplicationPool).ResizeWorkers in goroutine 200
	github.com/minio/minio/cmd/bucket-replication.go:2112 +0xd2

goroutine 296 gp=0x39391b474d20 m=nil [select, 255 minutes]:
runtime.gopark(0x39391b46cf78?, 0x2?, 0x0?, 0x0?, 0x39391b46cd6c?)
	runtime/proc.go:462 +0xce fp=0x39391b46ca30 sp=0x39391b46ca10 pc=0x48eaee
runtime.selectgo(0x39391b46cf78, 0x39391b46cd68, 0x303000102030301?, 0x0, 0x100000000000202?, 0x1)
	runtime/select.go:351 +0xaa5 fp=0x39391b46cb60 sp=0x39391b46ca30 pc=0x46a9a5
github.com/minio/minio/cmd.(*ReplicationPool).AddWorker(0x39391b44c000, 0x39391b465880, 0x39391b44c000)
	github.com/minio/minio/cmd/bucket-replication.go:1985 +0xb3 fp=0x39391b46cfb8 sp=0x39391b46cb60 pc=0x27751f3
github.com/minio/minio/cmd.(*ReplicationPool).ResizeWorkers.gowrap2()
	github.com/minio/minio/cmd/bucket-replication.go:2112 +0x1f fp=0x39391b46cfe0 sp=0x39391b46cfb8 pc=0x277615f
runtime.goexit({})
	runtime/asm_amd64.s:1771 +0x1 fp=0x39391b46cfe8 sp=0x39391b46cfe0 pc=0x4966c1
created by github.com/minio/minio/cmd.(*ReplicationPool).ResizeWorkers in goroutine 200
	github.com/minio/minio/cmd/bucket-replication.go:2112 +0xd2

goroutine 297 gp=0x39391b474f00 m=nil [select, 255 minutes]:
runtime.gopark(0x39391b46bf78?, 0x2?, 0x0?, 0x2?, 0x39391b46bd6c?)
	runtime/proc.go:462 +0xce fp=0x39391b46ba30 sp=0x39391b46ba10 pc=0x48eaee
runtime.selectgo(0x39391b46bf78, 0x39391b46bd68, 0x10302020302?, 0x0, 0x101000102030301?, 0x1)
	runtime/select.go:351 +0xaa5 fp=0x39391b46bb60 sp=0x39391b46ba30 pc=0x46a9a5
github.com/minio/minio/cmd.(*ReplicationPool).AddWorker(0x39391b44c000, 0x39391b4658f0, 0x39391b44c000)
	github.com/minio/minio/cmd/bucket-replication.go:1985 +0xb3 fp=0x39391b46bfb8 sp=0x39391b46bb60 pc=0x27751f3
github.com/minio/minio/cmd.(*ReplicationPool).ResizeWorkers.gowrap2()
	github.com/minio/minio/cmd/bucket-replication.go:2112 +0x1f fp=0x39391b46bfe0 sp=0x39391b46bfb8 pc=0x277615f
runtime.goexit({})
	runtime/asm_amd64.s:1771 +0x1 fp=0x39391b46bfe8 sp=0x39391b46bfe0 pc=0x4966c1
created by github.com/minio/minio/cmd.(*ReplicationPool).ResizeWorkers in goroutine 200
	github.com/minio/minio/cmd/bucket-replication.go:2112 +0xd2

goroutine 298 gp=0x39391b4750e0 m=nil [select, 255 minutes]:
runtime.gopark(0x39391b46df78?, 0x2?, 0x2?, 0x1?, 0x39391b46dd6c?)
	runtime/proc.go:462 +0xce fp=0x39391b46da30 sp=0x39391b46da10 pc=0x48eaee
runtime.selectgo(0x39391b46df78, 0x39391b46dd68, 0x302010201010103?, 0x0, 0x302020303010201?, 0x1)
	runtime/select.go:351 +0xaa5 fp=0x39391b46db60 sp=0x39391b46da30 pc=0x46a9a5
github.com/minio/minio/cmd.(*ReplicationPool).AddWorker(0x39391b44c000, 0x39391b465960, 0x39391b44c000)
	github.com/minio/minio/cmd/bucket-replication.go:1985 +0xb3 fp=0x39391b46dfb8 sp=0x39391b46db60 pc=0x27751f3
github.com/minio/minio/cmd.(*ReplicationPool).ResizeWorkers.gowrap2()
	github.com/minio/minio/cmd/bucket-replication.go:2112 +0x1f fp=0x39391b46dfe0 sp=0x39391b46dfb8 pc=0x277615f
runtime.goexit({})
	runtime/asm_amd64.s:1771 +0x1 fp=0x39391b46dfe8 sp=0x39391b46dfe0 pc=0x4966c1
created by github.com/minio/minio/cmd.(*ReplicationPool).ResizeWorkers in goroutine 200
	github.com/minio/minio/cmd/bucket-replication.go:2112 +0xd2

goroutine 299 gp=0x39391b4752c0 m=nil [select, 255 minutes]:
runtime.gopark(0x39391b6dcf78?, 0x2?, 0x1?, 0x1?, 0x39391b6dcd6c?)
	runtime/proc.go:462 +0xce fp=0x39391b6dca30 sp=0x39391b6dca10 pc=0x48eaee
runtime.selectgo(0x39391b6dcf78, 0x39391b6dcd68, 0x300000000020000?, 0x0, 0x203030100030202?, 0x1)
	runtime/select.go:351 +0xaa5 fp=0x39391b6dcb60 sp=0x39391b6dca30 pc=0x46a9a5
github.com/minio/minio/cmd.(*ReplicationPool).AddWorker(0x39391b44c000, 0x39391b4659d0, 0x39391b44c000)
	github.com/minio/minio/cmd/bucket-replication.go:1985 +0xb3 fp=0x39391b6dcfb8 sp=0x39391b6dcb60 pc=0x27751f3
github.com/minio/minio/cmd.(*ReplicationPool).ResizeWorkers.gowrap2()
	github.com/minio/minio/cmd/bucket-replication.go:2112 +0x1f fp=0x39391b6dcfe0 sp=0x39391b6dcfb8 pc=0x277615f
runtime.goexit({})
	runtime/asm_amd64.s:1771 +0x1 fp=0x39391b6dcfe8 sp=0x39391b6dcfe0 pc=0x4966c1
created by github.com/minio/minio/cmd.(*ReplicationPool).ResizeWorkers in goroutine 200
	github.com/minio/minio/cmd/bucket-replication.go:2112 +0xd2

goroutine 300 gp=0x39391b4754a0 m=nil [select, 255 minutes]:
runtime.gopark(0x39391bf51f78?, 0x2?, 0x0?, 0x2?, 0x39391bf51d6c?)
	runtime/proc.go:462 +0xce fp=0x39391bf51a30 sp=0x39391bf51a10 pc=0x48eaee
runtime.selectgo(0x39391bf51f78, 0x39391bf51d68, 0x200010003010302?, 0x0, 0x203020300020200?, 0x1)
	runtime/select.go:351 +0xaa5 fp=0x39391bf51b60 sp=0x39391bf51a30 pc=0x46a9a5
github.com/minio/minio/cmd.(*ReplicationPool).AddWorker(0x39391b44c000, 0x39391b465a40, 0x39391b44c000)
	github.com/minio/minio/cmd/bucket-replication.go:1985 +0xb3 fp=0x39391bf51fb8 sp=0x39391bf51b60 pc=0x27751f3
github.com/minio/minio/cmd.(*ReplicationPool).ResizeWorkers.gowrap2()
	github.com/minio/minio/cmd/bucket-replication.go:2112 +0x1f fp=0x39391bf51fe0 sp=0x39391bf51fb8 pc=0x277615f
runtime.goexit({})
	runtime/asm_amd64.s:1771 +0x1 fp=0x39391bf51fe8 sp=0x39391bf51fe0 pc=0x4966c1
created by github.com/minio/minio/cmd.(*ReplicationPool).ResizeWorkers in goroutine 200
	github.com/minio/minio/cmd/bucket-replication.go:2112 +0xd2

goroutine 301 gp=0x39391b475680 m=nil [select, 255 minutes]:
runtime.gopark(0x39391b468f78?, 0x2?, 0x1?, 0x1?, 0x39391b468d6c?)
	runtime/proc.go:462 +0xce fp=0x39391b468a30 sp=0x39391b468a10 pc=0x48eaee
runtime.selectgo(0x39391b468f78, 0x39391b468d68, 0x300020101000303?, 0x0, 0x301020000030301?, 0x1)
	runtime/select.go:351 +0xaa5 fp=0x39391b468b60 sp=0x39391b468a30 pc=0x46a9a5
github.com/minio/minio/cmd.(*ReplicationPool).AddWorker(0x39391b44c000, 0x39391b465ab0, 0x39391b44c000)
	github.com/minio/minio/cmd/bucket-replication.go:1985 +0xb3 fp=0x39391b468fb8 sp=0x39391b468b60 pc=0x27751f3
github.com/minio/minio/cmd.(*ReplicationPool).ResizeWorkers.gowrap2()
	github.com/minio/minio/cmd/bucket-replication.go:2112 +0x1f fp=0x39391b468fe0 sp=0x39391b468fb8 pc=0x277615f
runtime.goexit({})
	runtime/asm_amd64.s:1771 +0x1 fp=0x39391b468fe8 sp=0x39391b468fe0 pc=0x4966c1
created by github.com/minio/minio/cmd.(*ReplicationPool).ResizeWorkers in goroutine 200
	github.com/minio/minio/cmd/bucket-replication.go:2112 +0xd2

goroutine 302 gp=0x39391b475860 m=nil [select, 255 minutes]:
runtime.gopark(0x39391b469f78?, 0x2?, 0x3?, 0x3?, 0x39391b469d6c?)
	runtime/proc.go:462 +0xce fp=0x39391b469a30 sp=0x39391b469a10 pc=0x48eaee
runtime.selectgo(0x39391b469f78, 0x39391b469d68, 0x302010102030203?, 0x0, 0x102000201000203?, 0x1)
	runtime/select.go:351 +0xaa5 fp=0x39391b469b60 sp=0x39391b469a30 pc=0x46a9a5
github.com/minio/minio/cmd.(*ReplicationPool).AddWorker(0x39391b44c000, 0x39391b465b20, 0x39391b44c000)
	github.com/minio/minio/cmd/bucket-replication.go:1985 +0xb3 fp=0x39391b469fb8 sp=0x39391b469b60 pc=0x27751f3
github.com/minio/minio/cmd.(*ReplicationPool).ResizeWorkers.gowrap2()
	github.com/minio/minio/cmd/bucket-replication.go:2112 +0x1f fp=0x39391b469fe0 sp=0x39391b469fb8 pc=0x277615f
runtime.goexit({})
	runtime/asm_amd64.s:1771 +0x1 fp=0x39391b469fe8 sp=0x39391b469fe0 pc=0x4966c1
created by github.com/minio/minio/cmd.(*ReplicationPool).ResizeWorkers in goroutine 200
	github.com/minio/minio/cmd/bucket-replication.go:2112 +0xd2

goroutine 303 gp=0x39391b475a40 m=nil [select, 255 minutes]:
runtime.gopark(0x39391bf4af78?, 0x2?, 0x1?, 0x0?, 0x39391bf4ad6c?)
	runtime/proc.go:462 +0xce fp=0x39391bf4aa30 sp=0x39391bf4aa10 pc=0x48eaee
runtime.selectgo(0x39391bf4af78, 0x39391bf4ad68, 0x202030200020100?, 0x0, 0x300000300030200?, 0x1)
	runtime/select.go:351 +0xaa5 fp=0x39391bf4ab60 sp=0x39391bf4aa30 pc=0x46a9a5
github.com/minio/minio/cmd.(*ReplicationPool).AddWorker(0x39391b44c000, 0x39391b465b90, 0x39391b44c000)
	github.com/minio/minio/cmd/bucket-replication.go:1985 +0xb3 fp=0x39391bf4afb8 sp=0x39391bf4ab60 pc=0x27751f3
github.com/minio/minio/cmd.(*ReplicationPool).ResizeWorkers.gowrap2()
	github.com/minio/minio/cmd/bucket-replication.go:2112 +0x1f fp=0x39391bf4afe0 sp=0x39391bf4afb8 pc=0x277615f
runtime.goexit({})
	runtime/asm_amd64.s:1771 +0x1 fp=0x39391bf4afe8 sp=0x39391bf4afe0 pc=0x4966c1
created by github.com/minio/minio/cmd.(*ReplicationPool).ResizeWorkers in goroutine 200
	github.com/minio/minio/cmd/bucket-replication.go:2112 +0xd2

goroutine 304 gp=0x39391b475c20 m=nil [select, 255 minutes]:
runtime.gopark(0x39391b6e9f78?, 0x2?, 0x1?, 0x1?, 0x39391b6e9d6c?)
	runtime/proc.go:462 +0xce fp=0x39391b6e9a30 sp=0x39391b6e9a10 pc=0x48eaee
runtime.selectgo(0x39391b6e9f78, 0x39391b6e9d68, 0x103010301000100?, 0x0, 0x203000003020000?, 0x1)
	runtime/select.go:351 +0xaa5 fp=0x39391b6e9b60 sp=0x39391b6e9a30 pc=0x46a9a5
github.com/minio/minio/cmd.(*ReplicationPool).AddWorker(0x39391b44c000, 0x39391b465c00, 0x39391b44c000)
	github.com/minio/minio/cmd/bucket-replication.go:1985 +0xb3 fp=0x39391b6e9fb8 sp=0x39391b6e9b60 pc=0x27751f3
github.com/minio/minio/cmd.(*ReplicationPool).ResizeWorkers.gowrap2()
	github.com/minio/minio/cmd/bucket-replication.go:2112 +0x1f fp=0x39391b6e9fe0 sp=0x39391b6e9fb8 pc=0x277615f
runtime.goexit({})
	runtime/asm_amd64.s:1771 +0x1 fp=0x39391b6e9fe8 sp=0x39391b6e9fe0 pc=0x4966c1
created by github.com/minio/minio/cmd.(*ReplicationPool).ResizeWorkers in goroutine 200
	github.com/minio/minio/cmd/bucket-replication.go:2112 +0xd2

goroutine 305 gp=0x39391b47a000 m=nil [select, 255 minutes]:
runtime.gopark(0x39391bf4bf78?, 0x2?, 0x1?, 0x3?, 0x39391bf4bd6c?)
	runtime/proc.go:462 +0xce fp=0x39391bf4ba30 sp=0x39391bf4ba10 pc=0x48eaee
runtime.selectgo(0x39391bf4bf78, 0x39391bf4bd68, 0x101010300010303?, 0x0, 0x1020102000203?, 0x1)
	runtime/select.go:351 +0xaa5 fp=0x39391bf4bb60 sp=0x39391bf4ba30 pc=0x46a9a5
github.com/minio/minio/cmd.(*ReplicationPool).AddWorker(0x39391b44c000, 0x39391b465c70, 0x39391b44c000)
	github.com/minio/minio/cmd/bucket-replication.go:1985 +0xb3 fp=0x39391bf4bfb8 sp=0x39391bf4bb60 pc=0x27751f3
github.com/minio/minio/cmd.(*ReplicationPool).ResizeWorkers.gowrap2()
	github.com/minio/minio/cmd/bucket-replication.go:2112 +0x1f fp=0x39391bf4bfe0 sp=0x39391bf4bfb8 pc=0x277615f
runtime.goexit({})
	runtime/asm_amd64.s:1771 +0x1 fp=0x39391bf4bfe8 sp=0x39391bf4bfe0 pc=0x4966c1
created by github.com/minio/minio/cmd.(*ReplicationPool).ResizeWorkers in goroutine 200
	github.com/minio/minio/cmd/bucket-replication.go:2112 +0xd2

goroutine 306 gp=0x39391b47a1e0 m=nil [select, 255 minutes]:
runtime.gopark(0x39391b6e6f78?, 0x2?, 0x1?, 0x2?, 0x39391b6e6d6c?)
	runtime/proc.go:462 +0xce fp=0x39391b6e6a30 sp=0x39391b6e6a10 pc=0x48eaee
runtime.selectgo(0x39391b6e6f78, 0x39391b6e6d68, 0x302010002010302?, 0x0, 0x101020103010002?, 0x1)
	runtime/select.go:351 +0xaa5 fp=0x39391b6e6b60 sp=0x39391b6e6a30 pc=0x46a9a5
github.com/minio/minio/cmd.(*ReplicationPool).AddWorker(0x39391b44c000, 0x39391b465ce0, 0x39391b44c000)
	github.com/minio/minio/cmd/bucket-replication.go:1985 +0xb3 fp=0x39391b6e6fb8 sp=0x39391b6e6b60 pc=0x27751f3
github.com/minio/minio/cmd.(*ReplicationPool).ResizeWorkers.gowrap2()
	github.com/minio/minio/cmd/bucket-replication.go:2112 +0x1f fp=0x39391b6e6fe0 sp=0x39391b6e6fb8 pc=0x277615f
runtime.goexit({})
	runtime/asm_amd64.s:1771 +0x1 fp=0x39391b6e6fe8 sp=0x39391b6e6fe0 pc=0x4966c1
created by github.com/minio/minio/cmd.(*ReplicationPool).ResizeWorkers in goroutine 200
	github.com/minio/minio/cmd/bucket-replication.go:2112 +0xd2

goroutine 307 gp=0x39391b47a3c0 m=nil [select, 255 minutes]:
runtime.gopark(0x39391b6dbf78?, 0x2?, 0x3?, 0x1?, 0x39391b6dbd6c?)
	runtime/proc.go:462 +0xce fp=0x39391b6dba30 sp=0x39391b6dba10 pc=0x48eaee
runtime.selectgo(0x39391b6dbf78, 0x39391b6dbd68, 0x0?, 0x0, 0x425654?, 0x1)
	runtime/select.go:351 +0xaa5 fp=0x39391b6dbb60 sp=0x39391b6dba30 pc=0x46a9a5
github.com/minio/minio/cmd.(*ReplicationPool).AddWorker(0x39391b44c000, 0x39391b465d50, 0x39391b44c000)
	github.com/minio/minio/cmd/bucket-replication.go:1985 +0xb3 fp=0x39391b6dbfb8 sp=0x39391b6dbb60 pc=0x27751f3
github.com/minio/minio/cmd.(*ReplicationPool).ResizeWorkers.gowrap2()
	github.com/minio/minio/cmd/bucket-replication.go:2112 +0x1f fp=0x39391b6dbfe0 sp=0x39391b6dbfb8 pc=0x277615f
runtime.goexit({})
	runtime/asm_amd64.s:1771 +0x1 fp=0x39391b6dbfe8 sp=0x39391b6dbfe0 pc=0x4966c1
created by github.com/minio/minio/cmd.(*ReplicationPool).ResizeWorkers in goroutine 200
	github.com/minio/minio/cmd/bucket-replication.go:2112 +0xd2

goroutine 308 gp=0x39391b47a5a0 m=nil [select, 255 minutes]:
runtime.gopark(0x39391bf4df78?, 0x2?, 0x3?, 0x0?, 0x39391bf4dd6c?)
	runtime/proc.go:462 +0xce fp=0x39391bf4da30 sp=0x39391bf4da10 pc=0x48eaee
runtime.selectgo(0x39391bf4df78, 0x39391bf4dd68, 0x103000301000303?, 0x0, 0x1010000000201?, 0x1)
	runtime/select.go:351 +0xaa5 fp=0x39391bf4db60 sp=0x39391bf4da30 pc=0x46a9a5
github.com/minio/minio/cmd.(*ReplicationPool).AddWorker(0x39391b44c000, 0x39391b465dc0, 0x39391b44c000)
	github.com/minio/minio/cmd/bucket-replication.go:1985 +0xb3 fp=0x39391bf4dfb8 sp=0x39391bf4db60 pc=0x27751f3
github.com/minio/minio/cmd.(*ReplicationPool).ResizeWorkers.gowrap2()
	github.com/minio/minio/cmd/bucket-replication.go:2112 +0x1f fp=0x39391bf4dfe0 sp=0x39391bf4dfb8 pc=0x277615f
runtime.goexit({})
	runtime/asm_amd64.s:1771 +0x1 fp=0x39391bf4dfe8 sp=0x39391bf4dfe0 pc=0x4966c1
created by github.com/minio/minio/cmd.(*ReplicationPool).ResizeWorkers in goroutine 200
	github.com/minio/minio/cmd/bucket-replication.go:2112 +0xd2

goroutine 309 gp=0x39391b47a780 m=nil [select, 255 minutes]:
runtime.gopark(0x39391bf4ef78?, 0x2?, 0x2?, 0x3?, 0x39391bf4ed6c?)
	runtime/proc.go:462 +0xce fp=0x39391bf4ea30 sp=0x39391bf4ea10 pc=0x48eaee
runtime.selectgo(0x39391bf4ef78, 0x39391bf4ed68, 0x303030001030301?, 0x0, 0x301030103020102?, 0x1)
	runtime/select.go:351 +0xaa5 fp=0x39391bf4eb60 sp=0x39391bf4ea30 pc=0x46a9a5
github.com/minio/minio/cmd.(*ReplicationPool).AddWorker(0x39391b44c000, 0x39391b465e30, 0x39391b44c000)
	github.com/minio/minio/cmd/bucket-replication.go:1985 +0xb3 fp=0x39391bf4efb8 sp=0x39391bf4eb60 pc=0x27751f3
github.com/minio/minio/cmd.(*ReplicationPool).ResizeWorkers.gowrap2()
	github.com/minio/minio/cmd/bucket-replication.go:2112 +0x1f fp=0x39391bf4efe0 sp=0x39391bf4efb8 pc=0x277615f
runtime.goexit({})
	runtime/asm_amd64.s:1771 +0x1 fp=0x39391bf4efe8 sp=0x39391bf4efe0 pc=0x4966c1
created by github.com/minio/minio/cmd.(*ReplicationPool).ResizeWorkers in goroutine 200
	github.com/minio/minio/cmd/bucket-replication.go:2112 +0xd2

goroutine 310 gp=0x39391b47a960 m=nil [select, 255 minutes]:
runtime.gopark(0x39391bf4ff78?, 0x2?, 0x0?, 0x3?, 0x39391bf4fd6c?)
	runtime/proc.go:462 +0xce fp=0x39391bf4fa30 sp=0x39391bf4fa10 pc=0x48eaee
runtime.selectgo(0x39391bf4ff78, 0x39391bf4fd68, 0x0?, 0x0, 0x425419?, 0x1)
	runtime/select.go:351 +0xaa5 fp=0x39391bf4fb60 sp=0x39391bf4fa30 pc=0x46a9a5
github.com/minio/minio/cmd.(*ReplicationPool).AddWorker(0x39391b44c000, 0x39391b47c000, 0x39391b44c000)
	github.com/minio/minio/cmd/bucket-replication.go:1985 +0xb3 fp=0x39391bf4ffb8 sp=0x39391bf4fb60 pc=0x27751f3
github.com/minio/minio/cmd.(*ReplicationPool).ResizeWorkers.gowrap2()
	github.com/minio/minio/cmd/bucket-replication.go:2112 +0x1f fp=0x39391bf4ffe0 sp=0x39391bf4ffb8 pc=0x277615f
runtime.goexit({})
	runtime/asm_amd64.s:1771 +0x1 fp=0x39391bf4ffe8 sp=0x39391bf4ffe0 pc=0x4966c1
created by github.com/minio/minio/cmd.(*ReplicationPool).ResizeWorkers in goroutine 200
	github.com/minio/minio/cmd/bucket-replication.go:2112 +0xd2

goroutine 311 gp=0x39391b47ab40 m=nil [select, 255 minutes]:
runtime.gopark(0x39391bf50f78?, 0x2?, 0x2?, 0x1?, 0x39391bf50d6c?)
	runtime/proc.go:462 +0xce fp=0x39391bf50a30 sp=0x39391bf50a10 pc=0x48eaee
runtime.selectgo(0x39391bf50f78, 0x39391bf50d68, 0x39391b3f9ce0?, 0x0, 0x10?, 0x1)
	runtime/select.go:351 +0xaa5 fp=0x39391bf50b60 sp=0x39391bf50a30 pc=0x46a9a5
github.com/minio/minio/cmd.(*ReplicationPool).AddWorker(0x39391b44c000, 0x39391b47c070, 0x39391b44c000)
	github.com/minio/minio/cmd/bucket-replication.go:1985 +0xb3 fp=0x39391bf50fb8 sp=0x39391bf50b60 pc=0x27751f3
github.com/minio/minio/cmd.(*ReplicationPool).ResizeWorkers.gowrap2()
	github.com/minio/minio/cmd/bucket-replication.go:2112 +0x1f fp=0x39391bf50fe0 sp=0x39391bf50fb8 pc=0x277615f
runtime.goexit({})
	runtime/asm_amd64.s:1771 +0x1 fp=0x39391bf50fe8 sp=0x39391bf50fe0 pc=0x4966c1
created by github.com/minio/minio/cmd.(*ReplicationPool).ResizeWorkers in goroutine 200
	github.com/minio/minio/cmd/bucket-replication.go:2112 +0xd2

goroutine 312 gp=0x39391b47ad20 m=nil [select, 255 minutes]:
runtime.gopark(0x39391b46ef78?, 0x2?, 0x1?, 0x3?, 0x39391b46ed6c?)
	runtime/proc.go:462 +0xce fp=0x39391b46ea30 sp=0x39391b46ea10 pc=0x48eaee
runtime.selectgo(0x39391b46ef78, 0x39391b46ed68, 0x201030300000302?, 0x0, 0x1030301000302?, 0x1)
	runtime/select.go:351 +0xaa5 fp=0x39391b46eb60 sp=0x39391b46ea30 pc=0x46a9a5
github.com/minio/minio/cmd.(*ReplicationPool).AddWorker(0x39391b44c000, 0x39391b47c0e0, 0x39391b44c000)
	github.com/minio/minio/cmd/bucket-replication.go:1985 +0xb3 fp=0x39391b46efb8 sp=0x39391b46eb60 pc=0x27751f3
github.com/minio/minio/cmd.(*ReplicationPool).ResizeWorkers.gowrap2()
	github.com/minio/minio/cmd/bucket-replication.go:2112 +0x1f fp=0x39391b46efe0 sp=0x39391b46efb8 pc=0x277615f
runtime.goexit({})
	runtime/asm_amd64.s:1771 +0x1 fp=0x39391b46efe8 sp=0x39391b46efe0 pc=0x4966c1
created by github.com/minio/minio/cmd.(*ReplicationPool).ResizeWorkers in goroutine 200
	github.com/minio/minio/cmd/bucket-replication.go:2112 +0xd2

goroutine 313 gp=0x39391b47af00 m=nil [select, 255 minutes]:
runtime.gopark(0x39391b6e5f78?, 0x2?, 0x0?, 0x1?, 0x39391b6e5d6c?)
	runtime/proc.go:462 +0xce fp=0x39391b6e5a30 sp=0x39391b6e5a10 pc=0x48eaee
runtime.selectgo(0x39391b6e5f78, 0x39391b6e5d68, 0x10303000202?, 0x0, 0x301020202?, 0x1)
	runtime/select.go:351 +0xaa5 fp=0x39391b6e5b60 sp=0x39391b6e5a30 pc=0x46a9a5
github.com/minio/minio/cmd.(*ReplicationPool).AddWorker(0x39391b44c000, 0x39391b47c150, 0x39391b44c000)
	github.com/minio/minio/cmd/bucket-replication.go:1985 +0xb3 fp=0x39391b6e5fb8 sp=0x39391b6e5b60 pc=0x27751f3
github.com/minio/minio/cmd.(*ReplicationPool).ResizeWorkers.gowrap2()
	github.com/minio/minio/cmd/bucket-replication.go:2112 +0x1f fp=0x39391b6e5fe0 sp=0x39391b6e5fb8 pc=0x277615f
runtime.goexit({})
	runtime/asm_amd64.s:1771 +0x1 fp=0x39391b6e5fe8 sp=0x39391b6e5fe0 pc=0x4966c1
created by github.com/minio/minio/cmd.(*ReplicationPool).ResizeWorkers in goroutine 200
	github.com/minio/minio/cmd/bucket-replication.go:2112 +0xd2

goroutine 314 gp=0x39391b47b0e0 m=nil [select, 255 minutes]:
runtime.gopark(0x39391bf4cf78?, 0x2?, 0x3?, 0x3?, 0x39391bf4cd6c?)
	runtime/proc.go:462 +0xce fp=0x39391bf4ca30 sp=0x39391bf4ca10 pc=0x48eaee
runtime.selectgo(0x39391bf4cf78, 0x39391bf4cd68, 0x100000103030100?, 0x0, 0x101000100020202?, 0x1)
	runtime/select.go:351 +0xaa5 fp=0x39391bf4cb60 sp=0x39391bf4ca30 pc=0x46a9a5
github.com/minio/minio/cmd.(*ReplicationPool).AddWorker(0x39391b44c000, 0x39391b47c1c0, 0x39391b44c000)
	github.com/minio/minio/cmd/bucket-replication.go:1985 +0xb3 fp=0x39391bf4cfb8 sp=0x39391bf4cb60 pc=0x27751f3
github.com/minio/minio/cmd.(*ReplicationPool).ResizeWorkers.gowrap2()
	github.com/minio/minio/cmd/bucket-replication.go:2112 +0x1f fp=0x39391bf4cfe0 sp=0x39391bf4cfb8 pc=0x277615f
runtime.goexit({})
	runtime/asm_amd64.s:1771 +0x1 fp=0x39391bf4cfe8 sp=0x39391bf4cfe0 pc=0x4966c1
created by github.com/minio/minio/cmd.(*ReplicationPool).ResizeWorkers in goroutine 200
	github.com/minio/minio/cmd/bucket-replication.go:2112 +0xd2

goroutine 315 gp=0x39391b47b2c0 m=nil [select, 255 minutes]:
runtime.gopark(0x39391b6e7f78?, 0x2?, 0x2?, 0x3?, 0x39391b6e7d6c?)
	runtime/proc.go:462 +0xce fp=0x39391b6e7a30 sp=0x39391b6e7a10 pc=0x48eaee
runtime.selectgo(0x39391b6e7f78, 0x39391b6e7d68, 0x100010200010201?, 0x0, 0x203010201030303?, 0x1)
	runtime/select.go:351 +0xaa5 fp=0x39391b6e7b60 sp=0x39391b6e7a30 pc=0x46a9a5
github.com/minio/minio/cmd.(*ReplicationPool).AddWorker(0x39391b44c000, 0x39391b47c230, 0x39391b44c000)
	github.com/minio/minio/cmd/bucket-replication.go:1985 +0xb3 fp=0x39391b6e7fb8 sp=0x39391b6e7b60 pc=0x27751f3
github.com/minio/minio/cmd.(*ReplicationPool).ResizeWorkers.gowrap2()
	github.com/minio/minio/cmd/bucket-replication.go:2112 +0x1f fp=0x39391b6e7fe0 sp=0x39391b6e7fb8 pc=0x277615f
runtime.goexit({})
	runtime/asm_amd64.s:1771 +0x1 fp=0x39391b6e7fe8 sp=0x39391b6e7fe0 pc=0x4966c1
created by github.com/minio/minio/cmd.(*ReplicationPool).ResizeWorkers in goroutine 200
	github.com/minio/minio/cmd/bucket-replication.go:2112 +0xd2

goroutine 316 gp=0x39391b47b4a0 m=nil [select, 255 minutes]:
runtime.gopark(0x39391b6e8f78?, 0x2?, 0x2?, 0x3?, 0x39391b6e8d6c?)
	runtime/proc.go:462 +0xce fp=0x39391b6e8a30 sp=0x39391b6e8a10 pc=0x48eaee
runtime.selectgo(0x39391b6e8f78, 0x39391b6e8d68, 0x103000102010302?, 0x0, 0x201010102020200?, 0x1)
	runtime/select.go:351 +0xaa5 fp=0x39391b6e8b60 sp=0x39391b6e8a30 pc=0x46a9a5
github.com/minio/minio/cmd.(*ReplicationPool).AddWorker(0x39391b44c000, 0x39391b47c2a0, 0x39391b44c000)
	github.com/minio/minio/cmd/bucket-replication.go:1985 +0xb3 fp=0x39391b6e8fb8 sp=0x39391b6e8b60 pc=0x27751f3
github.com/minio/minio/cmd.(*ReplicationPool).ResizeWorkers.gowrap2()
	github.com/minio/minio/cmd/bucket-replication.go:2112 +0x1f fp=0x39391b6e8fe0 sp=0x39391b6e8fb8 pc=0x277615f
runtime.goexit({})
	runtime/asm_amd64.s:1771 +0x1 fp=0x39391b6e8fe8 sp=0x39391b6e8fe0 pc=0x4966c1
created by github.com/minio/minio/cmd.(*ReplicationPool).ResizeWorkers in goroutine 200
	github.com/minio/minio/cmd/bucket-replication.go:2112 +0xd2

goroutine 317 gp=0x39391b47b680 m=nil [select, 255 minutes]:
runtime.gopark(0x39391b46af78?, 0x2?, 0x0?, 0x3?, 0x39391b46ad6c?)
	runtime/proc.go:462 +0xce fp=0x39391b46aa30 sp=0x39391b46aa10 pc=0x48eaee
runtime.selectgo(0x39391b46af78, 0x39391b46ad68, 0x1030301030300?, 0x0, 0x2020002030000?, 0x1)
	runtime/select.go:351 +0xaa5 fp=0x39391b46ab60 sp=0x39391b46aa30 pc=0x46a9a5
github.com/minio/minio/cmd.(*ReplicationPool).AddWorker(0x39391b44c000, 0x39391b47c310, 0x39391b44c000)
	github.com/minio/minio/cmd/bucket-replication.go:1985 +0xb3 fp=0x39391b46afb8 sp=0x39391b46ab60 pc=0x27751f3
github.com/minio/minio/cmd.(*ReplicationPool).ResizeWorkers.gowrap2()
	github.com/minio/minio/cmd/bucket-replication.go:2112 +0x1f fp=0x39391b46afe0 sp=0x39391b46afb8 pc=0x277615f
runtime.goexit({})
	runtime/asm_amd64.s:1771 +0x1 fp=0x39391b46afe8 sp=0x39391b46afe0 pc=0x4966c1
created by github.com/minio/minio/cmd.(*ReplicationPool).ResizeWorkers in goroutine 200
	github.com/minio/minio/cmd/bucket-replication.go:2112 +0xd2

goroutine 318 gp=0x39391b47b860 m=nil [select, 255 minutes]:
runtime.gopark(0x39391b6edf78?, 0x3?, 0x3?, 0x2?, 0x39391b6edd6a?)
	runtime/proc.go:462 +0xce fp=0x39391b6eda28 sp=0x39391b6eda08 pc=0x48eaee
runtime.selectgo(0x39391b6edf78, 0x39391b6edd64, 0x202030301030303?, 0x0, 0x200020301030101?, 0x1)
	runtime/select.go:351 +0xaa5 fp=0x39391b6edb58 sp=0x39391b6eda28 pc=0x46a9a5
github.com/minio/minio/cmd.(*ReplicationPool).AddMRFWorker(0x39391b44c000)
	github.com/minio/minio/cmd/bucket-replication.go:1956 +0xbe fp=0x39391b6edfc8 sp=0x39391b6edb58 pc=0x2774e5e
github.com/minio/minio/cmd.(*ReplicationPool).ResizeFailedWorkers.gowrap2()
	github.com/minio/minio/cmd/bucket-replication.go:2167 +0x17 fp=0x39391b6edfe0 sp=0x39391b6edfc8 pc=0x2776537
runtime.goexit({})
	runtime/asm_amd64.s:1771 +0x1 fp=0x39391b6edfe8 sp=0x39391b6edfe0 pc=0x4966c1
created by github.com/minio/minio/cmd.(*ReplicationPool).ResizeFailedWorkers in goroutine 200
	github.com/minio/minio/cmd/bucket-replication.go:2167 +0x68

goroutine 319 gp=0x39391b47ba40 m=nil [select, 255 minutes]:
runtime.gopark(0x39391b6f1f78?, 0x3?, 0x2?, 0x1?, 0x39391b6f1d6a?)
	runtime/proc.go:462 +0xce fp=0x39391b6f1a28 sp=0x39391b6f1a08 pc=0x48eaee
runtime.selectgo(0x39391b6f1f78, 0x39391b6f1d64, 0x102020101010002?, 0x0, 0x102030101020100?, 0x1)
	runtime/select.go:351 +0xaa5 fp=0x39391b6f1b58 sp=0x39391b6f1a28 pc=0x46a9a5
github.com/minio/minio/cmd.(*ReplicationPool).AddMRFWorker(0x39391b44c000)
	github.com/minio/minio/cmd/bucket-replication.go:1956 +0xbe fp=0x39391b6f1fc8 sp=0x39391b6f1b58 pc=0x2774e5e
github.com/minio/minio/cmd.(*ReplicationPool).ResizeFailedWorkers.gowrap2()
	github.com/minio/minio/cmd/bucket-replication.go:2167 +0x17 fp=0x39391b6f1fe0 sp=0x39391b6f1fc8 pc=0x2776537
runtime.goexit({})
	runtime/asm_amd64.s:1771 +0x1 fp=0x39391b6f1fe8 sp=0x39391b6f1fe0 pc=0x4966c1
created by github.com/minio/minio/cmd.(*ReplicationPool).ResizeFailedWorkers in goroutine 200
	github.com/minio/minio/cmd/bucket-replication.go:2167 +0x68

goroutine 320 gp=0x39391b47bc20 m=nil [select, 255 minutes]:
runtime.gopark(0x39391b6e2f78?, 0x3?, 0x0?, 0x2?, 0x39391b6e2d6a?)
	runtime/proc.go:462 +0xce fp=0x39391b6e2a28 sp=0x39391b6e2a08 pc=0x48eaee
runtime.selectgo(0x39391b6e2f78, 0x39391b6e2d64, 0x303010301010100?, 0x0, 0x102010202010203?, 0x1)
	runtime/select.go:351 +0xaa5 fp=0x39391b6e2b58 sp=0x39391b6e2a28 pc=0x46a9a5
github.com/minio/minio/cmd.(*ReplicationPool).AddMRFWorker(0x39391b44c000)
	github.com/minio/minio/cmd/bucket-replication.go:1956 +0xbe fp=0x39391b6e2fc8 sp=0x39391b6e2b58 pc=0x2774e5e
github.com/minio/minio/cmd.(*ReplicationPool).ResizeFailedWorkers.gowrap2()
	github.com/minio/minio/cmd/bucket-replication.go:2167 +0x17 fp=0x39391b6e2fe0 sp=0x39391b6e2fc8 pc=0x2776537
runtime.goexit({})
	runtime/asm_amd64.s:1771 +0x1 fp=0x39391b6e2fe8 sp=0x39391b6e2fe0 pc=0x4966c1
created by github.com/minio/minio/cmd.(*ReplicationPool).ResizeFailedWorkers in goroutine 200
	github.com/minio/minio/cmd/bucket-replication.go:2167 +0x68

goroutine 321 gp=0x39391b47e000 m=nil [select, 255 minutes]:
runtime.gopark(0x39391b6eef78?, 0x3?, 0x0?, 0x1?, 0x39391b6eed6a?)
	runtime/proc.go:462 +0xce fp=0x39391b6eea28 sp=0x39391b6eea08 pc=0x48eaee
runtime.selectgo(0x39391b6eef78, 0x39391b6eed64, 0x1020303000002?, 0x0, 0x303030302020200?, 0x1)
	runtime/select.go:351 +0xaa5 fp=0x39391b6eeb58 sp=0x39391b6eea28 pc=0x46a9a5
github.com/minio/minio/cmd.(*ReplicationPool).AddMRFWorker(0x39391b44c000)
	github.com/minio/minio/cmd/bucket-replication.go:1956 +0xbe fp=0x39391b6eefc8 sp=0x39391b6eeb58 pc=0x2774e5e
github.com/minio/minio/cmd.(*ReplicationPool).ResizeFailedWorkers.gowrap2()
	github.com/minio/minio/cmd/bucket-replication.go:2167 +0x17 fp=0x39391b6eefe0 sp=0x39391b6eefc8 pc=0x2776537
runtime.goexit({})
	runtime/asm_amd64.s:1771 +0x1 fp=0x39391b6eefe8 sp=0x39391b6eefe0 pc=0x4966c1
created by github.com/minio/minio/cmd.(*ReplicationPool).ResizeFailedWorkers in goroutine 200
	github.com/minio/minio/cmd/bucket-replication.go:2167 +0x68

goroutine 322 gp=0x39391b47e1e0 m=nil [select]:
runtime.gopark(0x39391b6e3d28?, 0x2?, 0x2?, 0x0?, 0x39391b6e3bdc?)
	runtime/proc.go:462 +0xce fp=0x39391b6e3a40 sp=0x39391b6e3a20 pc=0x48eaee
runtime.selectgo(0x39391b6e3d28, 0x39391b6e3bd8, 0x39391b6e3f30?, 0x0, 0x2020200000302?, 0x1)
	runtime/select.go:351 +0xaa5 fp=0x39391b6e3b70 sp=0x39391b6e3a40 pc=0x46a9a5
github.com/minio/minio/cmd.(*replicationResyncer).PersistToDisk(0x393919feac80, {0x4baa390, 0x39391a6f8c80}, {0x4bf6ec8, 0x39391b3b7a40})
	github.com/minio/minio/cmd/bucket-replication.go:2789 +0x199 fp=0x39391b6e3fa8 sp=0x39391b6e3b70 pc=0x277c719
github.com/minio/minio/cmd.NewReplicationPool.gowrap1()
	github.com/minio/minio/cmd/bucket-replication.go:1946 +0x27 fp=0x39391b6e3fe0 sp=0x39391b6e3fa8 pc=0x2774d87
runtime.goexit({})
	runtime/asm_amd64.s:1771 +0x1 fp=0x39391b6e3fe8 sp=0x39391b6e3fe0 pc=0x4966c1
created by github.com/minio/minio/cmd.NewReplicationPool in goroutine 200
	github.com/minio/minio/cmd/bucket-replication.go:1946 +0x50e

goroutine 323 gp=0x39391b47e3c0 m=nil [select, 3 minutes]:
runtime.gopark(0x39391a277f80?, 0x2?, 0x12?, 0x3?, 0x39391a277cac?)
	runtime/proc.go:462 +0xce fp=0x39391b42db28 sp=0x39391b42db08 pc=0x48eaee
runtime.selectgo(0x39391b42df80, 0x39391a277ca8, 0x39391a6f8c80?, 0x0, 0x0?, 0x1)
	runtime/select.go:351 +0xaa5 fp=0x39391b42dc58 sp=0x39391b42db28 pc=0x46a9a5
github.com/minio/minio/cmd.(*ReplicationPool).processMRF(0x39391b44c000)
	github.com/minio/minio/cmd/bucket-replication.go:3687 +0x105 fp=0x39391b42dfc8 sp=0x39391b42dc58 pc=0x2785c45
github.com/minio/minio/cmd.NewReplicationPool.gowrap2()
	github.com/minio/minio/cmd/bucket-replication.go:1947 +0x17 fp=0x39391b42dfe0 sp=0x39391b42dfc8 pc=0x2774d37
runtime.goexit({})
	runtime/asm_amd64.s:1771 +0x1 fp=0x39391b42dfe8 sp=0x39391b42dfe0 pc=0x4966c1
created by github.com/minio/minio/cmd.NewReplicationPool in goroutine 200
	github.com/minio/minio/cmd/bucket-replication.go:1947 +0x54a

goroutine 324 gp=0x39391b47e5a0 m=nil [select]:
runtime.gopark(0x39391b45c718?, 0x3?, 0x3?, 0x0?, 0x39391b45c6b2?)
	runtime/proc.go:462 +0xce fp=0x39391b45c548 sp=0x39391b45c528 pc=0x48eaee
runtime.selectgo(0x39391b45c718, 0x39391b45c6ac, 0x301020301010301?, 0x0, 0x102010101010000?, 0x1)
	runtime/select.go:351 +0xaa5 fp=0x39391b45c678 sp=0x39391b45c548 pc=0x46a9a5
github.com/minio/minio/cmd.(*ReplicationPool).persistMRF(0x39391b44c000)
	github.com/minio/minio/cmd/bucket-replication.go:3517 +0x17e fp=0x39391b45c7c8 sp=0x39391b45c678 pc=0x27844be
github.com/minio/minio/cmd.NewReplicationPool.gowrap3()
	github.com/minio/minio/cmd/bucket-replication.go:1948 +0x17 fp=0x39391b45c7e0 sp=0x39391b45c7c8 pc=0x2774cf7
runtime.goexit({})
	runtime/asm_amd64.s:1771 +0x1 fp=0x39391b45c7e8 sp=0x39391b45c7e0 pc=0x4966c1
created by github.com/minio/minio/cmd.NewReplicationPool in goroutine 200
	github.com/minio/minio/cmd/bucket-replication.go:1948 +0x586

goroutine 325 gp=0x39391b47e780 m=nil [select]:
runtime.gopark(0x39391b45df98?, 0x2?, 0x2?, 0x0?, 0x39391b45df8c?)
	runtime/proc.go:462 +0xce fp=0x39391b45de28 sp=0x39391b45de08 pc=0x48eaee
runtime.selectgo(0x39391b45df98, 0x39391b45df88, 0x0?, 0x0, 0x2?, 0x1)
	runtime/select.go:351 +0xaa5 fp=0x39391b45df58 sp=0x39391b45de28 pc=0x46a9a5
github.com/minio/minio/cmd.(*ReplicationStats).trackEWMA(0x39391b446000)
	github.com/minio/minio/cmd/bucket-replication-stats.go:68 +0x88 fp=0x39391b45dfc8 sp=0x39391b45df58 pc=0x274b568
github.com/minio/minio/cmd.initBackgroundReplication.gowrap1()
	github.com/minio/minio/cmd/bucket-replication.go:2324 +0x17 fp=0x39391b45dfe0 sp=0x39391b45dfc8 pc=0x2777a17
runtime.goexit({})
	runtime/asm_amd64.s:1771 +0x1 fp=0x39391b45dfe8 sp=0x39391b45dfe0 pc=0x4966c1
created by github.com/minio/minio/cmd.initBackgroundReplication in goroutine 200
	github.com/minio/minio/cmd/bucket-replication.go:2324 +0xe6

goroutine 326 gp=0x39391b47e960 m=nil [select, 255 minutes]:
runtime.gopark(0x39391a23bf78?, 0x2?, 0x54?, 0x56?, 0x39391a23b7cc?)
	runtime/proc.go:462 +0xce fp=0x39391a23b170 sp=0x39391a23b150 pc=0x48eaee
runtime.selectgo(0x39391a23bf78, 0x39391a23b7c8, 0x39391a23b2e8?, 0x0, 0x4b6c780?, 0x1)
	runtime/select.go:351 +0xaa5 fp=0x39391a23b2a0 sp=0x39391a23b170 pc=0x46a9a5
github.com/minio/minio/cmd.(*expiryState).Worker(0x39391bf783c0, 0x39391b47c380)
	github.com/minio/minio/cmd/bucket-lifecycle.go:335 +0xab fp=0x39391a23bfc0 sp=0x39391a23b2a0 pc=0x2718c2b
github.com/minio/minio/cmd.(*expiryState).ResizeWorkers.gowrap2()
	github.com/minio/minio/cmd/bucket-lifecycle.go:313 +0x1b fp=0x39391a23bfe0 sp=0x39391a23bfc0 pc=0x2718b1b
runtime.goexit({})
	runtime/asm_amd64.s:1771 +0x1 fp=0x39391a23bfe8 sp=0x39391a23bfe0 pc=0x4966c1
created by github.com/minio/minio/cmd.(*expiryState).ResizeWorkers in goroutine 200
	github.com/minio/minio/cmd/bucket-lifecycle.go:313 +0x1ce

goroutine 327 gp=0x39391b47eb40 m=nil [select, 255 minutes]:
runtime.gopark(0x39391a237f78?, 0x2?, 0x8?, 0xe0?, 0x39391a2377cc?)
	runtime/proc.go:462 +0xce fp=0x39391a237170 sp=0x39391a237150 pc=0x48eaee
runtime.selectgo(0x39391a237f78, 0x39391a2377c8, 0x39391a237340?, 0x0, 0x39391a2372d8?, 0x1)
	runtime/select.go:351 +0xaa5 fp=0x39391a2372a0 sp=0x39391a237170 pc=0x46a9a5
github.com/minio/minio/cmd.(*expiryState).Worker(0x39391bf783c0, 0x39391b47c3f0)
	github.com/minio/minio/cmd/bucket-lifecycle.go:335 +0xab fp=0x39391a237fc0 sp=0x39391a2372a0 pc=0x2718c2b
github.com/minio/minio/cmd.(*expiryState).ResizeWorkers.gowrap2()
	github.com/minio/minio/cmd/bucket-lifecycle.go:313 +0x1b fp=0x39391a237fe0 sp=0x39391a237fc0 pc=0x2718b1b
runtime.goexit({})
	runtime/asm_amd64.s:1771 +0x1 fp=0x39391a237fe8 sp=0x39391a237fe0 pc=0x4966c1
created by github.com/minio/minio/cmd.(*expiryState).ResizeWorkers in goroutine 200
	github.com/minio/minio/cmd/bucket-lifecycle.go:313 +0x1ce

goroutine 328 gp=0x39391b47ed20 m=nil [select, 255 minutes]:
runtime.gopark(0x39391b781f78?, 0x2?, 0x0?, 0x2?, 0x39391b7817cc?)
	runtime/proc.go:462 +0xce fp=0x39391b781170 sp=0x39391b781150 pc=0x48eaee
runtime.selectgo(0x39391b781f78, 0x39391b7817c8, 0x102030003030301?, 0x0, 0x100030102010002?, 0x1)
	runtime/select.go:351 +0xaa5 fp=0x39391b7812a0 sp=0x39391b781170 pc=0x46a9a5
github.com/minio/minio/cmd.(*expiryState).Worker(0x39391bf783c0, 0x39391b47c460)
	github.com/minio/minio/cmd/bucket-lifecycle.go:335 +0xab fp=0x39391b781fc0 sp=0x39391b7812a0 pc=0x2718c2b
github.com/minio/minio/cmd.(*expiryState).ResizeWorkers.gowrap2()
	github.com/minio/minio/cmd/bucket-lifecycle.go:313 +0x1b fp=0x39391b781fe0 sp=0x39391b781fc0 pc=0x2718b1b
runtime.goexit({})
	runtime/asm_amd64.s:1771 +0x1 fp=0x39391b781fe8 sp=0x39391b781fe0 pc=0x4966c1
created by github.com/minio/minio/cmd.(*expiryState).ResizeWorkers in goroutine 200
	github.com/minio/minio/cmd/bucket-lifecycle.go:313 +0x1ce

goroutine 329 gp=0x39391b47ef00 m=nil [select, 255 minutes]:
runtime.gopark(0x39391b783f78?, 0x2?, 0x1?, 0x0?, 0x39391b7837cc?)
	runtime/proc.go:462 +0xce fp=0x39391b783170 sp=0x39391b783150 pc=0x48eaee
runtime.selectgo(0x39391b783f78, 0x39391b7837c8, 0x102030001020003?, 0x0, 0x202020302020202?, 0x1)
	runtime/select.go:351 +0xaa5 fp=0x39391b7832a0 sp=0x39391b783170 pc=0x46a9a5
github.com/minio/minio/cmd.(*expiryState).Worker(0x39391bf783c0, 0x39391b47c4d0)
	github.com/minio/minio/cmd/bucket-lifecycle.go:335 +0xab fp=0x39391b783fc0 sp=0x39391b7832a0 pc=0x2718c2b
github.com/minio/minio/cmd.(*expiryState).ResizeWorkers.gowrap2()
	github.com/minio/minio/cmd/bucket-lifecycle.go:313 +0x1b fp=0x39391b783fe0 sp=0x39391b783fc0 pc=0x2718b1b
runtime.goexit({})
	runtime/asm_amd64.s:1771 +0x1 fp=0x39391b783fe8 sp=0x39391b783fe0 pc=0x4966c1
created by github.com/minio/minio/cmd.(*expiryState).ResizeWorkers in goroutine 200
	github.com/minio/minio/cmd/bucket-lifecycle.go:313 +0x1ce

goroutine 330 gp=0x39391b47f0e0 m=nil [select, 255 minutes]:
runtime.gopark(0x39391b6f9f78?, 0x2?, 0x3?, 0x1?, 0x39391b6f97cc?)
	runtime/proc.go:462 +0xce fp=0x39391b6f9170 sp=0x39391b6f9150 pc=0x48eaee
runtime.selectgo(0x39391b6f9f78, 0x39391b6f97c8, 0x203010302020203?, 0x0, 0x302020001020003?, 0x1)
	runtime/select.go:351 +0xaa5 fp=0x39391b6f92a0 sp=0x39391b6f9170 pc=0x46a9a5
github.com/minio/minio/cmd.(*expiryState).Worker(0x39391bf783c0, 0x39391b47c540)
	github.com/minio/minio/cmd/bucket-lifecycle.go:335 +0xab fp=0x39391b6f9fc0 sp=0x39391b6f92a0 pc=0x2718c2b
github.com/minio/minio/cmd.(*expiryState).ResizeWorkers.gowrap2()
	github.com/minio/minio/cmd/bucket-lifecycle.go:313 +0x1b fp=0x39391b6f9fe0 sp=0x39391b6f9fc0 pc=0x2718b1b
runtime.goexit({})
	runtime/asm_amd64.s:1771 +0x1 fp=0x39391b6f9fe8 sp=0x39391b6f9fe0 pc=0x4966c1
created by github.com/minio/minio/cmd.(*expiryState).ResizeWorkers in goroutine 200
	github.com/minio/minio/cmd/bucket-lifecycle.go:313 +0x1ce

goroutine 331 gp=0x39391b47f2c0 m=nil [select, 255 minutes]:
runtime.gopark(0x39391b6fbf78?, 0x2?, 0x0?, 0x3?, 0x39391b6fb7cc?)
	runtime/proc.go:462 +0xce fp=0x39391b6fb170 sp=0x39391b6fb150 pc=0x48eaee
runtime.selectgo(0x39391b6fbf78, 0x39391b6fb7c8, 0x3020003010001?, 0x0, 0x201030300030200?, 0x1)
	runtime/select.go:351 +0xaa5 fp=0x39391b6fb2a0 sp=0x39391b6fb170 pc=0x46a9a5
github.com/minio/minio/cmd.(*expiryState).Worker(0x39391bf783c0, 0x39391b47c5b0)
	github.com/minio/minio/cmd/bucket-lifecycle.go:335 +0xab fp=0x39391b6fbfc0 sp=0x39391b6fb2a0 pc=0x2718c2b
github.com/minio/minio/cmd.(*expiryState).ResizeWorkers.gowrap2()
	github.com/minio/minio/cmd/bucket-lifecycle.go:313 +0x1b fp=0x39391b6fbfe0 sp=0x39391b6fbfc0 pc=0x2718b1b
runtime.goexit({})
	runtime/asm_amd64.s:1771 +0x1 fp=0x39391b6fbfe8 sp=0x39391b6fbfe0 pc=0x4966c1
created by github.com/minio/minio/cmd.(*expiryState).ResizeWorkers in goroutine 200
	github.com/minio/minio/cmd/bucket-lifecycle.go:313 +0x1ce

goroutine 332 gp=0x39391b47f4a0 m=nil [select, 255 minutes]:
runtime.gopark(0x39391b6f5f78?, 0x2?, 0x3?, 0x0?, 0x39391b6f57cc?)
	runtime/proc.go:462 +0xce fp=0x39391b6f5170 sp=0x39391b6f5150 pc=0x48eaee
runtime.selectgo(0x39391b6f5f78, 0x39391b6f57c8, 0x301030102020302?, 0x0, 0x302020203010001?, 0x1)
	runtime/select.go:351 +0xaa5 fp=0x39391b6f52a0 sp=0x39391b6f5170 pc=0x46a9a5
github.com/minio/minio/cmd.(*expiryState).Worker(0x39391bf783c0, 0x39391b47c620)
	github.com/minio/minio/cmd/bucket-lifecycle.go:335 +0xab fp=0x39391b6f5fc0 sp=0x39391b6f52a0 pc=0x2718c2b
github.com/minio/minio/cmd.(*expiryState).ResizeWorkers.gowrap2()
	github.com/minio/minio/cmd/bucket-lifecycle.go:313 +0x1b fp=0x39391b6f5fe0 sp=0x39391b6f5fc0 pc=0x2718b1b
runtime.goexit({})
	runtime/asm_amd64.s:1771 +0x1 fp=0x39391b6f5fe8 sp=0x39391b6f5fe0 pc=0x4966c1
created by github.com/minio/minio/cmd.(*expiryState).ResizeWorkers in goroutine 200
	github.com/minio/minio/cmd/bucket-lifecycle.go:313 +0x1ce

goroutine 333 gp=0x39391b47f680 m=nil [select, 255 minutes]:
runtime.gopark(0x39391b6f7f78?, 0x2?, 0x3?, 0x0?, 0x39391b6f77cc?)
	runtime/proc.go:462 +0xce fp=0x39391b6f7170 sp=0x39391b6f7150 pc=0x48eaee
runtime.selectgo(0x39391b6f7f78, 0x39391b6f77c8, 0x200030001030102?, 0x0, 0x202020000020002?, 0x1)
	runtime/select.go:351 +0xaa5 fp=0x39391b6f72a0 sp=0x39391b6f7170 pc=0x46a9a5
github.com/minio/minio/cmd.(*expiryState).Worker(0x39391bf783c0, 0x39391b47c690)
	github.com/minio/minio/cmd/bucket-lifecycle.go:335 +0xab fp=0x39391b6f7fc0 sp=0x39391b6f72a0 pc=0x2718c2b
github.com/minio/minio/cmd.(*expiryState).ResizeWorkers.gowrap2()
	github.com/minio/minio/cmd/bucket-lifecycle.go:313 +0x1b fp=0x39391b6f7fe0 sp=0x39391b6f7fc0 pc=0x2718b1b
runtime.goexit({})
	runtime/asm_amd64.s:1771 +0x1 fp=0x39391b6f7fe8 sp=0x39391b6f7fe0 pc=0x4966c1
created by github.com/minio/minio/cmd.(*expiryState).ResizeWorkers in goroutine 200
	github.com/minio/minio/cmd/bucket-lifecycle.go:313 +0x1ce

goroutine 334 gp=0x39391b47f860 m=nil [select, 255 minutes]:
runtime.gopark(0x39391cde9f78?, 0x2?, 0x1?, 0x0?, 0x39391cde97cc?)
	runtime/proc.go:462 +0xce fp=0x39391cde9170 sp=0x39391cde9150 pc=0x48eaee
runtime.selectgo(0x39391cde9f78, 0x39391cde97c8, 0x200030202030200?, 0x0, 0x200020303010202?, 0x1)
	runtime/select.go:351 +0xaa5 fp=0x39391cde92a0 sp=0x39391cde9170 pc=0x46a9a5
github.com/minio/minio/cmd.(*expiryState).Worker(0x39391bf783c0, 0x39391b47c700)
	github.com/minio/minio/cmd/bucket-lifecycle.go:335 +0xab fp=0x39391cde9fc0 sp=0x39391cde92a0 pc=0x2718c2b
github.com/minio/minio/cmd.(*expiryState).ResizeWorkers.gowrap2()
	github.com/minio/minio/cmd/bucket-lifecycle.go:313 +0x1b fp=0x39391cde9fe0 sp=0x39391cde9fc0 pc=0x2718b1b
runtime.goexit({})
	runtime/asm_amd64.s:1771 +0x1 fp=0x39391cde9fe8 sp=0x39391cde9fe0 pc=0x4966c1
created by github.com/minio/minio/cmd.(*expiryState).ResizeWorkers in goroutine 200
	github.com/minio/minio/cmd/bucket-lifecycle.go:313 +0x1ce

goroutine 335 gp=0x39391b47fa40 m=nil [select, 255 minutes]:
runtime.gopark(0x39391cdebf78?, 0x2?, 0x0?, 0x2?, 0x39391cdeb7cc?)
	runtime/proc.go:462 +0xce fp=0x39391cdeb170 sp=0x39391cdeb150 pc=0x48eaee
runtime.selectgo(0x39391cdebf78, 0x39391cdeb7c8, 0x300020201020300?, 0x0, 0x301010001000303?, 0x1)
	runtime/select.go:351 +0xaa5 fp=0x39391cdeb2a0 sp=0x39391cdeb170 pc=0x46a9a5
github.com/minio/minio/cmd.(*expiryState).Worker(0x39391bf783c0, 0x39391b47c770)
	github.com/minio/minio/cmd/bucket-lifecycle.go:335 +0xab fp=0x39391cdebfc0 sp=0x39391cdeb2a0 pc=0x2718c2b
github.com/minio/minio/cmd.(*expiryState).ResizeWorkers.gowrap2()
	github.com/minio/minio/cmd/bucket-lifecycle.go:313 +0x1b fp=0x39391cdebfe0 sp=0x39391cdebfc0 pc=0x2718b1b
runtime.goexit({})
	runtime/asm_amd64.s:1771 +0x1 fp=0x39391cdebfe8 sp=0x39391cdebfe0 pc=0x4966c1
created by github.com/minio/minio/cmd.(*expiryState).ResizeWorkers in goroutine 200
	github.com/minio/minio/cmd/bucket-lifecycle.go:313 +0x1ce

goroutine 336 gp=0x39391b47fc20 m=nil [select, 255 minutes]:
runtime.gopark(0x39391cde5f78?, 0x2?, 0x1?, 0x1?, 0x39391cde57cc?)
	runtime/proc.go:462 +0xce fp=0x39391cde5170 sp=0x39391cde5150 pc=0x48eaee
runtime.selectgo(0x39391cde5f78, 0x39391cde57c8, 0x300000102000102?, 0x0, 0x101000300030302?, 0x1)
	runtime/select.go:351 +0xaa5 fp=0x39391cde52a0 sp=0x39391cde5170 pc=0x46a9a5
github.com/minio/minio/cmd.(*expiryState).Worker(0x39391bf783c0, 0x39391b47c7e0)
	github.com/minio/minio/cmd/bucket-lifecycle.go:335 +0xab fp=0x39391cde5fc0 sp=0x39391cde52a0 pc=0x2718c2b
github.com/minio/minio/cmd.(*expiryState).ResizeWorkers.gowrap2()
	github.com/minio/minio/cmd/bucket-lifecycle.go:313 +0x1b fp=0x39391cde5fe0 sp=0x39391cde5fc0 pc=0x2718b1b
runtime.goexit({})
	runtime/asm_amd64.s:1771 +0x1 fp=0x39391cde5fe8 sp=0x39391cde5fe0 pc=0x4966c1
created by github.com/minio/minio/cmd.(*expiryState).ResizeWorkers in goroutine 200
	github.com/minio/minio/cmd/bucket-lifecycle.go:313 +0x1ce

goroutine 337 gp=0x39391bf52000 m=nil [select, 255 minutes]:
runtime.gopark(0x39391cde7f78?, 0x2?, 0x3?, 0x0?, 0x39391cde77cc?)
	runtime/proc.go:462 +0xce fp=0x39391cde7170 sp=0x39391cde7150 pc=0x48eaee
runtime.selectgo(0x39391cde7f78, 0x39391cde77c8, 0x200010303000002?, 0x0, 0x2030202000303?, 0x1)
	runtime/select.go:351 +0xaa5 fp=0x39391cde72a0 sp=0x39391cde7170 pc=0x46a9a5
github.com/minio/minio/cmd.(*expiryState).Worker(0x39391bf783c0, 0x39391b47c850)
	github.com/minio/minio/cmd/bucket-lifecycle.go:335 +0xab fp=0x39391cde7fc0 sp=0x39391cde72a0 pc=0x2718c2b
github.com/minio/minio/cmd.(*expiryState).ResizeWorkers.gowrap2()
	github.com/minio/minio/cmd/bucket-lifecycle.go:313 +0x1b fp=0x39391cde7fe0 sp=0x39391cde7fc0 pc=0x2718b1b
runtime.goexit({})
	runtime/asm_amd64.s:1771 +0x1 fp=0x39391cde7fe8 sp=0x39391cde7fe0 pc=0x4966c1
created by github.com/minio/minio/cmd.(*expiryState).ResizeWorkers in goroutine 200
	github.com/minio/minio/cmd/bucket-lifecycle.go:313 +0x1ce

goroutine 338 gp=0x39391bf521e0 m=nil [select, 255 minutes]:
runtime.gopark(0x39391cdf1f78?, 0x2?, 0x2?, 0x1?, 0x39391cdf17cc?)
	runtime/proc.go:462 +0xce fp=0x39391cdf1170 sp=0x39391cdf1150 pc=0x48eaee
runtime.selectgo(0x39391cdf1f78, 0x39391cdf17c8, 0x1010102010301?, 0x0, 0x201030302020202?, 0x1)
	runtime/select.go:351 +0xaa5 fp=0x39391cdf12a0 sp=0x39391cdf1170 pc=0x46a9a5
github.com/minio/minio/cmd.(*expiryState).Worker(0x39391bf783c0, 0x39391b47c8c0)
	github.com/minio/minio/cmd/bucket-lifecycle.go:335 +0xab fp=0x39391cdf1fc0 sp=0x39391cdf12a0 pc=0x2718c2b
github.com/minio/minio/cmd.(*expiryState).ResizeWorkers.gowrap2()
	github.com/minio/minio/cmd/bucket-lifecycle.go:313 +0x1b fp=0x39391cdf1fe0 sp=0x39391cdf1fc0 pc=0x2718b1b
runtime.goexit({})
	runtime/asm_amd64.s:1771 +0x1 fp=0x39391cdf1fe8 sp=0x39391cdf1fe0 pc=0x4966c1
created by github.com/minio/minio/cmd.(*expiryState).ResizeWorkers in goroutine 200
	github.com/minio/minio/cmd/bucket-lifecycle.go:313 +0x1ce

goroutine 339 gp=0x39391bf523c0 m=nil [select, 255 minutes]:
runtime.gopark(0x39391cdf3f78?, 0x2?, 0x1?, 0x2?, 0x39391cdf37cc?)
	runtime/proc.go:462 +0xce fp=0x39391cdf3170 sp=0x39391cdf3150 pc=0x48eaee
runtime.selectgo(0x39391cdf3f78, 0x39391cdf37c8, 0x302020100020202?, 0x0, 0x300030100020203?, 0x1)
	runtime/select.go:351 +0xaa5 fp=0x39391cdf32a0 sp=0x39391cdf3170 pc=0x46a9a5
github.com/minio/minio/cmd.(*expiryState).Worker(0x39391bf783c0, 0x39391b47c930)
	github.com/minio/minio/cmd/bucket-lifecycle.go:335 +0xab fp=0x39391cdf3fc0 sp=0x39391cdf32a0 pc=0x2718c2b
github.com/minio/minio/cmd.(*expiryState).ResizeWorkers.gowrap2()
	github.com/minio/minio/cmd/bucket-lifecycle.go:313 +0x1b fp=0x39391cdf3fe0 sp=0x39391cdf3fc0 pc=0x2718b1b
runtime.goexit({})
	runtime/asm_amd64.s:1771 +0x1 fp=0x39391cdf3fe8 sp=0x39391cdf3fe0 pc=0x4966c1
created by github.com/minio/minio/cmd.(*expiryState).ResizeWorkers in goroutine 200
	github.com/minio/minio/cmd/bucket-lifecycle.go:313 +0x1ce

goroutine 340 gp=0x39391bf525a0 m=nil [select, 255 minutes]:
runtime.gopark(0x39391cdedf78?, 0x2?, 0x1?, 0x2?, 0x39391cded7cc?)
	runtime/proc.go:462 +0xce fp=0x39391cded170 sp=0x39391cded150 pc=0x48eaee
runtime.selectgo(0x39391cdedf78, 0x39391cded7c8, 0x100010302000303?, 0x0, 0x300010202010200?, 0x1)
	runtime/select.go:351 +0xaa5 fp=0x39391cded2a0 sp=0x39391cded170 pc=0x46a9a5
github.com/minio/minio/cmd.(*expiryState).Worker(0x39391bf783c0, 0x39391b47c9a0)
	github.com/minio/minio/cmd/bucket-lifecycle.go:335 +0xab fp=0x39391cdedfc0 sp=0x39391cded2a0 pc=0x2718c2b
github.com/minio/minio/cmd.(*expiryState).ResizeWorkers.gowrap2()
	github.com/minio/minio/cmd/bucket-lifecycle.go:313 +0x1b fp=0x39391cdedfe0 sp=0x39391cdedfc0 pc=0x2718b1b
runtime.goexit({})
	runtime/asm_amd64.s:1771 +0x1 fp=0x39391cdedfe8 sp=0x39391cdedfe0 pc=0x4966c1
created by github.com/minio/minio/cmd.(*expiryState).ResizeWorkers in goroutine 200
	github.com/minio/minio/cmd/bucket-lifecycle.go:313 +0x1ce

goroutine 341 gp=0x39391bf52780 m=nil [select, 255 minutes]:
runtime.gopark(0x39391cdeff78?, 0x2?, 0x3?, 0x2?, 0x39391cdef7cc?)
	runtime/proc.go:462 +0xce fp=0x39391cdef170 sp=0x39391cdef150 pc=0x48eaee
runtime.selectgo(0x39391cdeff78, 0x39391cdef7c8, 0x101010303010302?, 0x0, 0x200030301010300?, 0x1)
	runtime/select.go:351 +0xaa5 fp=0x39391cdef2a0 sp=0x39391cdef170 pc=0x46a9a5
github.com/minio/minio/cmd.(*expiryState).Worker(0x39391bf783c0, 0x39391b47ca10)
	github.com/minio/minio/cmd/bucket-lifecycle.go:335 +0xab fp=0x39391cdeffc0 sp=0x39391cdef2a0 pc=0x2718c2b
github.com/minio/minio/cmd.(*expiryState).ResizeWorkers.gowrap2()
	github.com/minio/minio/cmd/bucket-lifecycle.go:313 +0x1b fp=0x39391cdeffe0 sp=0x39391cdeffc0 pc=0x2718b1b
runtime.goexit({})
	runtime/asm_amd64.s:1771 +0x1 fp=0x39391cdeffe8 sp=0x39391cdeffe0 pc=0x4966c1
created by github.com/minio/minio/cmd.(*expiryState).ResizeWorkers in goroutine 200
	github.com/minio/minio/cmd/bucket-lifecycle.go:313 +0x1ce

goroutine 342 gp=0x39391bf52960 m=nil [select, 255 minutes]:
runtime.gopark(0x3939255a3f78?, 0x2?, 0x0?, 0x0?, 0x3939255a37cc?)
	runtime/proc.go:462 +0xce fp=0x3939255a3170 sp=0x3939255a3150 pc=0x48eaee
runtime.selectgo(0x3939255a3f78, 0x3939255a37c8, 0x0?, 0x0, 0x0?, 0x1)
	runtime/select.go:351 +0xaa5 fp=0x3939255a32a0 sp=0x3939255a3170 pc=0x46a9a5
github.com/minio/minio/cmd.(*expiryState).Worker(0x39391bf783c0, 0x39391b47ca80)
	github.com/minio/minio/cmd/bucket-lifecycle.go:335 +0xab fp=0x3939255a3fc0 sp=0x3939255a32a0 pc=0x2718c2b
github.com/minio/minio/cmd.(*expiryState).ResizeWorkers.gowrap2()
	github.com/minio/minio/cmd/bucket-lifecycle.go:313 +0x1b fp=0x3939255a3fe0 sp=0x3939255a3fc0 pc=0x2718b1b
runtime.goexit({})
	runtime/asm_amd64.s:1771 +0x1 fp=0x3939255a3fe8 sp=0x3939255a3fe0 pc=0x4966c1
created by github.com/minio/minio/cmd.(*expiryState).ResizeWorkers in goroutine 200
	github.com/minio/minio/cmd/bucket-lifecycle.go:313 +0x1ce

goroutine 343 gp=0x39391bf52b40 m=nil [select, 255 minutes]:
runtime.gopark(0x3939255a5f78?, 0x2?, 0x0?, 0x0?, 0x3939255a57cc?)
	runtime/proc.go:462 +0xce fp=0x3939255a5170 sp=0x3939255a5150 pc=0x48eaee
runtime.selectgo(0x3939255a5f78, 0x3939255a57c8, 0x0?, 0x0, 0x0?, 0x1)
	runtime/select.go:351 +0xaa5 fp=0x3939255a52a0 sp=0x3939255a5170 pc=0x46a9a5
github.com/minio/minio/cmd.(*expiryState).Worker(0x39391bf783c0, 0x39391b47caf0)
	github.com/minio/minio/cmd/bucket-lifecycle.go:335 +0xab fp=0x3939255a5fc0 sp=0x3939255a52a0 pc=0x2718c2b
github.com/minio/minio/cmd.(*expiryState).ResizeWorkers.gowrap2()
	github.com/minio/minio/cmd/bucket-lifecycle.go:313 +0x1b fp=0x3939255a5fe0 sp=0x3939255a5fc0 pc=0x2718b1b
runtime.goexit({})
	runtime/asm_amd64.s:1771 +0x1 fp=0x3939255a5fe8 sp=0x3939255a5fe0 pc=0x4966c1
created by github.com/minio/minio/cmd.(*expiryState).ResizeWorkers in goroutine 200
	github.com/minio/minio/cmd/bucket-lifecycle.go:313 +0x1ce

goroutine 344 gp=0x39391bf52d20 m=nil [select, 255 minutes]:
runtime.gopark(0x39392559ff78?, 0x2?, 0x0?, 0x0?, 0x39392559f7cc?)
	runtime/proc.go:462 +0xce fp=0x39392559f170 sp=0x39392559f150 pc=0x48eaee
runtime.selectgo(0x39392559ff78, 0x39392559f7c8, 0x0?, 0x0, 0x0?, 0x1)
	runtime/select.go:351 +0xaa5 fp=0x39392559f2a0 sp=0x39392559f170 pc=0x46a9a5
github.com/minio/minio/cmd.(*expiryState).Worker(0x39391bf783c0, 0x39391b47cb60)
	github.com/minio/minio/cmd/bucket-lifecycle.go:335 +0xab fp=0x39392559ffc0 sp=0x39392559f2a0 pc=0x2718c2b
github.com/minio/minio/cmd.(*expiryState).ResizeWorkers.gowrap2()
	github.com/minio/minio/cmd/bucket-lifecycle.go:313 +0x1b fp=0x39392559ffe0 sp=0x39392559ffc0 pc=0x2718b1b
runtime.goexit({})
	runtime/asm_amd64.s:1771 +0x1 fp=0x39392559ffe8 sp=0x39392559ffe0 pc=0x4966c1
created by github.com/minio/minio/cmd.(*expiryState).ResizeWorkers in goroutine 200
	github.com/minio/minio/cmd/bucket-lifecycle.go:313 +0x1ce

goroutine 345 gp=0x39391bf52f00 m=nil [select, 255 minutes]:
runtime.gopark(0x3939255a1f78?, 0x2?, 0x0?, 0x0?, 0x3939255a17cc?)
	runtime/proc.go:462 +0xce fp=0x3939255a1170 sp=0x3939255a1150 pc=0x48eaee
runtime.selectgo(0x3939255a1f78, 0x3939255a17c8, 0x0?, 0x0, 0x0?, 0x1)
	runtime/select.go:351 +0xaa5 fp=0x3939255a12a0 sp=0x3939255a1170 pc=0x46a9a5
github.com/minio/minio/cmd.(*expiryState).Worker(0x39391bf783c0, 0x39391b47cbd0)
	github.com/minio/minio/cmd/bucket-lifecycle.go:335 +0xab fp=0x3939255a1fc0 sp=0x3939255a12a0 pc=0x2718c2b
github.com/minio/minio/cmd.(*expiryState).ResizeWorkers.gowrap2()
	github.com/minio/minio/cmd/bucket-lifecycle.go:313 +0x1b fp=0x3939255a1fe0 sp=0x3939255a1fc0 pc=0x2718b1b
runtime.goexit({})
	runtime/asm_amd64.s:1771 +0x1 fp=0x3939255a1fe8 sp=0x3939255a1fe0 pc=0x4966c1
created by github.com/minio/minio/cmd.(*expiryState).ResizeWorkers in goroutine 200
	github.com/minio/minio/cmd/bucket-lifecycle.go:313 +0x1ce

goroutine 346 gp=0x39391bf530e0 m=nil [select, 255 minutes]:
runtime.gopark(0x393925623f78?, 0x2?, 0x0?, 0x0?, 0x3939256237cc?)
	runtime/proc.go:462 +0xce fp=0x393925623170 sp=0x393925623150 pc=0x48eaee
runtime.selectgo(0x393925623f78, 0x3939256237c8, 0x0?, 0x0, 0x0?, 0x1)
	runtime/select.go:351 +0xaa5 fp=0x3939256232a0 sp=0x393925623170 pc=0x46a9a5
github.com/minio/minio/cmd.(*expiryState).Worker(0x39391bf783c0, 0x39391b47cc40)
	github.com/minio/minio/cmd/bucket-lifecycle.go:335 +0xab fp=0x393925623fc0 sp=0x3939256232a0 pc=0x2718c2b
github.com/minio/minio/cmd.(*expiryState).ResizeWorkers.gowrap2()
	github.com/minio/minio/cmd/bucket-lifecycle.go:313 +0x1b fp=0x393925623fe0 sp=0x393925623fc0 pc=0x2718b1b
runtime.goexit({})
	runtime/asm_amd64.s:1771 +0x1 fp=0x393925623fe8 sp=0x393925623fe0 pc=0x4966c1
created by github.com/minio/minio/cmd.(*expiryState).ResizeWorkers in goroutine 200
	github.com/minio/minio/cmd/bucket-lifecycle.go:313 +0x1ce

goroutine 347 gp=0x39391bf532c0 m=nil [select, 255 minutes]:
runtime.gopark(0x393925625f78?, 0x2?, 0x0?, 0x0?, 0x3939256257cc?)
	runtime/proc.go:462 +0xce fp=0x393925625170 sp=0x393925625150 pc=0x48eaee
runtime.selectgo(0x393925625f78, 0x3939256257c8, 0x0?, 0x0, 0x0?, 0x1)
	runtime/select.go:351 +0xaa5 fp=0x3939256252a0 sp=0x393925625170 pc=0x46a9a5
github.com/minio/minio/cmd.(*expiryState).Worker(0x39391bf783c0, 0x39391b47ccb0)
	github.com/minio/minio/cmd/bucket-lifecycle.go:335 +0xab fp=0x393925625fc0 sp=0x3939256252a0 pc=0x2718c2b
github.com/minio/minio/cmd.(*expiryState).ResizeWorkers.gowrap2()
	github.com/minio/minio/cmd/bucket-lifecycle.go:313 +0x1b fp=0x393925625fe0 sp=0x393925625fc0 pc=0x2718b1b
runtime.goexit({})
	runtime/asm_amd64.s:1771 +0x1 fp=0x393925625fe8 sp=0x393925625fe0 pc=0x4966c1
created by github.com/minio/minio/cmd.(*expiryState).ResizeWorkers in goroutine 200
	github.com/minio/minio/cmd/bucket-lifecycle.go:313 +0x1ce

goroutine 348 gp=0x39391bf534a0 m=nil [select, 255 minutes]:
runtime.gopark(0x39392561ff78?, 0x2?, 0x0?, 0x0?, 0x39392561f7cc?)
	runtime/proc.go:462 +0xce fp=0x39392561f170 sp=0x39392561f150 pc=0x48eaee
runtime.selectgo(0x39392561ff78, 0x39392561f7c8, 0x0?, 0x0, 0x0?, 0x1)
	runtime/select.go:351 +0xaa5 fp=0x39392561f2a0 sp=0x39392561f170 pc=0x46a9a5
github.com/minio/minio/cmd.(*expiryState).Worker(0x39391bf783c0, 0x39391b47cd20)
	github.com/minio/minio/cmd/bucket-lifecycle.go:335 +0xab fp=0x39392561ffc0 sp=0x39392561f2a0 pc=0x2718c2b
github.com/minio/minio/cmd.(*expiryState).ResizeWorkers.gowrap2()
	github.com/minio/minio/cmd/bucket-lifecycle.go:313 +0x1b fp=0x39392561ffe0 sp=0x39392561ffc0 pc=0x2718b1b
runtime.goexit({})
	runtime/asm_amd64.s:1771 +0x1 fp=0x39392561ffe8 sp=0x39392561ffe0 pc=0x4966c1
created by github.com/minio/minio/cmd.(*expiryState).ResizeWorkers in goroutine 200
	github.com/minio/minio/cmd/bucket-lifecycle.go:313 +0x1ce

goroutine 349 gp=0x39391bf53680 m=nil [select, 255 minutes]:
runtime.gopark(0x393925621f78?, 0x2?, 0x0?, 0x0?, 0x3939256217cc?)
	runtime/proc.go:462 +0xce fp=0x393925621170 sp=0x393925621150 pc=0x48eaee
runtime.selectgo(0x393925621f78, 0x3939256217c8, 0x0?, 0x0, 0x0?, 0x1)
	runtime/select.go:351 +0xaa5 fp=0x3939256212a0 sp=0x393925621170 pc=0x46a9a5
github.com/minio/minio/cmd.(*expiryState).Worker(0x39391bf783c0, 0x39391b47cd90)
	github.com/minio/minio/cmd/bucket-lifecycle.go:335 +0xab fp=0x393925621fc0 sp=0x3939256212a0 pc=0x2718c2b
github.com/minio/minio/cmd.(*expiryState).ResizeWorkers.gowrap2()
	github.com/minio/minio/cmd/bucket-lifecycle.go:313 +0x1b fp=0x393925621fe0 sp=0x393925621fc0 pc=0x2718b1b
runtime.goexit({})
	runtime/asm_amd64.s:1771 +0x1 fp=0x393925621fe8 sp=0x393925621fe0 pc=0x4966c1
created by github.com/minio/minio/cmd.(*expiryState).ResizeWorkers in goroutine 200
	github.com/minio/minio/cmd/bucket-lifecycle.go:313 +0x1ce

goroutine 350 gp=0x39391bf53860 m=nil [select, 255 minutes]:
runtime.gopark(0x39391a239f78?, 0x2?, 0x54?, 0x56?, 0x39391a2397cc?)
	runtime/proc.go:462 +0xce fp=0x39391a239170 sp=0x39391a239150 pc=0x48eaee
runtime.selectgo(0x39391a239f78, 0x39391a2397c8, 0x70?, 0x0, 0x425654?, 0x1)
	runtime/select.go:351 +0xaa5 fp=0x39391a2392a0 sp=0x39391a239170 pc=0x46a9a5
github.com/minio/minio/cmd.(*expiryState).Worker(0x39391bf783c0, 0x39391b47ce00)
	github.com/minio/minio/cmd/bucket-lifecycle.go:335 +0xab fp=0x39391a239fc0 sp=0x39391a2392a0 pc=0x2718c2b
github.com/minio/minio/cmd.(*expiryState).ResizeWorkers.gowrap2()
	github.com/minio/minio/cmd/bucket-lifecycle.go:313 +0x1b fp=0x39391a239fe0 sp=0x39391a239fc0 pc=0x2718b1b
runtime.goexit({})
	runtime/asm_amd64.s:1771 +0x1 fp=0x39391a239fe8 sp=0x39391a239fe0 pc=0x4966c1
created by github.com/minio/minio/cmd.(*expiryState).ResizeWorkers in goroutine 200
	github.com/minio/minio/cmd/bucket-lifecycle.go:313 +0x1ce

goroutine 351 gp=0x39391bf53a40 m=nil [select, 255 minutes]:
runtime.gopark(0x3939256cdf78?, 0x2?, 0x0?, 0x0?, 0x3939256cd7cc?)
	runtime/proc.go:462 +0xce fp=0x3939256cd170 sp=0x3939256cd150 pc=0x48eaee
runtime.selectgo(0x3939256cdf78, 0x3939256cd7c8, 0x0?, 0x0, 0x0?, 0x1)
	runtime/select.go:351 +0xaa5 fp=0x3939256cd2a0 sp=0x3939256cd170 pc=0x46a9a5
github.com/minio/minio/cmd.(*expiryState).Worker(0x39391bf783c0, 0x39391b47ce70)
	github.com/minio/minio/cmd/bucket-lifecycle.go:335 +0xab fp=0x3939256cdfc0 sp=0x3939256cd2a0 pc=0x2718c2b
github.com/minio/minio/cmd.(*expiryState).ResizeWorkers.gowrap2()
	github.com/minio/minio/cmd/bucket-lifecycle.go:313 +0x1b fp=0x3939256cdfe0 sp=0x3939256cdfc0 pc=0x2718b1b
runtime.goexit({})
	runtime/asm_amd64.s:1771 +0x1 fp=0x3939256cdfe8 sp=0x3939256cdfe0 pc=0x4966c1
created by github.com/minio/minio/cmd.(*expiryState).ResizeWorkers in goroutine 200
	github.com/minio/minio/cmd/bucket-lifecycle.go:313 +0x1ce

goroutine 352 gp=0x39391bf53c20 m=nil [select, 255 minutes]:
runtime.gopark(0x3939256c7f78?, 0x2?, 0x0?, 0x0?, 0x3939256c77cc?)
	runtime/proc.go:462 +0xce fp=0x3939256c7170 sp=0x3939256c7150 pc=0x48eaee
runtime.selectgo(0x3939256c7f78, 0x3939256c77c8, 0x0?, 0x0, 0x0?, 0x1)
	runtime/select.go:351 +0xaa5 fp=0x3939256c72a0 sp=0x3939256c7170 pc=0x46a9a5
github.com/minio/minio/cmd.(*expiryState).Worker(0x39391bf783c0, 0x39391b47cee0)
	github.com/minio/minio/cmd/bucket-lifecycle.go:335 +0xab fp=0x3939256c7fc0 sp=0x3939256c72a0 pc=0x2718c2b
github.com/minio/minio/cmd.(*expiryState).ResizeWorkers.gowrap2()
	github.com/minio/minio/cmd/bucket-lifecycle.go:313 +0x1b fp=0x3939256c7fe0 sp=0x3939256c7fc0 pc=0x2718b1b
runtime.goexit({})
	runtime/asm_amd64.s:1771 +0x1 fp=0x3939256c7fe8 sp=0x3939256c7fe0 pc=0x4966c1
created by github.com/minio/minio/cmd.(*expiryState).ResizeWorkers in goroutine 200
	github.com/minio/minio/cmd/bucket-lifecycle.go:313 +0x1ce

goroutine 353 gp=0x39391bf5c000 m=nil [select, 255 minutes]:
runtime.gopark(0x3939256c9f78?, 0x2?, 0x0?, 0x0?, 0x3939256c97cc?)
	runtime/proc.go:462 +0xce fp=0x3939256c9170 sp=0x3939256c9150 pc=0x48eaee
runtime.selectgo(0x3939256c9f78, 0x3939256c97c8, 0x0?, 0x0, 0x0?, 0x1)
	runtime/select.go:351 +0xaa5 fp=0x3939256c92a0 sp=0x3939256c9170 pc=0x46a9a5
github.com/minio/minio/cmd.(*expiryState).Worker(0x39391bf783c0, 0x39391b47cf50)
	github.com/minio/minio/cmd/bucket-lifecycle.go:335 +0xab fp=0x3939256c9fc0 sp=0x3939256c92a0 pc=0x2718c2b
github.com/minio/minio/cmd.(*expiryState).ResizeWorkers.gowrap2()
	github.com/minio/minio/cmd/bucket-lifecycle.go:313 +0x1b fp=0x3939256c9fe0 sp=0x3939256c9fc0 pc=0x2718b1b
runtime.goexit({})
	runtime/asm_amd64.s:1771 +0x1 fp=0x3939256c9fe8 sp=0x3939256c9fe0 pc=0x4966c1
created by github.com/minio/minio/cmd.(*expiryState).ResizeWorkers in goroutine 200
	github.com/minio/minio/cmd/bucket-lifecycle.go:313 +0x1ce

goroutine 354 gp=0x39391bf5c1e0 m=nil [select, 255 minutes]:
runtime.gopark(0x393925723f78?, 0x2?, 0x0?, 0x0?, 0x3939257237cc?)
	runtime/proc.go:462 +0xce fp=0x393925723170 sp=0x393925723150 pc=0x48eaee
runtime.selectgo(0x393925723f78, 0x3939257237c8, 0x0?, 0x0, 0x0?, 0x1)
	runtime/select.go:351 +0xaa5 fp=0x3939257232a0 sp=0x393925723170 pc=0x46a9a5
github.com/minio/minio/cmd.(*expiryState).Worker(0x39391bf783c0, 0x39391b47cfc0)
	github.com/minio/minio/cmd/bucket-lifecycle.go:335 +0xab fp=0x393925723fc0 sp=0x3939257232a0 pc=0x2718c2b
github.com/minio/minio/cmd.(*expiryState).ResizeWorkers.gowrap2()
	github.com/minio/minio/cmd/bucket-lifecycle.go:313 +0x1b fp=0x393925723fe0 sp=0x393925723fc0 pc=0x2718b1b
runtime.goexit({})
	runtime/asm_amd64.s:1771 +0x1 fp=0x393925723fe8 sp=0x393925723fe0 pc=0x4966c1
created by github.com/minio/minio/cmd.(*expiryState).ResizeWorkers in goroutine 200
	github.com/minio/minio/cmd/bucket-lifecycle.go:313 +0x1ce

goroutine 355 gp=0x39391bf5c3c0 m=nil [select, 255 minutes]:
runtime.gopark(0x393925725f78?, 0x2?, 0x0?, 0x0?, 0x3939257257cc?)
	runtime/proc.go:462 +0xce fp=0x393925725170 sp=0x393925725150 pc=0x48eaee
runtime.selectgo(0x393925725f78, 0x3939257257c8, 0x0?, 0x0, 0x0?, 0x1)
	runtime/select.go:351 +0xaa5 fp=0x3939257252a0 sp=0x393925725170 pc=0x46a9a5
github.com/minio/minio/cmd.(*expiryState).Worker(0x39391bf783c0, 0x39391b47d030)
	github.com/minio/minio/cmd/bucket-lifecycle.go:335 +0xab fp=0x393925725fc0 sp=0x3939257252a0 pc=0x2718c2b
github.com/minio/minio/cmd.(*expiryState).ResizeWorkers.gowrap2()
	github.com/minio/minio/cmd/bucket-lifecycle.go:313 +0x1b fp=0x393925725fe0 sp=0x393925725fc0 pc=0x2718b1b
runtime.goexit({})
	runtime/asm_amd64.s:1771 +0x1 fp=0x393925725fe8 sp=0x393925725fe0 pc=0x4966c1
created by github.com/minio/minio/cmd.(*expiryState).ResizeWorkers in goroutine 200
	github.com/minio/minio/cmd/bucket-lifecycle.go:313 +0x1ce

goroutine 356 gp=0x39391bf5c5a0 m=nil [select, 255 minutes]:
runtime.gopark(0x39392571ff78?, 0x2?, 0x0?, 0x0?, 0x39392571f7cc?)
	runtime/proc.go:462 +0xce fp=0x39392571f170 sp=0x39392571f150 pc=0x48eaee
runtime.selectgo(0x39392571ff78, 0x39392571f7c8, 0x0?, 0x0, 0x0?, 0x1)
	runtime/select.go:351 +0xaa5 fp=0x39392571f2a0 sp=0x39392571f170 pc=0x46a9a5
github.com/minio/minio/cmd.(*expiryState).Worker(0x39391bf783c0, 0x39391b47d0a0)
	github.com/minio/minio/cmd/bucket-lifecycle.go:335 +0xab fp=0x39392571ffc0 sp=0x39392571f2a0 pc=0x2718c2b
github.com/minio/minio/cmd.(*expiryState).ResizeWorkers.gowrap2()
	github.com/minio/minio/cmd/bucket-lifecycle.go:313 +0x1b fp=0x39392571ffe0 sp=0x39392571ffc0 pc=0x2718b1b
runtime.goexit({})
	runtime/asm_amd64.s:1771 +0x1 fp=0x39392571ffe8 sp=0x39392571ffe0 pc=0x4966c1
created by github.com/minio/minio/cmd.(*expiryState).ResizeWorkers in goroutine 200
	github.com/minio/minio/cmd/bucket-lifecycle.go:313 +0x1ce

goroutine 357 gp=0x39391bf5c780 m=nil [select, 255 minutes]:
runtime.gopark(0x393925721f78?, 0x2?, 0x0?, 0x0?, 0x3939257217cc?)
	runtime/proc.go:462 +0xce fp=0x393925721170 sp=0x393925721150 pc=0x48eaee
runtime.selectgo(0x393925721f78, 0x3939257217c8, 0x0?, 0x0, 0x0?, 0x1)
	runtime/select.go:351 +0xaa5 fp=0x3939257212a0 sp=0x393925721170 pc=0x46a9a5
github.com/minio/minio/cmd.(*expiryState).Worker(0x39391bf783c0, 0x39391b47d110)
	github.com/minio/minio/cmd/bucket-lifecycle.go:335 +0xab fp=0x393925721fc0 sp=0x3939257212a0 pc=0x2718c2b
github.com/minio/minio/cmd.(*expiryState).ResizeWorkers.gowrap2()
	github.com/minio/minio/cmd/bucket-lifecycle.go:313 +0x1b fp=0x393925721fe0 sp=0x393925721fc0 pc=0x2718b1b
runtime.goexit({})
	runtime/asm_amd64.s:1771 +0x1 fp=0x393925721fe8 sp=0x393925721fe0 pc=0x4966c1
created by github.com/minio/minio/cmd.(*expiryState).ResizeWorkers in goroutine 200
	github.com/minio/minio/cmd/bucket-lifecycle.go:313 +0x1ce

goroutine 358 gp=0x39391bf5c960 m=nil [select, 255 minutes]:
runtime.gopark(0x3939257cbf78?, 0x2?, 0x0?, 0x0?, 0x3939257cb7cc?)
	runtime/proc.go:462 +0xce fp=0x3939257cb170 sp=0x3939257cb150 pc=0x48eaee
runtime.selectgo(0x3939257cbf78, 0x3939257cb7c8, 0x0?, 0x0, 0x0?, 0x1)
	runtime/select.go:351 +0xaa5 fp=0x3939257cb2a0 sp=0x3939257cb170 pc=0x46a9a5
github.com/minio/minio/cmd.(*expiryState).Worker(0x39391bf783c0, 0x39391b47d180)
	github.com/minio/minio/cmd/bucket-lifecycle.go:335 +0xab fp=0x3939257cbfc0 sp=0x3939257cb2a0 pc=0x2718c2b
github.com/minio/minio/cmd.(*expiryState).ResizeWorkers.gowrap2()
	github.com/minio/minio/cmd/bucket-lifecycle.go:313 +0x1b fp=0x3939257cbfe0 sp=0x3939257cbfc0 pc=0x2718b1b
runtime.goexit({})
	runtime/asm_amd64.s:1771 +0x1 fp=0x3939257cbfe8 sp=0x3939257cbfe0 pc=0x4966c1
created by github.com/minio/minio/cmd.(*expiryState).ResizeWorkers in goroutine 200
	github.com/minio/minio/cmd/bucket-lifecycle.go:313 +0x1ce

goroutine 359 gp=0x39391bf5cb40 m=nil [select, 255 minutes]:
runtime.gopark(0x3939257cdf78?, 0x2?, 0x0?, 0x0?, 0x3939257cd7cc?)
	runtime/proc.go:462 +0xce fp=0x3939257cd170 sp=0x3939257cd150 pc=0x48eaee
runtime.selectgo(0x3939257cdf78, 0x3939257cd7c8, 0x0?, 0x0, 0x0?, 0x1)
	runtime/select.go:351 +0xaa5 fp=0x3939257cd2a0 sp=0x3939257cd170 pc=0x46a9a5
github.com/minio/minio/cmd.(*expiryState).Worker(0x39391bf783c0, 0x39391b47d1f0)
	github.com/minio/minio/cmd/bucket-lifecycle.go:335 +0xab fp=0x3939257cdfc0 sp=0x3939257cd2a0 pc=0x2718c2b
github.com/minio/minio/cmd.(*expiryState).ResizeWorkers.gowrap2()
	github.com/minio/minio/cmd/bucket-lifecycle.go:313 +0x1b fp=0x3939257cdfe0 sp=0x3939257cdfc0 pc=0x2718b1b
runtime.goexit({})
	runtime/asm_amd64.s:1771 +0x1 fp=0x3939257cdfe8 sp=0x3939257cdfe0 pc=0x4966c1
created by github.com/minio/minio/cmd.(*expiryState).ResizeWorkers in goroutine 200
	github.com/minio/minio/cmd/bucket-lifecycle.go:313 +0x1ce

goroutine 360 gp=0x39391bf5cd20 m=nil [select, 255 minutes]:
runtime.gopark(0x3939257c7f78?, 0x2?, 0x0?, 0x0?, 0x3939257c77cc?)
	runtime/proc.go:462 +0xce fp=0x3939257c7170 sp=0x3939257c7150 pc=0x48eaee
runtime.selectgo(0x3939257c7f78, 0x3939257c77c8, 0x0?, 0x0, 0x0?, 0x1)
	runtime/select.go:351 +0xaa5 fp=0x3939257c72a0 sp=0x3939257c7170 pc=0x46a9a5
github.com/minio/minio/cmd.(*expiryState).Worker(0x39391bf783c0, 0x39391b47d260)
	github.com/minio/minio/cmd/bucket-lifecycle.go:335 +0xab fp=0x3939257c7fc0 sp=0x3939257c72a0 pc=0x2718c2b
github.com/minio/minio/cmd.(*expiryState).ResizeWorkers.gowrap2()
	github.com/minio/minio/cmd/bucket-lifecycle.go:313 +0x1b fp=0x3939257c7fe0 sp=0x3939257c7fc0 pc=0x2718b1b
runtime.goexit({})
	runtime/asm_amd64.s:1771 +0x1 fp=0x3939257c7fe8 sp=0x3939257c7fe0 pc=0x4966c1
created by github.com/minio/minio/cmd.(*expiryState).ResizeWorkers in goroutine 200
	github.com/minio/minio/cmd/bucket-lifecycle.go:313 +0x1ce

goroutine 361 gp=0x39391bf5cf00 m=nil [select, 255 minutes]:
runtime.gopark(0x3939257c9f78?, 0x2?, 0x0?, 0x0?, 0x3939257c97cc?)
	runtime/proc.go:462 +0xce fp=0x3939257c9170 sp=0x3939257c9150 pc=0x48eaee
runtime.selectgo(0x3939257c9f78, 0x3939257c97c8, 0x0?, 0x0, 0x0?, 0x1)
	runtime/select.go:351 +0xaa5 fp=0x3939257c92a0 sp=0x3939257c9170 pc=0x46a9a5
github.com/minio/minio/cmd.(*expiryState).Worker(0x39391bf783c0, 0x39391b47d2d0)
	github.com/minio/minio/cmd/bucket-lifecycle.go:335 +0xab fp=0x3939257c9fc0 sp=0x3939257c92a0 pc=0x2718c2b
github.com/minio/minio/cmd.(*expiryState).ResizeWorkers.gowrap2()
	github.com/minio/minio/cmd/bucket-lifecycle.go:313 +0x1b fp=0x3939257c9fe0 sp=0x3939257c9fc0 pc=0x2718b1b
runtime.goexit({})
	runtime/asm_amd64.s:1771 +0x1 fp=0x3939257c9fe8 sp=0x3939257c9fe0 pc=0x4966c1
created by github.com/minio/minio/cmd.(*expiryState).ResizeWorkers in goroutine 200
	github.com/minio/minio/cmd/bucket-lifecycle.go:313 +0x1ce

goroutine 362 gp=0x39391bf5d0e0 m=nil [select, 255 minutes]:
runtime.gopark(0x393925823f78?, 0x2?, 0x0?, 0x0?, 0x3939258237cc?)
	runtime/proc.go:462 +0xce fp=0x393925823170 sp=0x393925823150 pc=0x48eaee
runtime.selectgo(0x393925823f78, 0x3939258237c8, 0x0?, 0x0, 0x0?, 0x1)
	runtime/select.go:351 +0xaa5 fp=0x3939258232a0 sp=0x393925823170 pc=0x46a9a5
github.com/minio/minio/cmd.(*expiryState).Worker(0x39391bf783c0, 0x39391b47d340)
	github.com/minio/minio/cmd/bucket-lifecycle.go:335 +0xab fp=0x393925823fc0 sp=0x3939258232a0 pc=0x2718c2b
github.com/minio/minio/cmd.(*expiryState).ResizeWorkers.gowrap2()
	github.com/minio/minio/cmd/bucket-lifecycle.go:313 +0x1b fp=0x393925823fe0 sp=0x393925823fc0 pc=0x2718b1b
runtime.goexit({})
	runtime/asm_amd64.s:1771 +0x1 fp=0x393925823fe8 sp=0x393925823fe0 pc=0x4966c1
created by github.com/minio/minio/cmd.(*expiryState).ResizeWorkers in goroutine 200
	github.com/minio/minio/cmd/bucket-lifecycle.go:313 +0x1ce

goroutine 363 gp=0x39391bf5d2c0 m=nil [select, 255 minutes]:
runtime.gopark(0x393925825f78?, 0x2?, 0x0?, 0x0?, 0x3939258257cc?)
	runtime/proc.go:462 +0xce fp=0x393925825170 sp=0x393925825150 pc=0x48eaee
runtime.selectgo(0x393925825f78, 0x3939258257c8, 0x0?, 0x0, 0x0?, 0x1)
	runtime/select.go:351 +0xaa5 fp=0x3939258252a0 sp=0x393925825170 pc=0x46a9a5
github.com/minio/minio/cmd.(*expiryState).Worker(0x39391bf783c0, 0x39391b47d3b0)
	github.com/minio/minio/cmd/bucket-lifecycle.go:335 +0xab fp=0x393925825fc0 sp=0x3939258252a0 pc=0x2718c2b
github.com/minio/minio/cmd.(*expiryState).ResizeWorkers.gowrap2()
	github.com/minio/minio/cmd/bucket-lifecycle.go:313 +0x1b fp=0x393925825fe0 sp=0x393925825fc0 pc=0x2718b1b
runtime.goexit({})
	runtime/asm_amd64.s:1771 +0x1 fp=0x393925825fe8 sp=0x393925825fe0 pc=0x4966c1
created by github.com/minio/minio/cmd.(*expiryState).ResizeWorkers in goroutine 200
	github.com/minio/minio/cmd/bucket-lifecycle.go:313 +0x1ce

goroutine 364 gp=0x39391bf5d4a0 m=nil [select, 255 minutes]:
runtime.gopark(0x39392581ff78?, 0x2?, 0x0?, 0x0?, 0x39392581f7cc?)
	runtime/proc.go:462 +0xce fp=0x39392581f170 sp=0x39392581f150 pc=0x48eaee
runtime.selectgo(0x39392581ff78, 0x39392581f7c8, 0x0?, 0x0, 0x0?, 0x1)
	runtime/select.go:351 +0xaa5 fp=0x39392581f2a0 sp=0x39392581f170 pc=0x46a9a5
github.com/minio/minio/cmd.(*expiryState).Worker(0x39391bf783c0, 0x39391b47d420)
	github.com/minio/minio/cmd/bucket-lifecycle.go:335 +0xab fp=0x39392581ffc0 sp=0x39392581f2a0 pc=0x2718c2b
github.com/minio/minio/cmd.(*expiryState).ResizeWorkers.gowrap2()
	github.com/minio/minio/cmd/bucket-lifecycle.go:313 +0x1b fp=0x39392581ffe0 sp=0x39392581ffc0 pc=0x2718b1b
runtime.goexit({})
	runtime/asm_amd64.s:1771 +0x1 fp=0x39392581ffe8 sp=0x39392581ffe0 pc=0x4966c1
created by github.com/minio/minio/cmd.(*expiryState).ResizeWorkers in goroutine 200
	github.com/minio/minio/cmd/bucket-lifecycle.go:313 +0x1ce

goroutine 365 gp=0x39391bf5d680 m=nil [select, 255 minutes]:
runtime.gopark(0x393925821f78?, 0x2?, 0x0?, 0x0?, 0x3939258217cc?)
	runtime/proc.go:462 +0xce fp=0x393925821170 sp=0x393925821150 pc=0x48eaee
runtime.selectgo(0x393925821f78, 0x3939258217c8, 0x0?, 0x0, 0x0?, 0x1)
	runtime/select.go:351 +0xaa5 fp=0x3939258212a0 sp=0x393925821170 pc=0x46a9a5
github.com/minio/minio/cmd.(*expiryState).Worker(0x39391bf783c0, 0x39391b47d490)
	github.com/minio/minio/cmd/bucket-lifecycle.go:335 +0xab fp=0x393925821fc0 sp=0x3939258212a0 pc=0x2718c2b
github.com/minio/minio/cmd.(*expiryState).ResizeWorkers.gowrap2()
	github.com/minio/minio/cmd/bucket-lifecycle.go:313 +0x1b fp=0x393925821fe0 sp=0x393925821fc0 pc=0x2718b1b
runtime.goexit({})
	runtime/asm_amd64.s:1771 +0x1 fp=0x393925821fe8 sp=0x393925821fe0 pc=0x4966c1
created by github.com/minio/minio/cmd.(*expiryState).ResizeWorkers in goroutine 200
	github.com/minio/minio/cmd/bucket-lifecycle.go:313 +0x1ce

goroutine 366 gp=0x39391bf5d860 m=nil [select, 255 minutes]:
runtime.gopark(0x393925a83f78?, 0x2?, 0x0?, 0x0?, 0x393925a837cc?)
	runtime/proc.go:462 +0xce fp=0x393925a83170 sp=0x393925a83150 pc=0x48eaee
runtime.selectgo(0x393925a83f78, 0x393925a837c8, 0x0?, 0x0, 0x0?, 0x1)
	runtime/select.go:351 +0xaa5 fp=0x393925a832a0 sp=0x393925a83170 pc=0x46a9a5
github.com/minio/minio/cmd.(*expiryState).Worker(0x39391bf783c0, 0x39391b47d500)
	github.com/minio/minio/cmd/bucket-lifecycle.go:335 +0xab fp=0x393925a83fc0 sp=0x393925a832a0 pc=0x2718c2b
github.com/minio/minio/cmd.(*expiryState).ResizeWorkers.gowrap2()
	github.com/minio/minio/cmd/bucket-lifecycle.go:313 +0x1b fp=0x393925a83fe0 sp=0x393925a83fc0 pc=0x2718b1b
runtime.goexit({})
	runtime/asm_amd64.s:1771 +0x1 fp=0x393925a83fe8 sp=0x393925a83fe0 pc=0x4966c1
created by github.com/minio/minio/cmd.(*expiryState).ResizeWorkers in goroutine 200
	github.com/minio/minio/cmd/bucket-lifecycle.go:313 +0x1ce

goroutine 367 gp=0x39391bf5da40 m=nil [select, 255 minutes]:
runtime.gopark(0x393925a85f78?, 0x2?, 0x0?, 0x0?, 0x393925a857cc?)
	runtime/proc.go:462 +0xce fp=0x393925a85170 sp=0x393925a85150 pc=0x48eaee
runtime.selectgo(0x393925a85f78, 0x393925a857c8, 0x0?, 0x0, 0x0?, 0x1)
	runtime/select.go:351 +0xaa5 fp=0x393925a852a0 sp=0x393925a85170 pc=0x46a9a5
github.com/minio/minio/cmd.(*expiryState).Worker(0x39391bf783c0, 0x39391b47d570)
	github.com/minio/minio/cmd/bucket-lifecycle.go:335 +0xab fp=0x393925a85fc0 sp=0x393925a852a0 pc=0x2718c2b
github.com/minio/minio/cmd.(*expiryState).ResizeWorkers.gowrap2()
	github.com/minio/minio/cmd/bucket-lifecycle.go:313 +0x1b fp=0x393925a85fe0 sp=0x393925a85fc0 pc=0x2718b1b
runtime.goexit({})
	runtime/asm_amd64.s:1771 +0x1 fp=0x393925a85fe8 sp=0x393925a85fe0 pc=0x4966c1
created by github.com/minio/minio/cmd.(*expiryState).ResizeWorkers in goroutine 200
	github.com/minio/minio/cmd/bucket-lifecycle.go:313 +0x1ce

goroutine 368 gp=0x39391bf5dc20 m=nil [select, 255 minutes]:
runtime.gopark(0x393925a7ff78?, 0x2?, 0x0?, 0x0?, 0x393925a7f7cc?)
	runtime/proc.go:462 +0xce fp=0x393925a7f170 sp=0x393925a7f150 pc=0x48eaee
runtime.selectgo(0x393925a7ff78, 0x393925a7f7c8, 0x0?, 0x0, 0x0?, 0x1)
	runtime/select.go:351 +0xaa5 fp=0x393925a7f2a0 sp=0x393925a7f170 pc=0x46a9a5
github.com/minio/minio/cmd.(*expiryState).Worker(0x39391bf783c0, 0x39391b47d5e0)
	github.com/minio/minio/cmd/bucket-lifecycle.go:335 +0xab fp=0x393925a7ffc0 sp=0x393925a7f2a0 pc=0x2718c2b
github.com/minio/minio/cmd.(*expiryState).ResizeWorkers.gowrap2()
	github.com/minio/minio/cmd/bucket-lifecycle.go:313 +0x1b fp=0x393925a7ffe0 sp=0x393925a7ffc0 pc=0x2718b1b
runtime.goexit({})
	runtime/asm_amd64.s:1771 +0x1 fp=0x393925a7ffe8 sp=0x393925a7ffe0 pc=0x4966c1
created by github.com/minio/minio/cmd.(*expiryState).ResizeWorkers in goroutine 200
	github.com/minio/minio/cmd/bucket-lifecycle.go:313 +0x1ce

goroutine 369 gp=0x39391bf66000 m=nil [select, 255 minutes]:
runtime.gopark(0x393925a81f78?, 0x2?, 0x0?, 0x0?, 0x393925a817cc?)
	runtime/proc.go:462 +0xce fp=0x393925a81170 sp=0x393925a81150 pc=0x48eaee
runtime.selectgo(0x393925a81f78, 0x393925a817c8, 0x0?, 0x0, 0x0?, 0x1)
	runtime/select.go:351 +0xaa5 fp=0x393925a812a0 sp=0x393925a81170 pc=0x46a9a5
github.com/minio/minio/cmd.(*expiryState).Worker(0x39391bf783c0, 0x39391b47d650)
	github.com/minio/minio/cmd/bucket-lifecycle.go:335 +0xab fp=0x393925a81fc0 sp=0x393925a812a0 pc=0x2718c2b
github.com/minio/minio/cmd.(*expiryState).ResizeWorkers.gowrap2()
	github.com/minio/minio/cmd/bucket-lifecycle.go:313 +0x1b fp=0x393925a81fe0 sp=0x393925a81fc0 pc=0x2718b1b
runtime.goexit({})
	runtime/asm_amd64.s:1771 +0x1 fp=0x393925a81fe8 sp=0x393925a81fe0 pc=0x4966c1
created by github.com/minio/minio/cmd.(*expiryState).ResizeWorkers in goroutine 200
	github.com/minio/minio/cmd/bucket-lifecycle.go:313 +0x1ce

goroutine 370 gp=0x39391bf661e0 m=nil [select, 255 minutes]:
runtime.gopark(0x393925b03f78?, 0x2?, 0x0?, 0x0?, 0x393925b037cc?)
	runtime/proc.go:462 +0xce fp=0x393925b03170 sp=0x393925b03150 pc=0x48eaee
runtime.selectgo(0x393925b03f78, 0x393925b037c8, 0x0?, 0x0, 0x0?, 0x1)
	runtime/select.go:351 +0xaa5 fp=0x393925b032a0 sp=0x393925b03170 pc=0x46a9a5
github.com/minio/minio/cmd.(*expiryState).Worker(0x39391bf783c0, 0x39391b47d6c0)
	github.com/minio/minio/cmd/bucket-lifecycle.go:335 +0xab fp=0x393925b03fc0 sp=0x393925b032a0 pc=0x2718c2b
github.com/minio/minio/cmd.(*expiryState).ResizeWorkers.gowrap2()
	github.com/minio/minio/cmd/bucket-lifecycle.go:313 +0x1b fp=0x393925b03fe0 sp=0x393925b03fc0 pc=0x2718b1b
runtime.goexit({})
	runtime/asm_amd64.s:1771 +0x1 fp=0x393925b03fe8 sp=0x393925b03fe0 pc=0x4966c1
created by github.com/minio/minio/cmd.(*expiryState).ResizeWorkers in goroutine 200
	github.com/minio/minio/cmd/bucket-lifecycle.go:313 +0x1ce

goroutine 371 gp=0x39391bf663c0 m=nil [select, 255 minutes]:
runtime.gopark(0x3939256cbf78?, 0x2?, 0x0?, 0x0?, 0x3939256cb7cc?)
	runtime/proc.go:462 +0xce fp=0x3939256cb170 sp=0x3939256cb150 pc=0x48eaee
runtime.selectgo(0x3939256cbf78, 0x3939256cb7c8, 0x0?, 0x0, 0x0?, 0x1)
	runtime/select.go:351 +0xaa5 fp=0x3939256cb2a0 sp=0x3939256cb170 pc=0x46a9a5
github.com/minio/minio/cmd.(*expiryState).Worker(0x39391bf783c0, 0x39391b47d730)
	github.com/minio/minio/cmd/bucket-lifecycle.go:335 +0xab fp=0x3939256cbfc0 sp=0x3939256cb2a0 pc=0x2718c2b
github.com/minio/minio/cmd.(*expiryState).ResizeWorkers.gowrap2()
	github.com/minio/minio/cmd/bucket-lifecycle.go:313 +0x1b fp=0x3939256cbfe0 sp=0x3939256cbfc0 pc=0x2718b1b
runtime.goexit({})
	runtime/asm_amd64.s:1771 +0x1 fp=0x3939256cbfe8 sp=0x3939256cbfe0 pc=0x4966c1
created by github.com/minio/minio/cmd.(*expiryState).ResizeWorkers in goroutine 200
	github.com/minio/minio/cmd/bucket-lifecycle.go:313 +0x1ce

goroutine 372 gp=0x39391bf665a0 m=nil [select, 255 minutes]:
runtime.gopark(0x393925afff78?, 0x2?, 0x0?, 0x0?, 0x393925aff7cc?)
	runtime/proc.go:462 +0xce fp=0x393925aff170 sp=0x393925aff150 pc=0x48eaee
runtime.selectgo(0x393925afff78, 0x393925aff7c8, 0x0?, 0x0, 0x0?, 0x1)
	runtime/select.go:351 +0xaa5 fp=0x393925aff2a0 sp=0x393925aff170 pc=0x46a9a5
github.com/minio/minio/cmd.(*expiryState).Worker(0x39391bf783c0, 0x39391b47d7a0)
	github.com/minio/minio/cmd/bucket-lifecycle.go:335 +0xab fp=0x393925afffc0 sp=0x393925aff2a0 pc=0x2718c2b
github.com/minio/minio/cmd.(*expiryState).ResizeWorkers.gowrap2()
	github.com/minio/minio/cmd/bucket-lifecycle.go:313 +0x1b fp=0x393925afffe0 sp=0x393925afffc0 pc=0x2718b1b
runtime.goexit({})
	runtime/asm_amd64.s:1771 +0x1 fp=0x393925afffe8 sp=0x393925afffe0 pc=0x4966c1
created by github.com/minio/minio/cmd.(*expiryState).ResizeWorkers in goroutine 200
	github.com/minio/minio/cmd/bucket-lifecycle.go:313 +0x1ce

goroutine 373 gp=0x39391bf66780 m=nil [select, 255 minutes]:
runtime.gopark(0x393925b01f78?, 0x2?, 0x0?, 0x0?, 0x393925b017cc?)
	runtime/proc.go:462 +0xce fp=0x393925b01170 sp=0x393925b01150 pc=0x48eaee
runtime.selectgo(0x393925b01f78, 0x393925b017c8, 0x0?, 0x0, 0x0?, 0x1)
	runtime/select.go:351 +0xaa5 fp=0x393925b012a0 sp=0x393925b01170 pc=0x46a9a5
github.com/minio/minio/cmd.(*expiryState).Worker(0x39391bf783c0, 0x39391b47d810)
	github.com/minio/minio/cmd/bucket-lifecycle.go:335 +0xab fp=0x393925b01fc0 sp=0x393925b012a0 pc=0x2718c2b
github.com/minio/minio/cmd.(*expiryState).ResizeWorkers.gowrap2()
	github.com/minio/minio/cmd/bucket-lifecycle.go:313 +0x1b fp=0x393925b01fe0 sp=0x393925b01fc0 pc=0x2718b1b
runtime.goexit({})
	runtime/asm_amd64.s:1771 +0x1 fp=0x393925b01fe8 sp=0x393925b01fe0 pc=0x4966c1
created by github.com/minio/minio/cmd.(*expiryState).ResizeWorkers in goroutine 200
	github.com/minio/minio/cmd/bucket-lifecycle.go:313 +0x1ce

goroutine 374 gp=0x39391bf66960 m=nil [select, 255 minutes]:
runtime.gopark(0x393925b83f78?, 0x2?, 0x0?, 0x0?, 0x393925b837cc?)
	runtime/proc.go:462 +0xce fp=0x393925b83170 sp=0x393925b83150 pc=0x48eaee
runtime.selectgo(0x393925b83f78, 0x393925b837c8, 0x0?, 0x0, 0x0?, 0x1)
	runtime/select.go:351 +0xaa5 fp=0x393925b832a0 sp=0x393925b83170 pc=0x46a9a5
github.com/minio/minio/cmd.(*expiryState).Worker(0x39391bf783c0, 0x39391b47d880)
	github.com/minio/minio/cmd/bucket-lifecycle.go:335 +0xab fp=0x393925b83fc0 sp=0x393925b832a0 pc=0x2718c2b
github.com/minio/minio/cmd.(*expiryState).ResizeWorkers.gowrap2()
	github.com/minio/minio/cmd/bucket-lifecycle.go:313 +0x1b fp=0x393925b83fe0 sp=0x393925b83fc0 pc=0x2718b1b
runtime.goexit({})
	runtime/asm_amd64.s:1771 +0x1 fp=0x393925b83fe8 sp=0x393925b83fe0 pc=0x4966c1
created by github.com/minio/minio/cmd.(*expiryState).ResizeWorkers in goroutine 200
	github.com/minio/minio/cmd/bucket-lifecycle.go:313 +0x1ce

goroutine 375 gp=0x39391bf66b40 m=nil [select, 255 minutes]:
runtime.gopark(0x393925b85f78?, 0x2?, 0x0?, 0x0?, 0x393925b857cc?)
	runtime/proc.go:462 +0xce fp=0x393925b85170 sp=0x393925b85150 pc=0x48eaee
runtime.selectgo(0x393925b85f78, 0x393925b857c8, 0x0?, 0x0, 0x0?, 0x1)
	runtime/select.go:351 +0xaa5 fp=0x393925b852a0 sp=0x393925b85170 pc=0x46a9a5
github.com/minio/minio/cmd.(*expiryState).Worker(0x39391bf783c0, 0x39391b47d8f0)
	github.com/minio/minio/cmd/bucket-lifecycle.go:335 +0xab fp=0x393925b85fc0 sp=0x393925b852a0 pc=0x2718c2b
github.com/minio/minio/cmd.(*expiryState).ResizeWorkers.gowrap2()
	github.com/minio/minio/cmd/bucket-lifecycle.go:313 +0x1b fp=0x393925b85fe0 sp=0x393925b85fc0 pc=0x2718b1b
runtime.goexit({})
	runtime/asm_amd64.s:1771 +0x1 fp=0x393925b85fe8 sp=0x393925b85fe0 pc=0x4966c1
created by github.com/minio/minio/cmd.(*expiryState).ResizeWorkers in goroutine 200
	github.com/minio/minio/cmd/bucket-lifecycle.go:313 +0x1ce

goroutine 376 gp=0x39391bf66d20 m=nil [select, 255 minutes]:
runtime.gopark(0x393925b7ff78?, 0x2?, 0x0?, 0x0?, 0x393925b7f7cc?)
	runtime/proc.go:462 +0xce fp=0x393925b7f170 sp=0x393925b7f150 pc=0x48eaee
runtime.selectgo(0x393925b7ff78, 0x393925b7f7c8, 0x0?, 0x0, 0x0?, 0x1)
	runtime/select.go:351 +0xaa5 fp=0x393925b7f2a0 sp=0x393925b7f170 pc=0x46a9a5
github.com/minio/minio/cmd.(*expiryState).Worker(0x39391bf783c0, 0x39391b47d960)
	github.com/minio/minio/cmd/bucket-lifecycle.go:335 +0xab fp=0x393925b7ffc0 sp=0x393925b7f2a0 pc=0x2718c2b
github.com/minio/minio/cmd.(*expiryState).ResizeWorkers.gowrap2()
	github.com/minio/minio/cmd/bucket-lifecycle.go:313 +0x1b fp=0x393925b7ffe0 sp=0x393925b7ffc0 pc=0x2718b1b
runtime.goexit({})
	runtime/asm_amd64.s:1771 +0x1 fp=0x393925b7ffe8 sp=0x393925b7ffe0 pc=0x4966c1
created by github.com/minio/minio/cmd.(*expiryState).ResizeWorkers in goroutine 200
	github.com/minio/minio/cmd/bucket-lifecycle.go:313 +0x1ce

goroutine 377 gp=0x39391bf66f00 m=nil [select, 255 minutes]:
runtime.gopark(0x393925b81f78?, 0x2?, 0x0?, 0x0?, 0x393925b817cc?)
	runtime/proc.go:462 +0xce fp=0x393925b81170 sp=0x393925b81150 pc=0x48eaee
runtime.selectgo(0x393925b81f78, 0x393925b817c8, 0x0?, 0x0, 0x0?, 0x1)
	runtime/select.go:351 +0xaa5 fp=0x393925b812a0 sp=0x393925b81170 pc=0x46a9a5
github.com/minio/minio/cmd.(*expiryState).Worker(0x39391bf783c0, 0x39391b47d9d0)
	github.com/minio/minio/cmd/bucket-lifecycle.go:335 +0xab fp=0x393925b81fc0 sp=0x393925b812a0 pc=0x2718c2b
github.com/minio/minio/cmd.(*expiryState).ResizeWorkers.gowrap2()
	github.com/minio/minio/cmd/bucket-lifecycle.go:313 +0x1b fp=0x393925b81fe0 sp=0x393925b81fc0 pc=0x2718b1b
runtime.goexit({})
	runtime/asm_amd64.s:1771 +0x1 fp=0x393925b81fe8 sp=0x393925b81fe0 pc=0x4966c1
created by github.com/minio/minio/cmd.(*expiryState).ResizeWorkers in goroutine 200
	github.com/minio/minio/cmd/bucket-lifecycle.go:313 +0x1ce

goroutine 378 gp=0x39391bf670e0 m=nil [select, 255 minutes]:
runtime.gopark(0x393925bdbf78?, 0x2?, 0x0?, 0x0?, 0x393925bdb7cc?)
	runtime/proc.go:462 +0xce fp=0x393925bdb170 sp=0x393925bdb150 pc=0x48eaee
runtime.selectgo(0x393925bdbf78, 0x393925bdb7c8, 0x0?, 0x0, 0x0?, 0x1)
	runtime/select.go:351 +0xaa5 fp=0x393925bdb2a0 sp=0x393925bdb170 pc=0x46a9a5
github.com/minio/minio/cmd.(*expiryState).Worker(0x39391bf783c0, 0x39391b47da40)
	github.com/minio/minio/cmd/bucket-lifecycle.go:335 +0xab fp=0x393925bdbfc0 sp=0x393925bdb2a0 pc=0x2718c2b
github.com/minio/minio/cmd.(*expiryState).ResizeWorkers.gowrap2()
	github.com/minio/minio/cmd/bucket-lifecycle.go:313 +0x1b fp=0x393925bdbfe0 sp=0x393925bdbfc0 pc=0x2718b1b
runtime.goexit({})
	runtime/asm_amd64.s:1771 +0x1 fp=0x393925bdbfe8 sp=0x393925bdbfe0 pc=0x4966c1
created by github.com/minio/minio/cmd.(*expiryState).ResizeWorkers in goroutine 200
	github.com/minio/minio/cmd/bucket-lifecycle.go:313 +0x1ce

goroutine 379 gp=0x39391bf672c0 m=nil [select, 255 minutes]:
runtime.gopark(0x393925bddf78?, 0x2?, 0x0?, 0x0?, 0x393925bdd7cc?)
	runtime/proc.go:462 +0xce fp=0x393925bdd170 sp=0x393925bdd150 pc=0x48eaee
runtime.selectgo(0x393925bddf78, 0x393925bdd7c8, 0x0?, 0x0, 0x0?, 0x1)
	runtime/select.go:351 +0xaa5 fp=0x393925bdd2a0 sp=0x393925bdd170 pc=0x46a9a5
github.com/minio/minio/cmd.(*expiryState).Worker(0x39391bf783c0, 0x39391b47dab0)
	github.com/minio/minio/cmd/bucket-lifecycle.go:335 +0xab fp=0x393925bddfc0 sp=0x393925bdd2a0 pc=0x2718c2b
github.com/minio/minio/cmd.(*expiryState).ResizeWorkers.gowrap2()
	github.com/minio/minio/cmd/bucket-lifecycle.go:313 +0x1b fp=0x393925bddfe0 sp=0x393925bddfc0 pc=0x2718b1b
runtime.goexit({})
	runtime/asm_amd64.s:1771 +0x1 fp=0x393925bddfe8 sp=0x393925bddfe0 pc=0x4966c1
created by github.com/minio/minio/cmd.(*expiryState).ResizeWorkers in goroutine 200
	github.com/minio/minio/cmd/bucket-lifecycle.go:313 +0x1ce

goroutine 380 gp=0x39391bf674a0 m=nil [select, 255 minutes]:
runtime.gopark(0x393925bd7f78?, 0x2?, 0x0?, 0x0?, 0x393925bd77cc?)
	runtime/proc.go:462 +0xce fp=0x393925bd7170 sp=0x393925bd7150 pc=0x48eaee
runtime.selectgo(0x393925bd7f78, 0x393925bd77c8, 0x0?, 0x0, 0x0?, 0x1)
	runtime/select.go:351 +0xaa5 fp=0x393925bd72a0 sp=0x393925bd7170 pc=0x46a9a5
github.com/minio/minio/cmd.(*expiryState).Worker(0x39391bf783c0, 0x39391b47db20)
	github.com/minio/minio/cmd/bucket-lifecycle.go:335 +0xab fp=0x393925bd7fc0 sp=0x393925bd72a0 pc=0x2718c2b
github.com/minio/minio/cmd.(*expiryState).ResizeWorkers.gowrap2()
	github.com/minio/minio/cmd/bucket-lifecycle.go:313 +0x1b fp=0x393925bd7fe0 sp=0x393925bd7fc0 pc=0x2718b1b
runtime.goexit({})
	runtime/asm_amd64.s:1771 +0x1 fp=0x393925bd7fe8 sp=0x393925bd7fe0 pc=0x4966c1
created by github.com/minio/minio/cmd.(*expiryState).ResizeWorkers in goroutine 200
	github.com/minio/minio/cmd/bucket-lifecycle.go:313 +0x1ce

goroutine 381 gp=0x39391bf67680 m=nil [select, 255 minutes]:
runtime.gopark(0x393925bd9f78?, 0x2?, 0x0?, 0x0?, 0x393925bd97cc?)
	runtime/proc.go:462 +0xce fp=0x393925bd9170 sp=0x393925bd9150 pc=0x48eaee
runtime.selectgo(0x393925bd9f78, 0x393925bd97c8, 0x0?, 0x0, 0x0?, 0x1)
	runtime/select.go:351 +0xaa5 fp=0x393925bd92a0 sp=0x393925bd9170 pc=0x46a9a5
github.com/minio/minio/cmd.(*expiryState).Worker(0x39391bf783c0, 0x39391b47db90)
	github.com/minio/minio/cmd/bucket-lifecycle.go:335 +0xab fp=0x393925bd9fc0 sp=0x393925bd92a0 pc=0x2718c2b
github.com/minio/minio/cmd.(*expiryState).ResizeWorkers.gowrap2()
	github.com/minio/minio/cmd/bucket-lifecycle.go:313 +0x1b fp=0x393925bd9fe0 sp=0x393925bd9fc0 pc=0x2718b1b
runtime.goexit({})
	runtime/asm_amd64.s:1771 +0x1 fp=0x393925bd9fe8 sp=0x393925bd9fe0 pc=0x4966c1
created by github.com/minio/minio/cmd.(*expiryState).ResizeWorkers in goroutine 200
	github.com/minio/minio/cmd/bucket-lifecycle.go:313 +0x1ce

goroutine 382 gp=0x39391bf67860 m=nil [select, 255 minutes]:
runtime.gopark(0x393925be3f78?, 0x2?, 0x0?, 0x0?, 0x393925be37cc?)
	runtime/proc.go:462 +0xce fp=0x393925be3170 sp=0x393925be3150 pc=0x48eaee
runtime.selectgo(0x393925be3f78, 0x393925be37c8, 0x0?, 0x0, 0x0?, 0x1)
	runtime/select.go:351 +0xaa5 fp=0x393925be32a0 sp=0x393925be3170 pc=0x46a9a5
github.com/minio/minio/cmd.(*expiryState).Worker(0x39391bf783c0, 0x39391b47dc00)
	github.com/minio/minio/cmd/bucket-lifecycle.go:335 +0xab fp=0x393925be3fc0 sp=0x393925be32a0 pc=0x2718c2b
github.com/minio/minio/cmd.(*expiryState).ResizeWorkers.gowrap2()
	github.com/minio/minio/cmd/bucket-lifecycle.go:313 +0x1b fp=0x393925be3fe0 sp=0x393925be3fc0 pc=0x2718b1b
runtime.goexit({})
	runtime/asm_amd64.s:1771 +0x1 fp=0x393925be3fe8 sp=0x393925be3fe0 pc=0x4966c1
created by github.com/minio/minio/cmd.(*expiryState).ResizeWorkers in goroutine 200
	github.com/minio/minio/cmd/bucket-lifecycle.go:313 +0x1ce

goroutine 383 gp=0x39391bf67a40 m=nil [select, 255 minutes]:
runtime.gopark(0x393925be5f78?, 0x2?, 0x0?, 0x0?, 0x393925be57cc?)
	runtime/proc.go:462 +0xce fp=0x393925be5170 sp=0x393925be5150 pc=0x48eaee
runtime.selectgo(0x393925be5f78, 0x393925be57c8, 0x0?, 0x0, 0x0?, 0x1)
	runtime/select.go:351 +0xaa5 fp=0x393925be52a0 sp=0x393925be5170 pc=0x46a9a5
github.com/minio/minio/cmd.(*expiryState).Worker(0x39391bf783c0, 0x39391b47dc70)
	github.com/minio/minio/cmd/bucket-lifecycle.go:335 +0xab fp=0x393925be5fc0 sp=0x393925be52a0 pc=0x2718c2b
github.com/minio/minio/cmd.(*expiryState).ResizeWorkers.gowrap2()
	github.com/minio/minio/cmd/bucket-lifecycle.go:313 +0x1b fp=0x393925be5fe0 sp=0x393925be5fc0 pc=0x2718b1b
runtime.goexit({})
	runtime/asm_amd64.s:1771 +0x1 fp=0x393925be5fe8 sp=0x393925be5fe0 pc=0x4966c1
created by github.com/minio/minio/cmd.(*expiryState).ResizeWorkers in goroutine 200
	github.com/minio/minio/cmd/bucket-lifecycle.go:313 +0x1ce

goroutine 384 gp=0x39391bf67c20 m=nil [select, 255 minutes]:
runtime.gopark(0x393925bdff78?, 0x2?, 0x0?, 0x0?, 0x393925bdf7cc?)
	runtime/proc.go:462 +0xce fp=0x393925bdf170 sp=0x393925bdf150 pc=0x48eaee
runtime.selectgo(0x393925bdff78, 0x393925bdf7c8, 0x0?, 0x0, 0x0?, 0x1)
	runtime/select.go:351 +0xaa5 fp=0x393925bdf2a0 sp=0x393925bdf170 pc=0x46a9a5
github.com/minio/minio/cmd.(*expiryState).Worker(0x39391bf783c0, 0x39391b47dce0)
	github.com/minio/minio/cmd/bucket-lifecycle.go:335 +0xab fp=0x393925bdffc0 sp=0x393925bdf2a0 pc=0x2718c2b
github.com/minio/minio/cmd.(*expiryState).ResizeWorkers.gowrap2()
	github.com/minio/minio/cmd/bucket-lifecycle.go:313 +0x1b fp=0x393925bdffe0 sp=0x393925bdffc0 pc=0x2718b1b
runtime.goexit({})
	runtime/asm_amd64.s:1771 +0x1 fp=0x393925bdffe8 sp=0x393925bdffe0 pc=0x4966c1
created by github.com/minio/minio/cmd.(*expiryState).ResizeWorkers in goroutine 200
	github.com/minio/minio/cmd/bucket-lifecycle.go:313 +0x1ce

goroutine 385 gp=0x39391bf68000 m=nil [select, 255 minutes]:
runtime.gopark(0x393925be1f78?, 0x2?, 0x0?, 0x0?, 0x393925be17cc?)
	runtime/proc.go:462 +0xce fp=0x393925be1170 sp=0x393925be1150 pc=0x48eaee
runtime.selectgo(0x393925be1f78, 0x393925be17c8, 0x0?, 0x0, 0x0?, 0x1)
	runtime/select.go:351 +0xaa5 fp=0x393925be12a0 sp=0x393925be1170 pc=0x46a9a5
github.com/minio/minio/cmd.(*expiryState).Worker(0x39391bf783c0, 0x39391b47dd50)
	github.com/minio/minio/cmd/bucket-lifecycle.go:335 +0xab fp=0x393925be1fc0 sp=0x393925be12a0 pc=0x2718c2b
github.com/minio/minio/cmd.(*expiryState).ResizeWorkers.gowrap2()
	github.com/minio/minio/cmd/bucket-lifecycle.go:313 +0x1b fp=0x393925be1fe0 sp=0x393925be1fc0 pc=0x2718b1b
runtime.goexit({})
	runtime/asm_amd64.s:1771 +0x1 fp=0x393925be1fe8 sp=0x393925be1fe0 pc=0x4966c1
created by github.com/minio/minio/cmd.(*expiryState).ResizeWorkers in goroutine 200
	github.com/minio/minio/cmd/bucket-lifecycle.go:313 +0x1ce

goroutine 386 gp=0x39391bf681e0 m=nil [select, 255 minutes]:
runtime.gopark(0x393925bebf78?, 0x2?, 0x0?, 0x0?, 0x393925beb7cc?)
	runtime/proc.go:462 +0xce fp=0x393925beb170 sp=0x393925beb150 pc=0x48eaee
runtime.selectgo(0x393925bebf78, 0x393925beb7c8, 0x0?, 0x0, 0x0?, 0x1)
	runtime/select.go:351 +0xaa5 fp=0x393925beb2a0 sp=0x393925beb170 pc=0x46a9a5
github.com/minio/minio/cmd.(*expiryState).Worker(0x39391bf783c0, 0x39391b47ddc0)
	github.com/minio/minio/cmd/bucket-lifecycle.go:335 +0xab fp=0x393925bebfc0 sp=0x393925beb2a0 pc=0x2718c2b
github.com/minio/minio/cmd.(*expiryState).ResizeWorkers.gowrap2()
	github.com/minio/minio/cmd/bucket-lifecycle.go:313 +0x1b fp=0x393925bebfe0 sp=0x393925bebfc0 pc=0x2718b1b
runtime.goexit({})
	runtime/asm_amd64.s:1771 +0x1 fp=0x393925bebfe8 sp=0x393925bebfe0 pc=0x4966c1
created by github.com/minio/minio/cmd.(*expiryState).ResizeWorkers in goroutine 200
	github.com/minio/minio/cmd/bucket-lifecycle.go:313 +0x1ce

goroutine 387 gp=0x39391bf683c0 m=nil [select, 255 minutes]:
runtime.gopark(0x393925bedf78?, 0x2?, 0x0?, 0x0?, 0x393925bed7cc?)
	runtime/proc.go:462 +0xce fp=0x393925bed170 sp=0x393925bed150 pc=0x48eaee
runtime.selectgo(0x393925bedf78, 0x393925bed7c8, 0x0?, 0x0, 0x0?, 0x1)
	runtime/select.go:351 +0xaa5 fp=0x393925bed2a0 sp=0x393925bed170 pc=0x46a9a5
github.com/minio/minio/cmd.(*expiryState).Worker(0x39391bf783c0, 0x39391b47de30)
	github.com/minio/minio/cmd/bucket-lifecycle.go:335 +0xab fp=0x393925bedfc0 sp=0x393925bed2a0 pc=0x2718c2b
github.com/minio/minio/cmd.(*expiryState).ResizeWorkers.gowrap2()
	github.com/minio/minio/cmd/bucket-lifecycle.go:313 +0x1b fp=0x393925bedfe0 sp=0x393925bedfc0 pc=0x2718b1b
runtime.goexit({})
	runtime/asm_amd64.s:1771 +0x1 fp=0x393925bedfe8 sp=0x393925bedfe0 pc=0x4966c1
created by github.com/minio/minio/cmd.(*expiryState).ResizeWorkers in goroutine 200
	github.com/minio/minio/cmd/bucket-lifecycle.go:313 +0x1ce

goroutine 388 gp=0x39391bf685a0 m=nil [select, 255 minutes]:
runtime.gopark(0x393925be7f78?, 0x2?, 0x0?, 0x0?, 0x393925be77cc?)
	runtime/proc.go:462 +0xce fp=0x393925be7170 sp=0x393925be7150 pc=0x48eaee
runtime.selectgo(0x393925be7f78, 0x393925be77c8, 0x0?, 0x0, 0x0?, 0x1)
	runtime/select.go:351 +0xaa5 fp=0x393925be72a0 sp=0x393925be7170 pc=0x46a9a5
github.com/minio/minio/cmd.(*expiryState).Worker(0x39391bf783c0, 0x39391bf6a000)
	github.com/minio/minio/cmd/bucket-lifecycle.go:335 +0xab fp=0x393925be7fc0 sp=0x393925be72a0 pc=0x2718c2b
github.com/minio/minio/cmd.(*expiryState).ResizeWorkers.gowrap2()
	github.com/minio/minio/cmd/bucket-lifecycle.go:313 +0x1b fp=0x393925be7fe0 sp=0x393925be7fc0 pc=0x2718b1b
runtime.goexit({})
	runtime/asm_amd64.s:1771 +0x1 fp=0x393925be7fe8 sp=0x393925be7fe0 pc=0x4966c1
created by github.com/minio/minio/cmd.(*expiryState).ResizeWorkers in goroutine 200
	github.com/minio/minio/cmd/bucket-lifecycle.go:313 +0x1ce

goroutine 389 gp=0x39391bf68780 m=nil [select, 255 minutes]:
runtime.gopark(0x393925be9f78?, 0x2?, 0x0?, 0x0?, 0x393925be97cc?)
	runtime/proc.go:462 +0xce fp=0x393925be9170 sp=0x393925be9150 pc=0x48eaee
runtime.selectgo(0x393925be9f78, 0x393925be97c8, 0x0?, 0x0, 0x0?, 0x1)
	runtime/select.go:351 +0xaa5 fp=0x393925be92a0 sp=0x393925be9170 pc=0x46a9a5
github.com/minio/minio/cmd.(*expiryState).Worker(0x39391bf783c0, 0x39391bf6a070)
	github.com/minio/minio/cmd/bucket-lifecycle.go:335 +0xab fp=0x393925be9fc0 sp=0x393925be92a0 pc=0x2718c2b
github.com/minio/minio/cmd.(*expiryState).ResizeWorkers.gowrap2()
	github.com/minio/minio/cmd/bucket-lifecycle.go:313 +0x1b fp=0x393925be9fe0 sp=0x393925be9fc0 pc=0x2718b1b
runtime.goexit({})
	runtime/asm_amd64.s:1771 +0x1 fp=0x393925be9fe8 sp=0x393925be9fe0 pc=0x4966c1
created by github.com/minio/minio/cmd.(*expiryState).ResizeWorkers in goroutine 200
	github.com/minio/minio/cmd/bucket-lifecycle.go:313 +0x1ce

goroutine 390 gp=0x39391bf68960 m=nil [select, 255 minutes]:
runtime.gopark(0x393925bf3f78?, 0x2?, 0x0?, 0x0?, 0x393925bf37cc?)
	runtime/proc.go:462 +0xce fp=0x393925bf3170 sp=0x393925bf3150 pc=0x48eaee
runtime.selectgo(0x393925bf3f78, 0x393925bf37c8, 0x0?, 0x0, 0x0?, 0x1)
	runtime/select.go:351 +0xaa5 fp=0x393925bf32a0 sp=0x393925bf3170 pc=0x46a9a5
github.com/minio/minio/cmd.(*expiryState).Worker(0x39391bf783c0, 0x39391bf6a0e0)
	github.com/minio/minio/cmd/bucket-lifecycle.go:335 +0xab fp=0x393925bf3fc0 sp=0x393925bf32a0 pc=0x2718c2b
github.com/minio/minio/cmd.(*expiryState).ResizeWorkers.gowrap2()
	github.com/minio/minio/cmd/bucket-lifecycle.go:313 +0x1b fp=0x393925bf3fe0 sp=0x393925bf3fc0 pc=0x2718b1b
runtime.goexit({})
	runtime/asm_amd64.s:1771 +0x1 fp=0x393925bf3fe8 sp=0x393925bf3fe0 pc=0x4966c1
created by github.com/minio/minio/cmd.(*expiryState).ResizeWorkers in goroutine 200
	github.com/minio/minio/cmd/bucket-lifecycle.go:313 +0x1ce

goroutine 391 gp=0x39391bf68b40 m=nil [select, 255 minutes]:
runtime.gopark(0x393925bf5f78?, 0x2?, 0x0?, 0x0?, 0x393925bf57cc?)
	runtime/proc.go:462 +0xce fp=0x393925bf5170 sp=0x393925bf5150 pc=0x48eaee
runtime.selectgo(0x393925bf5f78, 0x393925bf57c8, 0x0?, 0x0, 0x0?, 0x1)
	runtime/select.go:351 +0xaa5 fp=0x393925bf52a0 sp=0x393925bf5170 pc=0x46a9a5
github.com/minio/minio/cmd.(*expiryState).Worker(0x39391bf783c0, 0x39391bf6a150)
	github.com/minio/minio/cmd/bucket-lifecycle.go:335 +0xab fp=0x393925bf5fc0 sp=0x393925bf52a0 pc=0x2718c2b
github.com/minio/minio/cmd.(*expiryState).ResizeWorkers.gowrap2()
	github.com/minio/minio/cmd/bucket-lifecycle.go:313 +0x1b fp=0x393925bf5fe0 sp=0x393925bf5fc0 pc=0x2718b1b
runtime.goexit({})
	runtime/asm_amd64.s:1771 +0x1 fp=0x393925bf5fe8 sp=0x393925bf5fe0 pc=0x4966c1
created by github.com/minio/minio/cmd.(*expiryState).ResizeWorkers in goroutine 200
	github.com/minio/minio/cmd/bucket-lifecycle.go:313 +0x1ce

goroutine 392 gp=0x39391bf68d20 m=nil [select, 255 minutes]:
runtime.gopark(0x393925beff78?, 0x2?, 0x0?, 0x0?, 0x393925bef7cc?)
	runtime/proc.go:462 +0xce fp=0x393925bef170 sp=0x393925bef150 pc=0x48eaee
runtime.selectgo(0x393925beff78, 0x393925bef7c8, 0x0?, 0x0, 0x0?, 0x1)
	runtime/select.go:351 +0xaa5 fp=0x393925bef2a0 sp=0x393925bef170 pc=0x46a9a5
github.com/minio/minio/cmd.(*expiryState).Worker(0x39391bf783c0, 0x39391bf6a1c0)
	github.com/minio/minio/cmd/bucket-lifecycle.go:335 +0xab fp=0x393925beffc0 sp=0x393925bef2a0 pc=0x2718c2b
github.com/minio/minio/cmd.(*expiryState).ResizeWorkers.gowrap2()
	github.com/minio/minio/cmd/bucket-lifecycle.go:313 +0x1b fp=0x393925beffe0 sp=0x393925beffc0 pc=0x2718b1b
runtime.goexit({})
	runtime/asm_amd64.s:1771 +0x1 fp=0x393925beffe8 sp=0x393925beffe0 pc=0x4966c1
created by github.com/minio/minio/cmd.(*expiryState).ResizeWorkers in goroutine 200
	github.com/minio/minio/cmd/bucket-lifecycle.go:313 +0x1ce

goroutine 393 gp=0x39391bf68f00 m=nil [select, 255 minutes]:
runtime.gopark(0x393925bf1f78?, 0x2?, 0x0?, 0x0?, 0x393925bf17cc?)
	runtime/proc.go:462 +0xce fp=0x393925bf1170 sp=0x393925bf1150 pc=0x48eaee
runtime.selectgo(0x393925bf1f78, 0x393925bf17c8, 0x0?, 0x0, 0x0?, 0x1)
	runtime/select.go:351 +0xaa5 fp=0x393925bf12a0 sp=0x393925bf1170 pc=0x46a9a5
github.com/minio/minio/cmd.(*expiryState).Worker(0x39391bf783c0, 0x39391bf6a230)
	github.com/minio/minio/cmd/bucket-lifecycle.go:335 +0xab fp=0x393925bf1fc0 sp=0x393925bf12a0 pc=0x2718c2b
github.com/minio/minio/cmd.(*expiryState).ResizeWorkers.gowrap2()
	github.com/minio/minio/cmd/bucket-lifecycle.go:313 +0x1b fp=0x393925bf1fe0 sp=0x393925bf1fc0 pc=0x2718b1b
runtime.goexit({})
	runtime/asm_amd64.s:1771 +0x1 fp=0x393925bf1fe8 sp=0x393925bf1fe0 pc=0x4966c1
created by github.com/minio/minio/cmd.(*expiryState).ResizeWorkers in goroutine 200
	github.com/minio/minio/cmd/bucket-lifecycle.go:313 +0x1ce

goroutine 394 gp=0x39391bf690e0 m=nil [select, 255 minutes]:
runtime.gopark(0x393925bfbf78?, 0x2?, 0x0?, 0x0?, 0x393925bfb7cc?)
	runtime/proc.go:462 +0xce fp=0x393925bfb170 sp=0x393925bfb150 pc=0x48eaee
runtime.selectgo(0x393925bfbf78, 0x393925bfb7c8, 0x0?, 0x0, 0x0?, 0x1)
	runtime/select.go:351 +0xaa5 fp=0x393925bfb2a0 sp=0x393925bfb170 pc=0x46a9a5
github.com/minio/minio/cmd.(*expiryState).Worker(0x39391bf783c0, 0x39391bf6a2a0)
	github.com/minio/minio/cmd/bucket-lifecycle.go:335 +0xab fp=0x393925bfbfc0 sp=0x393925bfb2a0 pc=0x2718c2b
github.com/minio/minio/cmd.(*expiryState).ResizeWorkers.gowrap2()
	github.com/minio/minio/cmd/bucket-lifecycle.go:313 +0x1b fp=0x393925bfbfe0 sp=0x393925bfbfc0 pc=0x2718b1b
runtime.goexit({})
	runtime/asm_amd64.s:1771 +0x1 fp=0x393925bfbfe8 sp=0x393925bfbfe0 pc=0x4966c1
created by github.com/minio/minio/cmd.(*expiryState).ResizeWorkers in goroutine 200
	github.com/minio/minio/cmd/bucket-lifecycle.go:313 +0x1ce

goroutine 395 gp=0x39391bf692c0 m=nil [select, 255 minutes]:
runtime.gopark(0x393925bfdf78?, 0x2?, 0x0?, 0x0?, 0x393925bfd7cc?)
	runtime/proc.go:462 +0xce fp=0x393925bfd170 sp=0x393925bfd150 pc=0x48eaee
runtime.selectgo(0x393925bfdf78, 0x393925bfd7c8, 0x0?, 0x0, 0x0?, 0x1)
	runtime/select.go:351 +0xaa5 fp=0x393925bfd2a0 sp=0x393925bfd170 pc=0x46a9a5
github.com/minio/minio/cmd.(*expiryState).Worker(0x39391bf783c0, 0x39391bf6a310)
	github.com/minio/minio/cmd/bucket-lifecycle.go:335 +0xab fp=0x393925bfdfc0 sp=0x393925bfd2a0 pc=0x2718c2b
github.com/minio/minio/cmd.(*expiryState).ResizeWorkers.gowrap2()
	github.com/minio/minio/cmd/bucket-lifecycle.go:313 +0x1b fp=0x393925bfdfe0 sp=0x393925bfdfc0 pc=0x2718b1b
runtime.goexit({})
	runtime/asm_amd64.s:1771 +0x1 fp=0x393925bfdfe8 sp=0x393925bfdfe0 pc=0x4966c1
created by github.com/minio/minio/cmd.(*expiryState).ResizeWorkers in goroutine 200
	github.com/minio/minio/cmd/bucket-lifecycle.go:313 +0x1ce

goroutine 396 gp=0x39391bf694a0 m=nil [select, 255 minutes]:
runtime.gopark(0x393925b05f78?, 0x2?, 0x0?, 0x0?, 0x393925b057cc?)
	runtime/proc.go:462 +0xce fp=0x393925b05170 sp=0x393925b05150 pc=0x48eaee
runtime.selectgo(0x393925b05f78, 0x393925b057c8, 0x0?, 0x0, 0x0?, 0x1)
	runtime/select.go:351 +0xaa5 fp=0x393925b052a0 sp=0x393925b05170 pc=0x46a9a5
github.com/minio/minio/cmd.(*expiryState).Worker(0x39391bf783c0, 0x39391bf6a380)
	github.com/minio/minio/cmd/bucket-lifecycle.go:335 +0xab fp=0x393925b05fc0 sp=0x393925b052a0 pc=0x2718c2b
github.com/minio/minio/cmd.(*expiryState).ResizeWorkers.gowrap2()
	github.com/minio/minio/cmd/bucket-lifecycle.go:313 +0x1b fp=0x393925b05fe0 sp=0x393925b05fc0 pc=0x2718b1b
runtime.goexit({})
	runtime/asm_amd64.s:1771 +0x1 fp=0x393925b05fe8 sp=0x393925b05fe0 pc=0x4966c1
created by github.com/minio/minio/cmd.(*expiryState).ResizeWorkers in goroutine 200
	github.com/minio/minio/cmd/bucket-lifecycle.go:313 +0x1ce

goroutine 397 gp=0x39391bf69680 m=nil [select, 255 minutes]:
runtime.gopark(0x393925bf9f78?, 0x2?, 0x0?, 0x0?, 0x393925bf97cc?)
	runtime/proc.go:462 +0xce fp=0x393925bf9170 sp=0x393925bf9150 pc=0x48eaee
runtime.selectgo(0x393925bf9f78, 0x393925bf97c8, 0x0?, 0x0, 0x0?, 0x1)
	runtime/select.go:351 +0xaa5 fp=0x393925bf92a0 sp=0x393925bf9170 pc=0x46a9a5
github.com/minio/minio/cmd.(*expiryState).Worker(0x39391bf783c0, 0x39391bf6a3f0)
	github.com/minio/minio/cmd/bucket-lifecycle.go:335 +0xab fp=0x393925bf9fc0 sp=0x393925bf92a0 pc=0x2718c2b
github.com/minio/minio/cmd.(*expiryState).ResizeWorkers.gowrap2()
	github.com/minio/minio/cmd/bucket-lifecycle.go:313 +0x1b fp=0x393925bf9fe0 sp=0x393925bf9fc0 pc=0x2718b1b
runtime.goexit({})
	runtime/asm_amd64.s:1771 +0x1 fp=0x393925bf9fe8 sp=0x393925bf9fe0 pc=0x4966c1
created by github.com/minio/minio/cmd.(*expiryState).ResizeWorkers in goroutine 200
	github.com/minio/minio/cmd/bucket-lifecycle.go:313 +0x1ce

goroutine 398 gp=0x39391bf69860 m=nil [select, 255 minutes]:
runtime.gopark(0x393925c05f78?, 0x2?, 0x0?, 0x0?, 0x393925c057cc?)
	runtime/proc.go:462 +0xce fp=0x393925c05170 sp=0x393925c05150 pc=0x48eaee
runtime.selectgo(0x393925c05f78, 0x393925c057c8, 0x0?, 0x0, 0x0?, 0x1)
	runtime/select.go:351 +0xaa5 fp=0x393925c052a0 sp=0x393925c05170 pc=0x46a9a5
github.com/minio/minio/cmd.(*expiryState).Worker(0x39391bf783c0, 0x39391bf6a460)
	github.com/minio/minio/cmd/bucket-lifecycle.go:335 +0xab fp=0x393925c05fc0 sp=0x393925c052a0 pc=0x2718c2b
github.com/minio/minio/cmd.(*expiryState).ResizeWorkers.gowrap2()
	github.com/minio/minio/cmd/bucket-lifecycle.go:313 +0x1b fp=0x393925c05fe0 sp=0x393925c05fc0 pc=0x2718b1b
runtime.goexit({})
	runtime/asm_amd64.s:1771 +0x1 fp=0x393925c05fe8 sp=0x393925c05fe0 pc=0x4966c1
created by github.com/minio/minio/cmd.(*expiryState).ResizeWorkers in goroutine 200
	github.com/minio/minio/cmd/bucket-lifecycle.go:313 +0x1ce

goroutine 399 gp=0x39391bf69a40 m=nil [select, 255 minutes]:
runtime.gopark(0x393925c07f78?, 0x2?, 0x0?, 0x0?, 0x393925c077cc?)
	runtime/proc.go:462 +0xce fp=0x393925c07170 sp=0x393925c07150 pc=0x48eaee
runtime.selectgo(0x393925c07f78, 0x393925c077c8, 0x0?, 0x0, 0x0?, 0x1)
	runtime/select.go:351 +0xaa5 fp=0x393925c072a0 sp=0x393925c07170 pc=0x46a9a5
github.com/minio/minio/cmd.(*expiryState).Worker(0x39391bf783c0, 0x39391bf6a4d0)
	github.com/minio/minio/cmd/bucket-lifecycle.go:335 +0xab fp=0x393925c07fc0 sp=0x393925c072a0 pc=0x2718c2b
github.com/minio/minio/cmd.(*expiryState).ResizeWorkers.gowrap2()
	github.com/minio/minio/cmd/bucket-lifecycle.go:313 +0x1b fp=0x393925c07fe0 sp=0x393925c07fc0 pc=0x2718b1b
runtime.goexit({})
	runtime/asm_amd64.s:1771 +0x1 fp=0x393925c07fe8 sp=0x393925c07fe0 pc=0x4966c1
created by github.com/minio/minio/cmd.(*expiryState).ResizeWorkers in goroutine 200
	github.com/minio/minio/cmd/bucket-lifecycle.go:313 +0x1ce

goroutine 400 gp=0x39391bf69c20 m=nil [select, 255 minutes]:
runtime.gopark(0x393925c01f78?, 0x2?, 0x0?, 0x0?, 0x393925c017cc?)
	runtime/proc.go:462 +0xce fp=0x393925c01170 sp=0x393925c01150 pc=0x48eaee
runtime.selectgo(0x393925c01f78, 0x393925c017c8, 0x0?, 0x0, 0x0?, 0x1)
	runtime/select.go:351 +0xaa5 fp=0x393925c012a0 sp=0x393925c01170 pc=0x46a9a5
github.com/minio/minio/cmd.(*expiryState).Worker(0x39391bf783c0, 0x39391bf6a540)
	github.com/minio/minio/cmd/bucket-lifecycle.go:335 +0xab fp=0x393925c01fc0 sp=0x393925c012a0 pc=0x2718c2b
github.com/minio/minio/cmd.(*expiryState).ResizeWorkers.gowrap2()
	github.com/minio/minio/cmd/bucket-lifecycle.go:313 +0x1b fp=0x393925c01fe0 sp=0x393925c01fc0 pc=0x2718b1b
runtime.goexit({})
	runtime/asm_amd64.s:1771 +0x1 fp=0x393925c01fe8 sp=0x393925c01fe0 pc=0x4966c1
created by github.com/minio/minio/cmd.(*expiryState).ResizeWorkers in goroutine 200
	github.com/minio/minio/cmd/bucket-lifecycle.go:313 +0x1ce

goroutine 401 gp=0x39391c384000 m=nil [select, 255 minutes]:
runtime.gopark(0x393925c03f78?, 0x2?, 0x0?, 0x0?, 0x393925c037cc?)
	runtime/proc.go:462 +0xce fp=0x393925c03170 sp=0x393925c03150 pc=0x48eaee
runtime.selectgo(0x393925c03f78, 0x393925c037c8, 0x0?, 0x0, 0x0?, 0x1)
	runtime/select.go:351 +0xaa5 fp=0x393925c032a0 sp=0x393925c03170 pc=0x46a9a5
github.com/minio/minio/cmd.(*expiryState).Worker(0x39391bf783c0, 0x39391bf6a5b0)
	github.com/minio/minio/cmd/bucket-lifecycle.go:335 +0xab fp=0x393925c03fc0 sp=0x393925c032a0 pc=0x2718c2b
github.com/minio/minio/cmd.(*expiryState).ResizeWorkers.gowrap2()
	github.com/minio/minio/cmd/bucket-lifecycle.go:313 +0x1b fp=0x393925c03fe0 sp=0x393925c03fc0 pc=0x2718b1b
runtime.goexit({})
	runtime/asm_amd64.s:1771 +0x1 fp=0x393925c03fe8 sp=0x393925c03fe0 pc=0x4966c1
created by github.com/minio/minio/cmd.(*expiryState).ResizeWorkers in goroutine 200
	github.com/minio/minio/cmd/bucket-lifecycle.go:313 +0x1ce

goroutine 402 gp=0x39391c3841e0 m=nil [select, 255 minutes]:
runtime.gopark(0x393925c0df78?, 0x2?, 0x0?, 0x0?, 0x393925c0d7cc?)
	runtime/proc.go:462 +0xce fp=0x393925c0d170 sp=0x393925c0d150 pc=0x48eaee
runtime.selectgo(0x393925c0df78, 0x393925c0d7c8, 0x0?, 0x0, 0x0?, 0x1)
	runtime/select.go:351 +0xaa5 fp=0x393925c0d2a0 sp=0x393925c0d170 pc=0x46a9a5
github.com/minio/minio/cmd.(*expiryState).Worker(0x39391bf783c0, 0x39391bf6a620)
	github.com/minio/minio/cmd/bucket-lifecycle.go:335 +0xab fp=0x393925c0dfc0 sp=0x393925c0d2a0 pc=0x2718c2b
github.com/minio/minio/cmd.(*expiryState).ResizeWorkers.gowrap2()
	github.com/minio/minio/cmd/bucket-lifecycle.go:313 +0x1b fp=0x393925c0dfe0 sp=0x393925c0dfc0 pc=0x2718b1b
runtime.goexit({})
	runtime/asm_amd64.s:1771 +0x1 fp=0x393925c0dfe8 sp=0x393925c0dfe0 pc=0x4966c1
created by github.com/minio/minio/cmd.(*expiryState).ResizeWorkers in goroutine 200
	github.com/minio/minio/cmd/bucket-lifecycle.go:313 +0x1ce

goroutine 403 gp=0x39391c3843c0 m=nil [select, 255 minutes]:
runtime.gopark(0x393925c0ff78?, 0x2?, 0x0?, 0x0?, 0x393925c0f7cc?)
	runtime/proc.go:462 +0xce fp=0x393925c0f170 sp=0x393925c0f150 pc=0x48eaee
runtime.selectgo(0x393925c0ff78, 0x393925c0f7c8, 0x0?, 0x0, 0x0?, 0x1)
	runtime/select.go:351 +0xaa5 fp=0x393925c0f2a0 sp=0x393925c0f170 pc=0x46a9a5
github.com/minio/minio/cmd.(*expiryState).Worker(0x39391bf783c0, 0x39391bf6a690)
	github.com/minio/minio/cmd/bucket-lifecycle.go:335 +0xab fp=0x393925c0ffc0 sp=0x393925c0f2a0 pc=0x2718c2b
github.com/minio/minio/cmd.(*expiryState).ResizeWorkers.gowrap2()
	github.com/minio/minio/cmd/bucket-lifecycle.go:313 +0x1b fp=0x393925c0ffe0 sp=0x393925c0ffc0 pc=0x2718b1b
runtime.goexit({})
	runtime/asm_amd64.s:1771 +0x1 fp=0x393925c0ffe8 sp=0x393925c0ffe0 pc=0x4966c1
created by github.com/minio/minio/cmd.(*expiryState).ResizeWorkers in goroutine 200
	github.com/minio/minio/cmd/bucket-lifecycle.go:313 +0x1ce

goroutine 404 gp=0x39391c3845a0 m=nil [select, 255 minutes]:
runtime.gopark(0x393925c09f78?, 0x2?, 0x0?, 0x0?, 0x393925c097cc?)
	runtime/proc.go:462 +0xce fp=0x393925c09170 sp=0x393925c09150 pc=0x48eaee
runtime.selectgo(0x393925c09f78, 0x393925c097c8, 0x0?, 0x0, 0x0?, 0x1)
	runtime/select.go:351 +0xaa5 fp=0x393925c092a0 sp=0x393925c09170 pc=0x46a9a5
github.com/minio/minio/cmd.(*expiryState).Worker(0x39391bf783c0, 0x39391bf6a700)
	github.com/minio/minio/cmd/bucket-lifecycle.go:335 +0xab fp=0x393925c09fc0 sp=0x393925c092a0 pc=0x2718c2b
github.com/minio/minio/cmd.(*expiryState).ResizeWorkers.gowrap2()
	github.com/minio/minio/cmd/bucket-lifecycle.go:313 +0x1b fp=0x393925c09fe0 sp=0x393925c09fc0 pc=0x2718b1b
runtime.goexit({})
	runtime/asm_amd64.s:1771 +0x1 fp=0x393925c09fe8 sp=0x393925c09fe0 pc=0x4966c1
created by github.com/minio/minio/cmd.(*expiryState).ResizeWorkers in goroutine 200
	github.com/minio/minio/cmd/bucket-lifecycle.go:313 +0x1ce

goroutine 405 gp=0x39391c384780 m=nil [select, 255 minutes]:
runtime.gopark(0x393925c0bf78?, 0x2?, 0x0?, 0x0?, 0x393925c0b7cc?)
	runtime/proc.go:462 +0xce fp=0x393925c0b170 sp=0x393925c0b150 pc=0x48eaee
runtime.selectgo(0x393925c0bf78, 0x393925c0b7c8, 0x0?, 0x0, 0x0?, 0x1)
	runtime/select.go:351 +0xaa5 fp=0x393925c0b2a0 sp=0x393925c0b170 pc=0x46a9a5
github.com/minio/minio/cmd.(*expiryState).Worker(0x39391bf783c0, 0x39391bf6a770)
	github.com/minio/minio/cmd/bucket-lifecycle.go:335 +0xab fp=0x393925c0bfc0 sp=0x393925c0b2a0 pc=0x2718c2b
github.com/minio/minio/cmd.(*expiryState).ResizeWorkers.gowrap2()
	github.com/minio/minio/cmd/bucket-lifecycle.go:313 +0x1b fp=0x393925c0bfe0 sp=0x393925c0bfc0 pc=0x2718b1b
runtime.goexit({})
	runtime/asm_amd64.s:1771 +0x1 fp=0x393925c0bfe8 sp=0x393925c0bfe0 pc=0x4966c1
created by github.com/minio/minio/cmd.(*expiryState).ResizeWorkers in goroutine 200
	github.com/minio/minio/cmd/bucket-lifecycle.go:313 +0x1ce

goroutine 406 gp=0x39391c384960 m=nil [select, 255 minutes]:
runtime.gopark(0x393925c15f78?, 0x2?, 0x0?, 0x0?, 0x393925c157cc?)
	runtime/proc.go:462 +0xce fp=0x393925c15170 sp=0x393925c15150 pc=0x48eaee
runtime.selectgo(0x393925c15f78, 0x393925c157c8, 0x0?, 0x0, 0x0?, 0x1)
	runtime/select.go:351 +0xaa5 fp=0x393925c152a0 sp=0x393925c15170 pc=0x46a9a5
github.com/minio/minio/cmd.(*expiryState).Worker(0x39391bf783c0, 0x39391bf6a7e0)
	github.com/minio/minio/cmd/bucket-lifecycle.go:335 +0xab fp=0x393925c15fc0 sp=0x393925c152a0 pc=0x2718c2b
github.com/minio/minio/cmd.(*expiryState).ResizeWorkers.gowrap2()
	github.com/minio/minio/cmd/bucket-lifecycle.go:313 +0x1b fp=0x393925c15fe0 sp=0x393925c15fc0 pc=0x2718b1b
runtime.goexit({})
	runtime/asm_amd64.s:1771 +0x1 fp=0x393925c15fe8 sp=0x393925c15fe0 pc=0x4966c1
created by github.com/minio/minio/cmd.(*expiryState).ResizeWorkers in goroutine 200
	github.com/minio/minio/cmd/bucket-lifecycle.go:313 +0x1ce

goroutine 407 gp=0x39391c384b40 m=nil [select, 255 minutes]:
runtime.gopark(0x393925c17f78?, 0x2?, 0x0?, 0x0?, 0x393925c177cc?)
	runtime/proc.go:462 +0xce fp=0x393925c17170 sp=0x393925c17150 pc=0x48eaee
runtime.selectgo(0x393925c17f78, 0x393925c177c8, 0x0?, 0x0, 0x0?, 0x1)
	runtime/select.go:351 +0xaa5 fp=0x393925c172a0 sp=0x393925c17170 pc=0x46a9a5
github.com/minio/minio/cmd.(*expiryState).Worker(0x39391bf783c0, 0x39391bf6a850)
	github.com/minio/minio/cmd/bucket-lifecycle.go:335 +0xab fp=0x393925c17fc0 sp=0x393925c172a0 pc=0x2718c2b
github.com/minio/minio/cmd.(*expiryState).ResizeWorkers.gowrap2()
	github.com/minio/minio/cmd/bucket-lifecycle.go:313 +0x1b fp=0x393925c17fe0 sp=0x393925c17fc0 pc=0x2718b1b
runtime.goexit({})
	runtime/asm_amd64.s:1771 +0x1 fp=0x393925c17fe8 sp=0x393925c17fe0 pc=0x4966c1
created by github.com/minio/minio/cmd.(*expiryState).ResizeWorkers in goroutine 200
	github.com/minio/minio/cmd/bucket-lifecycle.go:313 +0x1ce

goroutine 408 gp=0x39391c384d20 m=nil [select, 255 minutes]:
runtime.gopark(0x393925c11f78?, 0x2?, 0x0?, 0x0?, 0x393925c117cc?)
	runtime/proc.go:462 +0xce fp=0x393925c11170 sp=0x393925c11150 pc=0x48eaee
runtime.selectgo(0x393925c11f78, 0x393925c117c8, 0x0?, 0x0, 0x0?, 0x1)
	runtime/select.go:351 +0xaa5 fp=0x393925c112a0 sp=0x393925c11170 pc=0x46a9a5
github.com/minio/minio/cmd.(*expiryState).Worker(0x39391bf783c0, 0x39391bf6a8c0)
	github.com/minio/minio/cmd/bucket-lifecycle.go:335 +0xab fp=0x393925c11fc0 sp=0x393925c112a0 pc=0x2718c2b
github.com/minio/minio/cmd.(*expiryState).ResizeWorkers.gowrap2()
	github.com/minio/minio/cmd/bucket-lifecycle.go:313 +0x1b fp=0x393925c11fe0 sp=0x393925c11fc0 pc=0x2718b1b
runtime.goexit({})
	runtime/asm_amd64.s:1771 +0x1 fp=0x393925c11fe8 sp=0x393925c11fe0 pc=0x4966c1
created by github.com/minio/minio/cmd.(*expiryState).ResizeWorkers in goroutine 200
	github.com/minio/minio/cmd/bucket-lifecycle.go:313 +0x1ce

goroutine 409 gp=0x39391c384f00 m=nil [select, 255 minutes]:
runtime.gopark(0x393925c13f78?, 0x2?, 0x0?, 0x0?, 0x393925c137cc?)
	runtime/proc.go:462 +0xce fp=0x393925c13170 sp=0x393925c13150 pc=0x48eaee
runtime.selectgo(0x393925c13f78, 0x393925c137c8, 0x0?, 0x0, 0x0?, 0x1)
	runtime/select.go:351 +0xaa5 fp=0x393925c132a0 sp=0x393925c13170 pc=0x46a9a5
github.com/minio/minio/cmd.(*expiryState).Worker(0x39391bf783c0, 0x39391bf6a930)
	github.com/minio/minio/cmd/bucket-lifecycle.go:335 +0xab fp=0x393925c13fc0 sp=0x393925c132a0 pc=0x2718c2b
github.com/minio/minio/cmd.(*expiryState).ResizeWorkers.gowrap2()
	github.com/minio/minio/cmd/bucket-lifecycle.go:313 +0x1b fp=0x393925c13fe0 sp=0x393925c13fc0 pc=0x2718b1b
runtime.goexit({})
	runtime/asm_amd64.s:1771 +0x1 fp=0x393925c13fe8 sp=0x393925c13fe0 pc=0x4966c1
created by github.com/minio/minio/cmd.(*expiryState).ResizeWorkers in goroutine 200
	github.com/minio/minio/cmd/bucket-lifecycle.go:313 +0x1ce

goroutine 410 gp=0x39391c3850e0 m=nil [select, 255 minutes]:
runtime.gopark(0x393925bf7f78?, 0x2?, 0x0?, 0x0?, 0x393925bf77cc?)
	runtime/proc.go:462 +0xce fp=0x393925bf7170 sp=0x393925bf7150 pc=0x48eaee
runtime.selectgo(0x393925bf7f78, 0x393925bf77c8, 0x0?, 0x0, 0x0?, 0x1)
	runtime/select.go:351 +0xaa5 fp=0x393925bf72a0 sp=0x393925bf7170 pc=0x46a9a5
github.com/minio/minio/cmd.(*expiryState).Worker(0x39391bf783c0, 0x39391bf6a9a0)
	github.com/minio/minio/cmd/bucket-lifecycle.go:335 +0xab fp=0x393925bf7fc0 sp=0x393925bf72a0 pc=0x2718c2b
github.com/minio/minio/cmd.(*expiryState).ResizeWorkers.gowrap2()
	github.com/minio/minio/cmd/bucket-lifecycle.go:313 +0x1b fp=0x393925bf7fe0 sp=0x393925bf7fc0 pc=0x2718b1b
runtime.goexit({})
	runtime/asm_amd64.s:1771 +0x1 fp=0x393925bf7fe8 sp=0x393925bf7fe0 pc=0x4966c1
created by github.com/minio/minio/cmd.(*expiryState).ResizeWorkers in goroutine 200
	github.com/minio/minio/cmd/bucket-lifecycle.go:313 +0x1ce

goroutine 411 gp=0x39391c3852c0 m=nil [select, 255 minutes]:
runtime.gopark(0x393925c1ff78?, 0x2?, 0x0?, 0x0?, 0x393925c1f7cc?)
	runtime/proc.go:462 +0xce fp=0x393925c1f170 sp=0x393925c1f150 pc=0x48eaee
runtime.selectgo(0x393925c1ff78, 0x393925c1f7c8, 0x0?, 0x0, 0x0?, 0x1)
	runtime/select.go:351 +0xaa5 fp=0x393925c1f2a0 sp=0x393925c1f170 pc=0x46a9a5
github.com/minio/minio/cmd.(*expiryState).Worker(0x39391bf783c0, 0x39391bf6aa10)
	github.com/minio/minio/cmd/bucket-lifecycle.go:335 +0xab fp=0x393925c1ffc0 sp=0x393925c1f2a0 pc=0x2718c2b
github.com/minio/minio/cmd.(*expiryState).ResizeWorkers.gowrap2()
	github.com/minio/minio/cmd/bucket-lifecycle.go:313 +0x1b fp=0x393925c1ffe0 sp=0x393925c1ffc0 pc=0x2718b1b
runtime.goexit({})
	runtime/asm_amd64.s:1771 +0x1 fp=0x393925c1ffe8 sp=0x393925c1ffe0 pc=0x4966c1
created by github.com/minio/minio/cmd.(*expiryState).ResizeWorkers in goroutine 200
	github.com/minio/minio/cmd/bucket-lifecycle.go:313 +0x1ce

goroutine 412 gp=0x39391c3854a0 m=nil [select, 255 minutes]:
runtime.gopark(0x393925c19f78?, 0x2?, 0x0?, 0x0?, 0x393925c197cc?)
	runtime/proc.go:462 +0xce fp=0x393925c19170 sp=0x393925c19150 pc=0x48eaee
runtime.selectgo(0x393925c19f78, 0x393925c197c8, 0x0?, 0x0, 0x0?, 0x1)
	runtime/select.go:351 +0xaa5 fp=0x393925c192a0 sp=0x393925c19170 pc=0x46a9a5
github.com/minio/minio/cmd.(*expiryState).Worker(0x39391bf783c0, 0x39391bf6aa80)
	github.com/minio/minio/cmd/bucket-lifecycle.go:335 +0xab fp=0x393925c19fc0 sp=0x393925c192a0 pc=0x2718c2b
github.com/minio/minio/cmd.(*expiryState).ResizeWorkers.gowrap2()
	github.com/minio/minio/cmd/bucket-lifecycle.go:313 +0x1b fp=0x393925c19fe0 sp=0x393925c19fc0 pc=0x2718b1b
runtime.goexit({})
	runtime/asm_amd64.s:1771 +0x1 fp=0x393925c19fe8 sp=0x393925c19fe0 pc=0x4966c1
created by github.com/minio/minio/cmd.(*expiryState).ResizeWorkers in goroutine 200
	github.com/minio/minio/cmd/bucket-lifecycle.go:313 +0x1ce

goroutine 413 gp=0x39391c385680 m=nil [select, 255 minutes]:
runtime.gopark(0x393925c1bf78?, 0x2?, 0x0?, 0x0?, 0x393925c1b7cc?)
	runtime/proc.go:462 +0xce fp=0x393925c1b170 sp=0x393925c1b150 pc=0x48eaee
runtime.selectgo(0x393925c1bf78, 0x393925c1b7c8, 0x0?, 0x0, 0x0?, 0x1)
	runtime/select.go:351 +0xaa5 fp=0x393925c1b2a0 sp=0x393925c1b170 pc=0x46a9a5
github.com/minio/minio/cmd.(*expiryState).Worker(0x39391bf783c0, 0x39391bf6aaf0)
	github.com/minio/minio/cmd/bucket-lifecycle.go:335 +0xab fp=0x393925c1bfc0 sp=0x393925c1b2a0 pc=0x2718c2b
github.com/minio/minio/cmd.(*expiryState).ResizeWorkers.gowrap2()
	github.com/minio/minio/cmd/bucket-lifecycle.go:313 +0x1b fp=0x393925c1bfe0 sp=0x393925c1bfc0 pc=0x2718b1b
runtime.goexit({})
	runtime/asm_amd64.s:1771 +0x1 fp=0x393925c1bfe8 sp=0x393925c1bfe0 pc=0x4966c1
created by github.com/minio/minio/cmd.(*expiryState).ResizeWorkers in goroutine 200
	github.com/minio/minio/cmd/bucket-lifecycle.go:313 +0x1ce

goroutine 414 gp=0x39391c385860 m=nil [select, 255 minutes]:
runtime.gopark(0x393925c25f78?, 0x2?, 0x0?, 0x0?, 0x393925c257cc?)
	runtime/proc.go:462 +0xce fp=0x393925c25170 sp=0x393925c25150 pc=0x48eaee
runtime.selectgo(0x393925c25f78, 0x393925c257c8, 0x0?, 0x0, 0x0?, 0x1)
	runtime/select.go:351 +0xaa5 fp=0x393925c252a0 sp=0x393925c25170 pc=0x46a9a5
github.com/minio/minio/cmd.(*expiryState).Worker(0x39391bf783c0, 0x39391bf6ab60)
	github.com/minio/minio/cmd/bucket-lifecycle.go:335 +0xab fp=0x393925c25fc0 sp=0x393925c252a0 pc=0x2718c2b
github.com/minio/minio/cmd.(*expiryState).ResizeWorkers.gowrap2()
	github.com/minio/minio/cmd/bucket-lifecycle.go:313 +0x1b fp=0x393925c25fe0 sp=0x393925c25fc0 pc=0x2718b1b
runtime.goexit({})
	runtime/asm_amd64.s:1771 +0x1 fp=0x393925c25fe8 sp=0x393925c25fe0 pc=0x4966c1
created by github.com/minio/minio/cmd.(*expiryState).ResizeWorkers in goroutine 200
	github.com/minio/minio/cmd/bucket-lifecycle.go:313 +0x1ce

goroutine 415 gp=0x39391c385a40 m=nil [select, 255 minutes]:
runtime.gopark(0x393925c27f78?, 0x2?, 0x0?, 0x0?, 0x393925c277cc?)
	runtime/proc.go:462 +0xce fp=0x393925c27170 sp=0x393925c27150 pc=0x48eaee
runtime.selectgo(0x393925c27f78, 0x393925c277c8, 0x0?, 0x0, 0x0?, 0x1)
	runtime/select.go:351 +0xaa5 fp=0x393925c272a0 sp=0x393925c27170 pc=0x46a9a5
github.com/minio/minio/cmd.(*expiryState).Worker(0x39391bf783c0, 0x39391bf6abd0)
	github.com/minio/minio/cmd/bucket-lifecycle.go:335 +0xab fp=0x393925c27fc0 sp=0x393925c272a0 pc=0x2718c2b
github.com/minio/minio/cmd.(*expiryState).ResizeWorkers.gowrap2()
	github.com/minio/minio/cmd/bucket-lifecycle.go:313 +0x1b fp=0x393925c27fe0 sp=0x393925c27fc0 pc=0x2718b1b
runtime.goexit({})
	runtime/asm_amd64.s:1771 +0x1 fp=0x393925c27fe8 sp=0x393925c27fe0 pc=0x4966c1
created by github.com/minio/minio/cmd.(*expiryState).ResizeWorkers in goroutine 200
	github.com/minio/minio/cmd/bucket-lifecycle.go:313 +0x1ce

goroutine 416 gp=0x39391c385c20 m=nil [select, 255 minutes]:
runtime.gopark(0x393925c21f78?, 0x2?, 0x0?, 0x0?, 0x393925c217cc?)
	runtime/proc.go:462 +0xce fp=0x393925c21170 sp=0x393925c21150 pc=0x48eaee
runtime.selectgo(0x393925c21f78, 0x393925c217c8, 0x0?, 0x0, 0x0?, 0x1)
	runtime/select.go:351 +0xaa5 fp=0x393925c212a0 sp=0x393925c21170 pc=0x46a9a5
github.com/minio/minio/cmd.(*expiryState).Worker(0x39391bf783c0, 0x39391bf6ac40)
	github.com/minio/minio/cmd/bucket-lifecycle.go:335 +0xab fp=0x393925c21fc0 sp=0x393925c212a0 pc=0x2718c2b
github.com/minio/minio/cmd.(*expiryState).ResizeWorkers.gowrap2()
	github.com/minio/minio/cmd/bucket-lifecycle.go:313 +0x1b fp=0x393925c21fe0 sp=0x393925c21fc0 pc=0x2718b1b
runtime.goexit({})
	runtime/asm_amd64.s:1771 +0x1 fp=0x393925c21fe8 sp=0x393925c21fe0 pc=0x4966c1
created by github.com/minio/minio/cmd.(*expiryState).ResizeWorkers in goroutine 200
	github.com/minio/minio/cmd/bucket-lifecycle.go:313 +0x1ce

goroutine 417 gp=0x39391c386000 m=nil [select, 255 minutes]:
runtime.gopark(0x393925c1df78?, 0x2?, 0x0?, 0x0?, 0x393925c1d7cc?)
	runtime/proc.go:462 +0xce fp=0x393925c1d170 sp=0x393925c1d150 pc=0x48eaee
runtime.selectgo(0x393925c1df78, 0x393925c1d7c8, 0x0?, 0x0, 0x0?, 0x1)
	runtime/select.go:351 +0xaa5 fp=0x393925c1d2a0 sp=0x393925c1d170 pc=0x46a9a5
github.com/minio/minio/cmd.(*expiryState).Worker(0x39391bf783c0, 0x39391bf6acb0)
	github.com/minio/minio/cmd/bucket-lifecycle.go:335 +0xab fp=0x393925c1dfc0 sp=0x393925c1d2a0 pc=0x2718c2b
github.com/minio/minio/cmd.(*expiryState).ResizeWorkers.gowrap2()
	github.com/minio/minio/cmd/bucket-lifecycle.go:313 +0x1b fp=0x393925c1dfe0 sp=0x393925c1dfc0 pc=0x2718b1b
runtime.goexit({})
	runtime/asm_amd64.s:1771 +0x1 fp=0x393925c1dfe8 sp=0x393925c1dfe0 pc=0x4966c1
created by github.com/minio/minio/cmd.(*expiryState).ResizeWorkers in goroutine 200
	github.com/minio/minio/cmd/bucket-lifecycle.go:313 +0x1ce

goroutine 418 gp=0x39391c3861e0 m=nil [select, 255 minutes]:
runtime.gopark(0x393925c2df78?, 0x2?, 0x0?, 0x0?, 0x393925c2d7cc?)
	runtime/proc.go:462 +0xce fp=0x393925c2d170 sp=0x393925c2d150 pc=0x48eaee
runtime.selectgo(0x393925c2df78, 0x393925c2d7c8, 0x0?, 0x0, 0x0?, 0x1)
	runtime/select.go:351 +0xaa5 fp=0x393925c2d2a0 sp=0x393925c2d170 pc=0x46a9a5
github.com/minio/minio/cmd.(*expiryState).Worker(0x39391bf783c0, 0x39391bf6ad20)
	github.com/minio/minio/cmd/bucket-lifecycle.go:335 +0xab fp=0x393925c2dfc0 sp=0x393925c2d2a0 pc=0x2718c2b
github.com/minio/minio/cmd.(*expiryState).ResizeWorkers.gowrap2()
	github.com/minio/minio/cmd/bucket-lifecycle.go:313 +0x1b fp=0x393925c2dfe0 sp=0x393925c2dfc0 pc=0x2718b1b
runtime.goexit({})
	runtime/asm_amd64.s:1771 +0x1 fp=0x393925c2dfe8 sp=0x393925c2dfe0 pc=0x4966c1
created by github.com/minio/minio/cmd.(*expiryState).ResizeWorkers in goroutine 200
	github.com/minio/minio/cmd/bucket-lifecycle.go:313 +0x1ce

goroutine 419 gp=0x39391c3863c0 m=nil [select, 255 minutes]:
runtime.gopark(0x393925c2ff78?, 0x2?, 0x0?, 0x0?, 0x393925c2f7cc?)
	runtime/proc.go:462 +0xce fp=0x393925c2f170 sp=0x393925c2f150 pc=0x48eaee
runtime.selectgo(0x393925c2ff78, 0x393925c2f7c8, 0x0?, 0x0, 0x0?, 0x1)
	runtime/select.go:351 +0xaa5 fp=0x393925c2f2a0 sp=0x393925c2f170 pc=0x46a9a5
github.com/minio/minio/cmd.(*expiryState).Worker(0x39391bf783c0, 0x39391bf6ad90)
	github.com/minio/minio/cmd/bucket-lifecycle.go:335 +0xab fp=0x393925c2ffc0 sp=0x393925c2f2a0 pc=0x2718c2b
github.com/minio/minio/cmd.(*expiryState).ResizeWorkers.gowrap2()
	github.com/minio/minio/cmd/bucket-lifecycle.go:313 +0x1b fp=0x393925c2ffe0 sp=0x393925c2ffc0 pc=0x2718b1b
runtime.goexit({})
	runtime/asm_amd64.s:1771 +0x1 fp=0x393925c2ffe8 sp=0x393925c2ffe0 pc=0x4966c1
created by github.com/minio/minio/cmd.(*expiryState).ResizeWorkers in goroutine 200
	github.com/minio/minio/cmd/bucket-lifecycle.go:313 +0x1ce

goroutine 420 gp=0x39391c3865a0 m=nil [select, 255 minutes]:
runtime.gopark(0x393925c29f78?, 0x2?, 0x0?, 0x0?, 0x393925c297cc?)
	runtime/proc.go:462 +0xce fp=0x393925c29170 sp=0x393925c29150 pc=0x48eaee
runtime.selectgo(0x393925c29f78, 0x393925c297c8, 0x0?, 0x0, 0x0?, 0x1)
	runtime/select.go:351 +0xaa5 fp=0x393925c292a0 sp=0x393925c29170 pc=0x46a9a5
github.com/minio/minio/cmd.(*expiryState).Worker(0x39391bf783c0, 0x39391bf6ae00)
	github.com/minio/minio/cmd/bucket-lifecycle.go:335 +0xab fp=0x393925c29fc0 sp=0x393925c292a0 pc=0x2718c2b
github.com/minio/minio/cmd.(*expiryState).ResizeWorkers.gowrap2()
	github.com/minio/minio/cmd/bucket-lifecycle.go:313 +0x1b fp=0x393925c29fe0 sp=0x393925c29fc0 pc=0x2718b1b
runtime.goexit({})
	runtime/asm_amd64.s:1771 +0x1 fp=0x393925c29fe8 sp=0x393925c29fe0 pc=0x4966c1
created by github.com/minio/minio/cmd.(*expiryState).ResizeWorkers in goroutine 200
	github.com/minio/minio/cmd/bucket-lifecycle.go:313 +0x1ce

goroutine 421 gp=0x39391c386780 m=nil [select, 255 minutes]:
runtime.gopark(0x393925c23f78?, 0x2?, 0x0?, 0x0?, 0x393925c237cc?)
	runtime/proc.go:462 +0xce fp=0x393925c23170 sp=0x393925c23150 pc=0x48eaee
runtime.selectgo(0x393925c23f78, 0x393925c237c8, 0x0?, 0x0, 0x0?, 0x1)
	runtime/select.go:351 +0xaa5 fp=0x393925c232a0 sp=0x393925c23170 pc=0x46a9a5
github.com/minio/minio/cmd.(*expiryState).Worker(0x39391bf783c0, 0x39391bf6ae70)
	github.com/minio/minio/cmd/bucket-lifecycle.go:335 +0xab fp=0x393925c23fc0 sp=0x393925c232a0 pc=0x2718c2b
github.com/minio/minio/cmd.(*expiryState).ResizeWorkers.gowrap2()
	github.com/minio/minio/cmd/bucket-lifecycle.go:313 +0x1b fp=0x393925c23fe0 sp=0x393925c23fc0 pc=0x2718b1b
runtime.goexit({})
	runtime/asm_amd64.s:1771 +0x1 fp=0x393925c23fe8 sp=0x393925c23fe0 pc=0x4966c1
created by github.com/minio/minio/cmd.(*expiryState).ResizeWorkers in goroutine 200
	github.com/minio/minio/cmd/bucket-lifecycle.go:313 +0x1ce

goroutine 422 gp=0x39391c386960 m=nil [select, 255 minutes]:
runtime.gopark(0x393925c35f78?, 0x2?, 0x0?, 0x0?, 0x393925c357cc?)
	runtime/proc.go:462 +0xce fp=0x393925c35170 sp=0x393925c35150 pc=0x48eaee
runtime.selectgo(0x393925c35f78, 0x393925c357c8, 0x0?, 0x0, 0x0?, 0x1)
	runtime/select.go:351 +0xaa5 fp=0x393925c352a0 sp=0x393925c35170 pc=0x46a9a5
github.com/minio/minio/cmd.(*expiryState).Worker(0x39391bf783c0, 0x39391bf6aee0)
	github.com/minio/minio/cmd/bucket-lifecycle.go:335 +0xab fp=0x393925c35fc0 sp=0x393925c352a0 pc=0x2718c2b
github.com/minio/minio/cmd.(*expiryState).ResizeWorkers.gowrap2()
	github.com/minio/minio/cmd/bucket-lifecycle.go:313 +0x1b fp=0x393925c35fe0 sp=0x393925c35fc0 pc=0x2718b1b
runtime.goexit({})
	runtime/asm_amd64.s:1771 +0x1 fp=0x393925c35fe8 sp=0x393925c35fe0 pc=0x4966c1
created by github.com/minio/minio/cmd.(*expiryState).ResizeWorkers in goroutine 200
	github.com/minio/minio/cmd/bucket-lifecycle.go:313 +0x1ce

goroutine 423 gp=0x39391c386b40 m=nil [select, 255 minutes]:
runtime.gopark(0x393925c2bf78?, 0x2?, 0x0?, 0x0?, 0x393925c2b7cc?)
	runtime/proc.go:462 +0xce fp=0x393925c2b170 sp=0x393925c2b150 pc=0x48eaee
runtime.selectgo(0x393925c2bf78, 0x393925c2b7c8, 0x0?, 0x0, 0x0?, 0x1)
	runtime/select.go:351 +0xaa5 fp=0x393925c2b2a0 sp=0x393925c2b170 pc=0x46a9a5
github.com/minio/minio/cmd.(*expiryState).Worker(0x39391bf783c0, 0x39391bf6af50)
	github.com/minio/minio/cmd/bucket-lifecycle.go:335 +0xab fp=0x393925c2bfc0 sp=0x393925c2b2a0 pc=0x2718c2b
github.com/minio/minio/cmd.(*expiryState).ResizeWorkers.gowrap2()
	github.com/minio/minio/cmd/bucket-lifecycle.go:313 +0x1b fp=0x393925c2bfe0 sp=0x393925c2bfc0 pc=0x2718b1b
runtime.goexit({})
	runtime/asm_amd64.s:1771 +0x1 fp=0x393925c2bfe8 sp=0x393925c2bfe0 pc=0x4966c1
created by github.com/minio/minio/cmd.(*expiryState).ResizeWorkers in goroutine 200
	github.com/minio/minio/cmd/bucket-lifecycle.go:313 +0x1ce

goroutine 424 gp=0x39391c386d20 m=nil [select, 255 minutes]:
runtime.gopark(0x393925c37f78?, 0x2?, 0x0?, 0x0?, 0x393925c377cc?)
	runtime/proc.go:462 +0xce fp=0x393925c37170 sp=0x393925c37150 pc=0x48eaee
runtime.selectgo(0x393925c37f78, 0x393925c377c8, 0x0?, 0x0, 0x0?, 0x1)
	runtime/select.go:351 +0xaa5 fp=0x393925c372a0 sp=0x393925c37170 pc=0x46a9a5
github.com/minio/minio/cmd.(*expiryState).Worker(0x39391bf783c0, 0x39391bf6afc0)
	github.com/minio/minio/cmd/bucket-lifecycle.go:335 +0xab fp=0x393925c37fc0 sp=0x393925c372a0 pc=0x2718c2b
github.com/minio/minio/cmd.(*expiryState).ResizeWorkers.gowrap2()
	github.com/minio/minio/cmd/bucket-lifecycle.go:313 +0x1b fp=0x393925c37fe0 sp=0x393925c37fc0 pc=0x2718b1b
runtime.goexit({})
	runtime/asm_amd64.s:1771 +0x1 fp=0x393925c37fe8 sp=0x393925c37fe0 pc=0x4966c1
created by github.com/minio/minio/cmd.(*expiryState).ResizeWorkers in goroutine 200
	github.com/minio/minio/cmd/bucket-lifecycle.go:313 +0x1ce

goroutine 425 gp=0x39391c386f00 m=nil [select, 255 minutes]:
runtime.gopark(0x39391b42ff78?, 0x2?, 0xe0?, 0xf1?, 0x39391b42f7cc?)
	runtime/proc.go:462 +0xce fp=0x39391b42f170 sp=0x39391b42f150 pc=0x48eaee
runtime.selectgo(0x39391b42ff78, 0x39391b42f7c8, 0x39391b42f2e8?, 0x0, 0x4b6c780?, 0x1)
	runtime/select.go:351 +0xaa5 fp=0x39391b42f2a0 sp=0x39391b42f170 pc=0x46a9a5
github.com/minio/minio/cmd.(*expiryState).Worker(0x39391bf783c0, 0x39391bf6b030)
	github.com/minio/minio/cmd/bucket-lifecycle.go:335 +0xab fp=0x39391b42ffc0 sp=0x39391b42f2a0 pc=0x2718c2b
github.com/minio/minio/cmd.(*expiryState).ResizeWorkers.gowrap2()
	github.com/minio/minio/cmd/bucket-lifecycle.go:313 +0x1b fp=0x39391b42ffe0 sp=0x39391b42ffc0 pc=0x2718b1b
runtime.goexit({})
	runtime/asm_amd64.s:1771 +0x1 fp=0x39391b42ffe8 sp=0x39391b42ffe0 pc=0x4966c1
created by github.com/minio/minio/cmd.(*expiryState).ResizeWorkers in goroutine 200
	github.com/minio/minio/cmd/bucket-lifecycle.go:313 +0x1ce

goroutine 426 gp=0x39391c3870e0 m=nil [select, 255 minutes]:
runtime.gopark(0x393925c87cd0?, 0x3?, 0x0?, 0x0?, 0x393925c87912?)
	runtime/proc.go:462 +0xce fp=0x393925c87510 sp=0x393925c874f0 pc=0x48eaee
runtime.selectgo(0x393925c87cd0, 0x393925c8790c, 0x0?, 0x0, 0x0?, 0x1)
	runtime/select.go:351 +0xaa5 fp=0x393925c87640 sp=0x393925c87510 pc=0x46a9a5
github.com/minio/minio/cmd.(*transitionState).worker(0x39391a71c380, {0x4bf6ec8, 0x39391b3b7a40})
	github.com/minio/minio/cmd/bucket-lifecycle.go:492 +0x112 fp=0x393925c87fb8 sp=0x393925c87640 pc=0x2719fd2
github.com/minio/minio/cmd.(*transitionState).updateWorkers.gowrap1()
	github.com/minio/minio/cmd/bucket-lifecycle.go:562 +0x1f fp=0x393925c87fe0 sp=0x393925c87fb8 pc=0x271ac9f
runtime.goexit({})
	runtime/asm_amd64.s:1771 +0x1 fp=0x393925c87fe8 sp=0x393925c87fe0 pc=0x4966c1
created by github.com/minio/minio/cmd.(*transitionState).updateWorkers in goroutine 200
	github.com/minio/minio/cmd/bucket-lifecycle.go:562 +0x45

goroutine 427 gp=0x39391c3872c0 m=nil [select, 255 minutes]:
runtime.gopark(0x39391b6eacd0?, 0x3?, 0x3?, 0x2?, 0x39391b6ea912?)
	runtime/proc.go:462 +0xce fp=0x39391b6ea510 sp=0x39391b6ea4f0 pc=0x48eaee
runtime.selectgo(0x39391b6eacd0, 0x39391b6ea90c, 0x301000202030300?, 0x0, 0x101030300020201?, 0x1)
	runtime/select.go:351 +0xaa5 fp=0x39391b6ea640 sp=0x39391b6ea510 pc=0x46a9a5
github.com/minio/minio/cmd.(*transitionState).worker(0x39391a71c380, {0x4bf6ec8, 0x39391b3b7a40})
	github.com/minio/minio/cmd/bucket-lifecycle.go:492 +0x112 fp=0x39391b6eafb8 sp=0x39391b6ea640 pc=0x2719fd2
github.com/minio/minio/cmd.(*transitionState).updateWorkers.gowrap1()
	github.com/minio/minio/cmd/bucket-lifecycle.go:562 +0x1f fp=0x39391b6eafe0 sp=0x39391b6eafb8 pc=0x271ac9f
runtime.goexit({})
	runtime/asm_amd64.s:1771 +0x1 fp=0x39391b6eafe8 sp=0x39391b6eafe0 pc=0x4966c1
created by github.com/minio/minio/cmd.(*transitionState).updateWorkers in goroutine 200
	github.com/minio/minio/cmd/bucket-lifecycle.go:562 +0x45

goroutine 428 gp=0x39391c3874a0 m=nil [select, 255 minutes]:
runtime.gopark(0x39391a5a6cd0?, 0x3?, 0x60?, 0x65?, 0x39391a5a6912?)
	runtime/proc.go:462 +0xce fp=0x39391a5a6510 sp=0x39391a5a64f0 pc=0x48eaee
runtime.selectgo(0x39391a5a6cd0, 0x39391a5a690c, 0x39391a6f8c80?, 0x0, 0x39391a6b0240?, 0x1)
	runtime/select.go:351 +0xaa5 fp=0x39391a5a6640 sp=0x39391a5a6510 pc=0x46a9a5
github.com/minio/minio/cmd.(*transitionState).worker(0x39391a71c380, {0x4bf6ec8, 0x39391b3b7a40})
	github.com/minio/minio/cmd/bucket-lifecycle.go:492 +0x112 fp=0x39391a5a6fb8 sp=0x39391a5a6640 pc=0x2719fd2
github.com/minio/minio/cmd.(*transitionState).updateWorkers.gowrap1()
	github.com/minio/minio/cmd/bucket-lifecycle.go:562 +0x1f fp=0x39391a5a6fe0 sp=0x39391a5a6fb8 pc=0x271ac9f
runtime.goexit({})
	runtime/asm_amd64.s:1771 +0x1 fp=0x39391a5a6fe8 sp=0x39391a5a6fe0 pc=0x4966c1
created by github.com/minio/minio/cmd.(*transitionState).updateWorkers in goroutine 200
	github.com/minio/minio/cmd/bucket-lifecycle.go:562 +0x45

goroutine 429 gp=0x39391c387680 m=nil [select, 255 minutes]:
runtime.gopark(0x39391b6eccd0?, 0x3?, 0x2?, 0x2?, 0x39391b6ec912?)
	runtime/proc.go:462 +0xce fp=0x393925c31510 sp=0x393925c314f0 pc=0x48eaee
runtime.selectgo(0x393925c31cd0, 0x39391b6ec90c, 0x200000103030000?, 0x0, 0x203020101000301?, 0x1)
	runtime/select.go:351 +0xaa5 fp=0x393925c31640 sp=0x393925c31510 pc=0x46a9a5
github.com/minio/minio/cmd.(*transitionState).worker(0x39391a71c380, {0x4bf6ec8, 0x39391b3b7a40})
	github.com/minio/minio/cmd/bucket-lifecycle.go:492 +0x112 fp=0x393925c31fb8 sp=0x393925c31640 pc=0x2719fd2
github.com/minio/minio/cmd.(*transitionState).updateWorkers.gowrap1()
	github.com/minio/minio/cmd/bucket-lifecycle.go:562 +0x1f fp=0x393925c31fe0 sp=0x393925c31fb8 pc=0x271ac9f
runtime.goexit({})
	runtime/asm_amd64.s:1771 +0x1 fp=0x393925c31fe8 sp=0x393925c31fe0 pc=0x4966c1
created by github.com/minio/minio/cmd.(*transitionState).updateWorkers in goroutine 200
	github.com/minio/minio/cmd/bucket-lifecycle.go:562 +0x45

goroutine 430 gp=0x39391c387860 m=nil [select, 255 minutes]:
runtime.gopark(0x39391b6ebcd0?, 0x3?, 0x2?, 0x1?, 0x39391b6eb912?)
	runtime/proc.go:462 +0xce fp=0x39391b6eb510 sp=0x39391b6eb4f0 pc=0x48eaee
runtime.selectgo(0x39391b6ebcd0, 0x39391b6eb90c, 0x102030002010302?, 0x0, 0x1030300030102?, 0x1)
	runtime/select.go:351 +0xaa5 fp=0x39391b6eb640 sp=0x39391b6eb510 pc=0x46a9a5
github.com/minio/minio/cmd.(*transitionState).worker(0x39391a71c380, {0x4bf6ec8, 0x39391b3b7a40})
	github.com/minio/minio/cmd/bucket-lifecycle.go:492 +0x112 fp=0x39391b6ebfb8 sp=0x39391b6eb640 pc=0x2719fd2
github.com/minio/minio/cmd.(*transitionState).updateWorkers.gowrap1()
	github.com/minio/minio/cmd/bucket-lifecycle.go:562 +0x1f fp=0x39391b6ebfe0 sp=0x39391b6ebfb8 pc=0x271ac9f
runtime.goexit({})
	runtime/asm_amd64.s:1771 +0x1 fp=0x39391b6ebfe8 sp=0x39391b6ebfe0 pc=0x4966c1
created by github.com/minio/minio/cmd.(*transitionState).updateWorkers in goroutine 200
	github.com/minio/minio/cmd/bucket-lifecycle.go:562 +0x45

goroutine 431 gp=0x39391c387a40 m=nil [select, 255 minutes]:
runtime.gopark(0x393925c83cd0?, 0x3?, 0x0?, 0x0?, 0x393925c83912?)
	runtime/proc.go:462 +0xce fp=0x393925c83510 sp=0x393925c834f0 pc=0x48eaee
runtime.selectgo(0x393925c83cd0, 0x393925c8390c, 0x0?, 0x0, 0x0?, 0x1)
	runtime/select.go:351 +0xaa5 fp=0x393925c83640 sp=0x393925c83510 pc=0x46a9a5
github.com/minio/minio/cmd.(*transitionState).worker(0x39391a71c380, {0x4bf6ec8, 0x39391b3b7a40})
	github.com/minio/minio/cmd/bucket-lifecycle.go:492 +0x112 fp=0x393925c83fb8 sp=0x393925c83640 pc=0x2719fd2
github.com/minio/minio/cmd.(*transitionState).updateWorkers.gowrap1()
	github.com/minio/minio/cmd/bucket-lifecycle.go:562 +0x1f fp=0x393925c83fe0 sp=0x393925c83fb8 pc=0x271ac9f
runtime.goexit({})
	runtime/asm_amd64.s:1771 +0x1 fp=0x393925c83fe8 sp=0x393925c83fe0 pc=0x4966c1
created by github.com/minio/minio/cmd.(*transitionState).updateWorkers in goroutine 200
	github.com/minio/minio/cmd/bucket-lifecycle.go:562 +0x45

goroutine 432 gp=0x39391c387c20 m=nil [select, 255 minutes]:
runtime.gopark(0x393925c84cd0?, 0x3?, 0x0?, 0x0?, 0x393925c84912?)
	runtime/proc.go:462 +0xce fp=0x393925c84510 sp=0x393925c844f0 pc=0x48eaee
runtime.selectgo(0x393925c84cd0, 0x393925c8490c, 0x0?, 0x0, 0x0?, 0x1)
	runtime/select.go:351 +0xaa5 fp=0x393925c84640 sp=0x393925c84510 pc=0x46a9a5
github.com/minio/minio/cmd.(*transitionState).worker(0x39391a71c380, {0x4bf6ec8, 0x39391b3b7a40})
	github.com/minio/minio/cmd/bucket-lifecycle.go:492 +0x112 fp=0x393925c84fb8 sp=0x393925c84640 pc=0x2719fd2
github.com/minio/minio/cmd.(*transitionState).updateWorkers.gowrap1()
	github.com/minio/minio/cmd/bucket-lifecycle.go:562 +0x1f fp=0x393925c84fe0 sp=0x393925c84fb8 pc=0x271ac9f
runtime.goexit({})
	runtime/asm_amd64.s:1771 +0x1 fp=0x393925c84fe8 sp=0x393925c84fe0 pc=0x4966c1
created by github.com/minio/minio/cmd.(*transitionState).updateWorkers in goroutine 200
	github.com/minio/minio/cmd/bucket-lifecycle.go:562 +0x45

goroutine 433 gp=0x393925c3a000 m=nil [select, 255 minutes]:
runtime.gopark(0x393925c85cd0?, 0x3?, 0x0?, 0x0?, 0x393925c85912?)
	runtime/proc.go:462 +0xce fp=0x393925c85510 sp=0x393925c854f0 pc=0x48eaee
runtime.selectgo(0x393925c85cd0, 0x393925c8590c, 0x0?, 0x0, 0x0?, 0x1)
	runtime/select.go:351 +0xaa5 fp=0x393925c85640 sp=0x393925c85510 pc=0x46a9a5
github.com/minio/minio/cmd.(*transitionState).worker(0x39391a71c380, {0x4bf6ec8, 0x39391b3b7a40})
	github.com/minio/minio/cmd/bucket-lifecycle.go:492 +0x112 fp=0x393925c85fb8 sp=0x393925c85640 pc=0x2719fd2
github.com/minio/minio/cmd.(*transitionState).updateWorkers.gowrap1()
	github.com/minio/minio/cmd/bucket-lifecycle.go:562 +0x1f fp=0x393925c85fe0 sp=0x393925c85fb8 pc=0x271ac9f
runtime.goexit({})
	runtime/asm_amd64.s:1771 +0x1 fp=0x393925c85fe8 sp=0x393925c85fe0 pc=0x4966c1
created by github.com/minio/minio/cmd.(*transitionState).updateWorkers in goroutine 200
	github.com/minio/minio/cmd/bucket-lifecycle.go:562 +0x45

goroutine 434 gp=0x393925c3a1e0 m=nil [select, 255 minutes]:
runtime.gopark(0x393925c86cd0?, 0x3?, 0x0?, 0x0?, 0x393925c86912?)
	runtime/proc.go:462 +0xce fp=0x393925c86510 sp=0x393925c864f0 pc=0x48eaee
runtime.selectgo(0x393925c86cd0, 0x393925c8690c, 0x0?, 0x0, 0x0?, 0x1)
	runtime/select.go:351 +0xaa5 fp=0x393925c86640 sp=0x393925c86510 pc=0x46a9a5
github.com/minio/minio/cmd.(*transitionState).worker(0x39391a71c380, {0x4bf6ec8, 0x39391b3b7a40})
	github.com/minio/minio/cmd/bucket-lifecycle.go:492 +0x112 fp=0x393925c86fb8 sp=0x393925c86640 pc=0x2719fd2
github.com/minio/minio/cmd.(*transitionState).updateWorkers.gowrap1()
	github.com/minio/minio/cmd/bucket-lifecycle.go:562 +0x1f fp=0x393925c86fe0 sp=0x393925c86fb8 pc=0x271ac9f
runtime.goexit({})
	runtime/asm_amd64.s:1771 +0x1 fp=0x393925c86fe8 sp=0x393925c86fe0 pc=0x4966c1
created by github.com/minio/minio/cmd.(*transitionState).updateWorkers in goroutine 200
	github.com/minio/minio/cmd/bucket-lifecycle.go:562 +0x45

goroutine 435 gp=0x393925c3a3c0 m=nil [select, 255 minutes]:
runtime.gopark(0x39391bf65cd0?, 0x3?, 0x0?, 0x3?, 0x39391bf65912?)
	runtime/proc.go:462 +0xce fp=0x39391bf65510 sp=0x39391bf654f0 pc=0x48eaee
runtime.selectgo(0x39391bf65cd0, 0x39391bf6590c, 0x200000301020201?, 0x0, 0x302010201020000?, 0x1)
	runtime/select.go:351 +0xaa5 fp=0x39391bf65640 sp=0x39391bf65510 pc=0x46a9a5
github.com/minio/minio/cmd.(*transitionState).worker(0x39391a71c380, {0x4bf6ec8, 0x39391b3b7a40})
	github.com/minio/minio/cmd/bucket-lifecycle.go:492 +0x112 fp=0x39391bf65fb8 sp=0x39391bf65640 pc=0x2719fd2
github.com/minio/minio/cmd.(*transitionState).updateWorkers.gowrap1()
	github.com/minio/minio/cmd/bucket-lifecycle.go:562 +0x1f fp=0x39391bf65fe0 sp=0x39391bf65fb8 pc=0x271ac9f
runtime.goexit({})
	runtime/asm_amd64.s:1771 +0x1 fp=0x39391bf65fe8 sp=0x39391bf65fe0 pc=0x4966c1
created by github.com/minio/minio/cmd.(*transitionState).updateWorkers in goroutine 200
	github.com/minio/minio/cmd/bucket-lifecycle.go:562 +0x45

goroutine 436 gp=0x393925c3a5a0 m=nil [select, 255 minutes]:
runtime.gopark(0x393925c80cd0?, 0x3?, 0x0?, 0x0?, 0x393925c80912?)
	runtime/proc.go:462 +0xce fp=0x393925c80510 sp=0x393925c804f0 pc=0x48eaee
runtime.selectgo(0x393925c80cd0, 0x393925c8090c, 0x0?, 0x0, 0x0?, 0x1)
	runtime/select.go:351 +0xaa5 fp=0x393925c80640 sp=0x393925c80510 pc=0x46a9a5
github.com/minio/minio/cmd.(*transitionState).worker(0x39391a71c380, {0x4bf6ec8, 0x39391b3b7a40})
	github.com/minio/minio/cmd/bucket-lifecycle.go:492 +0x112 fp=0x393925c80fb8 sp=0x393925c80640 pc=0x2719fd2
github.com/minio/minio/cmd.(*transitionState).updateWorkers.gowrap1()
	github.com/minio/minio/cmd/bucket-lifecycle.go:562 +0x1f fp=0x393925c80fe0 sp=0x393925c80fb8 pc=0x271ac9f
runtime.goexit({})
	runtime/asm_amd64.s:1771 +0x1 fp=0x393925c80fe8 sp=0x393925c80fe0 pc=0x4966c1
created by github.com/minio/minio/cmd.(*transitionState).updateWorkers in goroutine 200
	github.com/minio/minio/cmd/bucket-lifecycle.go:562 +0x45

goroutine 437 gp=0x393925c3a780 m=nil [select, 255 minutes]:
runtime.gopark(0x393925c81cd0?, 0x3?, 0x0?, 0x0?, 0x393925c81912?)
	runtime/proc.go:462 +0xce fp=0x393925c81510 sp=0x393925c814f0 pc=0x48eaee
runtime.selectgo(0x393925c81cd0, 0x393925c8190c, 0x0?, 0x0, 0x0?, 0x1)
	runtime/select.go:351 +0xaa5 fp=0x393925c81640 sp=0x393925c81510 pc=0x46a9a5
github.com/minio/minio/cmd.(*transitionState).worker(0x39391a71c380, {0x4bf6ec8, 0x39391b3b7a40})
	github.com/minio/minio/cmd/bucket-lifecycle.go:492 +0x112 fp=0x393925c81fb8 sp=0x393925c81640 pc=0x2719fd2
github.com/minio/minio/cmd.(*transitionState).updateWorkers.gowrap1()
	github.com/minio/minio/cmd/bucket-lifecycle.go:562 +0x1f fp=0x393925c81fe0 sp=0x393925c81fb8 pc=0x271ac9f
runtime.goexit({})
	runtime/asm_amd64.s:1771 +0x1 fp=0x393925c81fe8 sp=0x393925c81fe0 pc=0x4966c1
created by github.com/minio/minio/cmd.(*transitionState).updateWorkers in goroutine 200
	github.com/minio/minio/cmd/bucket-lifecycle.go:562 +0x45

goroutine 438 gp=0x393925c3a960 m=nil [select, 255 minutes]:
runtime.gopark(0x393925c82cd0?, 0x3?, 0x0?, 0x0?, 0x393925c82912?)
	runtime/proc.go:462 +0xce fp=0x393925c82510 sp=0x393925c824f0 pc=0x48eaee
runtime.selectgo(0x393925c82cd0, 0x393925c8290c, 0x0?, 0x0, 0x0?, 0x1)
	runtime/select.go:351 +0xaa5 fp=0x393925c82640 sp=0x393925c82510 pc=0x46a9a5
github.com/minio/minio/cmd.(*transitionState).worker(0x39391a71c380, {0x4bf6ec8, 0x39391b3b7a40})
	github.com/minio/minio/cmd/bucket-lifecycle.go:492 +0x112 fp=0x393925c82fb8 sp=0x393925c82640 pc=0x2719fd2
github.com/minio/minio/cmd.(*transitionState).updateWorkers.gowrap1()
	github.com/minio/minio/cmd/bucket-lifecycle.go:562 +0x1f fp=0x393925c82fe0 sp=0x393925c82fb8 pc=0x271ac9f
runtime.goexit({})
	runtime/asm_amd64.s:1771 +0x1 fp=0x393925c82fe8 sp=0x393925c82fe0 pc=0x4966c1
created by github.com/minio/minio/cmd.(*transitionState).updateWorkers in goroutine 200
	github.com/minio/minio/cmd/bucket-lifecycle.go:562 +0x45

goroutine 439 gp=0x393925c3ab40 m=nil [select, 255 minutes]:
runtime.gopark(0x39391bf61cd0?, 0x3?, 0x3?, 0x1?, 0x39391bf61912?)
	runtime/proc.go:462 +0xce fp=0x39391bf61510 sp=0x39391bf614f0 pc=0x48eaee
runtime.selectgo(0x39391bf61cd0, 0x39391bf6190c, 0x101030101030203?, 0x0, 0x100020300030302?, 0x1)
	runtime/select.go:351 +0xaa5 fp=0x39391bf61640 sp=0x39391bf61510 pc=0x46a9a5
github.com/minio/minio/cmd.(*transitionState).worker(0x39391a71c380, {0x4bf6ec8, 0x39391b3b7a40})
	github.com/minio/minio/cmd/bucket-lifecycle.go:492 +0x112 fp=0x39391bf61fb8 sp=0x39391bf61640 pc=0x2719fd2
github.com/minio/minio/cmd.(*transitionState).updateWorkers.gowrap1()
	github.com/minio/minio/cmd/bucket-lifecycle.go:562 +0x1f fp=0x39391bf61fe0 sp=0x39391bf61fb8 pc=0x271ac9f
runtime.goexit({})
	runtime/asm_amd64.s:1771 +0x1 fp=0x39391bf61fe8 sp=0x39391bf61fe0 pc=0x4966c1
created by github.com/minio/minio/cmd.(*transitionState).updateWorkers in goroutine 200
	github.com/minio/minio/cmd/bucket-lifecycle.go:562 +0x45

goroutine 440 gp=0x393925c3ad20 m=nil [select, 255 minutes]:
runtime.gopark(0x39391bf62cd0?, 0x3?, 0x0?, 0x2?, 0x39391bf62912?)
	runtime/proc.go:462 +0xce fp=0x39391bf62510 sp=0x39391bf624f0 pc=0x48eaee
runtime.selectgo(0x39391bf62cd0, 0x39391bf6290c, 0x103030102000300?, 0x0, 0x302020200030302?, 0x1)
	runtime/select.go:351 +0xaa5 fp=0x39391bf62640 sp=0x39391bf62510 pc=0x46a9a5
github.com/minio/minio/cmd.(*transitionState).worker(0x39391a71c380, {0x4bf6ec8, 0x39391b3b7a40})
	github.com/minio/minio/cmd/bucket-lifecycle.go:492 +0x112 fp=0x39391bf62fb8 sp=0x39391bf62640 pc=0x2719fd2
github.com/minio/minio/cmd.(*transitionState).updateWorkers.gowrap1()
	github.com/minio/minio/cmd/bucket-lifecycle.go:562 +0x1f fp=0x39391bf62fe0 sp=0x39391bf62fb8 pc=0x271ac9f
runtime.goexit({})
	runtime/asm_amd64.s:1771 +0x1 fp=0x39391bf62fe8 sp=0x39391bf62fe0 pc=0x4966c1
created by github.com/minio/minio/cmd.(*transitionState).updateWorkers in goroutine 200
	github.com/minio/minio/cmd/bucket-lifecycle.go:562 +0x45

goroutine 441 gp=0x393925c3af00 m=nil [select, 255 minutes]:
runtime.gopark(0x39391bf63cd0?, 0x3?, 0x2?, 0x3?, 0x39391bf63912?)
	runtime/proc.go:462 +0xce fp=0x39391bf63510 sp=0x39391bf634f0 pc=0x48eaee
runtime.selectgo(0x39391bf63cd0, 0x39391bf6390c, 0x202010001010303?, 0x0, 0x3000301000300?, 0x1)
	runtime/select.go:351 +0xaa5 fp=0x39391bf63640 sp=0x39391bf63510 pc=0x46a9a5
github.com/minio/minio/cmd.(*transitionState).worker(0x39391a71c380, {0x4bf6ec8, 0x39391b3b7a40})
	github.com/minio/minio/cmd/bucket-lifecycle.go:492 +0x112 fp=0x39391bf63fb8 sp=0x39391bf63640 pc=0x2719fd2
github.com/minio/minio/cmd.(*transitionState).updateWorkers.gowrap1()
	github.com/minio/minio/cmd/bucket-lifecycle.go:562 +0x1f fp=0x39391bf63fe0 sp=0x39391bf63fb8 pc=0x271ac9f
runtime.goexit({})
	runtime/asm_amd64.s:1771 +0x1 fp=0x39391bf63fe8 sp=0x39391bf63fe0 pc=0x4966c1
created by github.com/minio/minio/cmd.(*transitionState).updateWorkers in goroutine 200
	github.com/minio/minio/cmd/bucket-lifecycle.go:562 +0x45

goroutine 442 gp=0x393925c3b0e0 m=nil [select, 255 minutes]:
runtime.gopark(0x39391bf64cd0?, 0x3?, 0x3?, 0x3?, 0x39391bf64912?)
	runtime/proc.go:462 +0xce fp=0x39391bf64510 sp=0x39391bf644f0 pc=0x48eaee
runtime.selectgo(0x39391bf64cd0, 0x39391bf6490c, 0x301030003020300?, 0x0, 0x301030303020202?, 0x1)
	runtime/select.go:351 +0xaa5 fp=0x39391bf64640 sp=0x39391bf64510 pc=0x46a9a5
github.com/minio/minio/cmd.(*transitionState).worker(0x39391a71c380, {0x4bf6ec8, 0x39391b3b7a40})
	github.com/minio/minio/cmd/bucket-lifecycle.go:492 +0x112 fp=0x39391bf64fb8 sp=0x39391bf64640 pc=0x2719fd2
github.com/minio/minio/cmd.(*transitionState).updateWorkers.gowrap1()
	github.com/minio/minio/cmd/bucket-lifecycle.go:562 +0x1f fp=0x39391bf64fe0 sp=0x39391bf64fb8 pc=0x271ac9f
runtime.goexit({})
	runtime/asm_amd64.s:1771 +0x1 fp=0x39391bf64fe8 sp=0x39391bf64fe0 pc=0x4966c1
created by github.com/minio/minio/cmd.(*transitionState).updateWorkers in goroutine 200
	github.com/minio/minio/cmd/bucket-lifecycle.go:562 +0x45

goroutine 443 gp=0x393925c3b2c0 m=nil [select, 255 minutes]:
runtime.gopark(0x393925c8fcd0?, 0x3?, 0x0?, 0x0?, 0x393925c8f912?)
	runtime/proc.go:462 +0xce fp=0x393925c8f510 sp=0x393925c8f4f0 pc=0x48eaee
runtime.selectgo(0x393925c8fcd0, 0x393925c8f90c, 0x0?, 0x0, 0x0?, 0x1)
	runtime/select.go:351 +0xaa5 fp=0x393925c8f640 sp=0x393925c8f510 pc=0x46a9a5
github.com/minio/minio/cmd.(*transitionState).worker(0x39391a71c380, {0x4bf6ec8, 0x39391b3b7a40})
	github.com/minio/minio/cmd/bucket-lifecycle.go:492 +0x112 fp=0x393925c8ffb8 sp=0x393925c8f640 pc=0x2719fd2
github.com/minio/minio/cmd.(*transitionState).updateWorkers.gowrap1()
	github.com/minio/minio/cmd/bucket-lifecycle.go:562 +0x1f fp=0x393925c8ffe0 sp=0x393925c8ffb8 pc=0x271ac9f
runtime.goexit({})
	runtime/asm_amd64.s:1771 +0x1 fp=0x393925c8ffe8 sp=0x393925c8ffe0 pc=0x4966c1
created by github.com/minio/minio/cmd.(*transitionState).updateWorkers in goroutine 200
	github.com/minio/minio/cmd/bucket-lifecycle.go:562 +0x45

goroutine 444 gp=0x393925c3b4a0 m=nil [select, 255 minutes]:
runtime.gopark(0x39391bf5ecd0?, 0x3?, 0x0?, 0x3?, 0x39391bf5e912?)
	runtime/proc.go:462 +0xce fp=0x39391bf5e510 sp=0x39391bf5e4f0 pc=0x48eaee
runtime.selectgo(0x39391bf5ecd0, 0x39391bf5e90c, 0x201010302010001?, 0x0, 0x202030001010103?, 0x1)
	runtime/select.go:351 +0xaa5 fp=0x39391bf5e640 sp=0x39391bf5e510 pc=0x46a9a5
github.com/minio/minio/cmd.(*transitionState).worker(0x39391a71c380, {0x4bf6ec8, 0x39391b3b7a40})
	github.com/minio/minio/cmd/bucket-lifecycle.go:492 +0x112 fp=0x39391bf5efb8 sp=0x39391bf5e640 pc=0x2719fd2
github.com/minio/minio/cmd.(*transitionState).updateWorkers.gowrap1()
	github.com/minio/minio/cmd/bucket-lifecycle.go:562 +0x1f fp=0x39391bf5efe0 sp=0x39391bf5efb8 pc=0x271ac9f
runtime.goexit({})
	runtime/asm_amd64.s:1771 +0x1 fp=0x39391bf5efe8 sp=0x39391bf5efe0 pc=0x4966c1
created by github.com/minio/minio/cmd.(*transitionState).updateWorkers in goroutine 200
	github.com/minio/minio/cmd/bucket-lifecycle.go:562 +0x45

goroutine 445 gp=0x393925c3b680 m=nil [select, 255 minutes]:
runtime.gopark(0x39391bf5fcd0?, 0x3?, 0x0?, 0x1?, 0x39391bf5f912?)
	runtime/proc.go:462 +0xce fp=0x39391bf5f510 sp=0x39391bf5f4f0 pc=0x48eaee
runtime.selectgo(0x39391bf5fcd0, 0x39391bf5f90c, 0x303020302030100?, 0x0, 0x201020101020103?, 0x1)
	runtime/select.go:351 +0xaa5 fp=0x39391bf5f640 sp=0x39391bf5f510 pc=0x46a9a5
github.com/minio/minio/cmd.(*transitionState).worker(0x39391a71c380, {0x4bf6ec8, 0x39391b3b7a40})
	github.com/minio/minio/cmd/bucket-lifecycle.go:492 +0x112 fp=0x39391bf5ffb8 sp=0x39391bf5f640 pc=0x2719fd2
github.com/minio/minio/cmd.(*transitionState).updateWorkers.gowrap1()
	github.com/minio/minio/cmd/bucket-lifecycle.go:562 +0x1f fp=0x39391bf5ffe0 sp=0x39391bf5ffb8 pc=0x271ac9f
runtime.goexit({})
	runtime/asm_amd64.s:1771 +0x1 fp=0x39391bf5ffe8 sp=0x39391bf5ffe0 pc=0x4966c1
created by github.com/minio/minio/cmd.(*transitionState).updateWorkers in goroutine 200
	github.com/minio/minio/cmd/bucket-lifecycle.go:562 +0x45

goroutine 446 gp=0x393925c3b860 m=nil [select, 255 minutes]:
runtime.gopark(0x39391bf60cd0?, 0x3?, 0x1?, 0x3?, 0x39391bf60912?)
	runtime/proc.go:462 +0xce fp=0x39391bf60510 sp=0x39391bf604f0 pc=0x48eaee
runtime.selectgo(0x39391bf60cd0, 0x39391bf6090c, 0x302030203000201?, 0x0, 0x301030001010001?, 0x1)
	runtime/select.go:351 +0xaa5 fp=0x39391bf60640 sp=0x39391bf60510 pc=0x46a9a5
github.com/minio/minio/cmd.(*transitionState).worker(0x39391a71c380, {0x4bf6ec8, 0x39391b3b7a40})
	github.com/minio/minio/cmd/bucket-lifecycle.go:492 +0x112 fp=0x39391bf60fb8 sp=0x39391bf60640 pc=0x2719fd2
github.com/minio/minio/cmd.(*transitionState).updateWorkers.gowrap1()
	github.com/minio/minio/cmd/bucket-lifecycle.go:562 +0x1f fp=0x39391bf60fe0 sp=0x39391bf60fb8 pc=0x271ac9f
runtime.goexit({})
	runtime/asm_amd64.s:1771 +0x1 fp=0x39391bf60fe8 sp=0x39391bf60fe0 pc=0x4966c1
created by github.com/minio/minio/cmd.(*transitionState).updateWorkers in goroutine 200
	github.com/minio/minio/cmd/bucket-lifecycle.go:562 +0x45

goroutine 447 gp=0x393925c3ba40 m=nil [select, 255 minutes]:
runtime.gopark(0x393925c8bcd0?, 0x3?, 0x0?, 0x0?, 0x393925c8b912?)
	runtime/proc.go:462 +0xce fp=0x393925c8b510 sp=0x393925c8b4f0 pc=0x48eaee
runtime.selectgo(0x393925c8bcd0, 0x393925c8b90c, 0x0?, 0x0, 0x0?, 0x1)
	runtime/select.go:351 +0xaa5 fp=0x393925c8b640 sp=0x393925c8b510 pc=0x46a9a5
github.com/minio/minio/cmd.(*transitionState).worker(0x39391a71c380, {0x4bf6ec8, 0x39391b3b7a40})
	github.com/minio/minio/cmd/bucket-lifecycle.go:492 +0x112 fp=0x393925c8bfb8 sp=0x393925c8b640 pc=0x2719fd2
github.com/minio/minio/cmd.(*transitionState).updateWorkers.gowrap1()
	github.com/minio/minio/cmd/bucket-lifecycle.go:562 +0x1f fp=0x393925c8bfe0 sp=0x393925c8bfb8 pc=0x271ac9f
runtime.goexit({})
	runtime/asm_amd64.s:1771 +0x1 fp=0x393925c8bfe8 sp=0x393925c8bfe0 pc=0x4966c1
created by github.com/minio/minio/cmd.(*transitionState).updateWorkers in goroutine 200
	github.com/minio/minio/cmd/bucket-lifecycle.go:562 +0x45

goroutine 448 gp=0x393925c3bc20 m=nil [select, 255 minutes]:
runtime.gopark(0x393925c8ccd0?, 0x3?, 0x0?, 0x0?, 0x393925c8c912?)
	runtime/proc.go:462 +0xce fp=0x393925c8c510 sp=0x393925c8c4f0 pc=0x48eaee
runtime.selectgo(0x393925c8ccd0, 0x393925c8c90c, 0x0?, 0x0, 0x0?, 0x1)
	runtime/select.go:351 +0xaa5 fp=0x393925c8c640 sp=0x393925c8c510 pc=0x46a9a5
github.com/minio/minio/cmd.(*transitionState).worker(0x39391a71c380, {0x4bf6ec8, 0x39391b3b7a40})
	github.com/minio/minio/cmd/bucket-lifecycle.go:492 +0x112 fp=0x393925c8cfb8 sp=0x393925c8c640 pc=0x2719fd2
github.com/minio/minio/cmd.(*transitionState).updateWorkers.gowrap1()
	github.com/minio/minio/cmd/bucket-lifecycle.go:562 +0x1f fp=0x393925c8cfe0 sp=0x393925c8cfb8 pc=0x271ac9f
runtime.goexit({})
	runtime/asm_amd64.s:1771 +0x1 fp=0x393925c8cfe8 sp=0x393925c8cfe0 pc=0x4966c1
created by github.com/minio/minio/cmd.(*transitionState).updateWorkers in goroutine 200
	github.com/minio/minio/cmd/bucket-lifecycle.go:562 +0x45

goroutine 449 gp=0x393925c3c000 m=nil [select, 255 minutes]:
runtime.gopark(0x393925c8dcd0?, 0x3?, 0x0?, 0x0?, 0x393925c8d912?)
	runtime/proc.go:462 +0xce fp=0x393925c8d510 sp=0x393925c8d4f0 pc=0x48eaee
runtime.selectgo(0x393925c8dcd0, 0x393925c8d90c, 0x0?, 0x0, 0x0?, 0x1)
	runtime/select.go:351 +0xaa5 fp=0x393925c8d640 sp=0x393925c8d510 pc=0x46a9a5
github.com/minio/minio/cmd.(*transitionState).worker(0x39391a71c380, {0x4bf6ec8, 0x39391b3b7a40})
	github.com/minio/minio/cmd/bucket-lifecycle.go:492 +0x112 fp=0x393925c8dfb8 sp=0x393925c8d640 pc=0x2719fd2
github.com/minio/minio/cmd.(*transitionState).updateWorkers.gowrap1()
	github.com/minio/minio/cmd/bucket-lifecycle.go:562 +0x1f fp=0x393925c8dfe0 sp=0x393925c8dfb8 pc=0x271ac9f
runtime.goexit({})
	runtime/asm_amd64.s:1771 +0x1 fp=0x393925c8dfe8 sp=0x393925c8dfe0 pc=0x4966c1
created by github.com/minio/minio/cmd.(*transitionState).updateWorkers in goroutine 200
	github.com/minio/minio/cmd/bucket-lifecycle.go:562 +0x45

goroutine 450 gp=0x393925c3c1e0 m=nil [select, 255 minutes]:
runtime.gopark(0x393925c8ecd0?, 0x3?, 0x0?, 0x0?, 0x393925c8e912?)
	runtime/proc.go:462 +0xce fp=0x393925c8e510 sp=0x393925c8e4f0 pc=0x48eaee
runtime.selectgo(0x393925c8ecd0, 0x393925c8e90c, 0x0?, 0x0, 0x0?, 0x1)
	runtime/select.go:351 +0xaa5 fp=0x393925c8e640 sp=0x393925c8e510 pc=0x46a9a5
github.com/minio/minio/cmd.(*transitionState).worker(0x39391a71c380, {0x4bf6ec8, 0x39391b3b7a40})
	github.com/minio/minio/cmd/bucket-lifecycle.go:492 +0x112 fp=0x393925c8efb8 sp=0x393925c8e640 pc=0x2719fd2
github.com/minio/minio/cmd.(*transitionState).updateWorkers.gowrap1()
	github.com/minio/minio/cmd/bucket-lifecycle.go:562 +0x1f fp=0x393925c8efe0 sp=0x393925c8efb8 pc=0x271ac9f
runtime.goexit({})
	runtime/asm_amd64.s:1771 +0x1 fp=0x393925c8efe8 sp=0x393925c8efe0 pc=0x4966c1
created by github.com/minio/minio/cmd.(*transitionState).updateWorkers in goroutine 200
	github.com/minio/minio/cmd/bucket-lifecycle.go:562 +0x45

goroutine 451 gp=0x393925c3c3c0 m=nil [select, 255 minutes]:
runtime.gopark(0x393925c97cd0?, 0x3?, 0x0?, 0x0?, 0x393925c97912?)
	runtime/proc.go:462 +0xce fp=0x393925c97510 sp=0x393925c974f0 pc=0x48eaee
runtime.selectgo(0x393925c97cd0, 0x393925c9790c, 0x0?, 0x0, 0x0?, 0x1)
	runtime/select.go:351 +0xaa5 fp=0x393925c97640 sp=0x393925c97510 pc=0x46a9a5
github.com/minio/minio/cmd.(*transitionState).worker(0x39391a71c380, {0x4bf6ec8, 0x39391b3b7a40})
	github.com/minio/minio/cmd/bucket-lifecycle.go:492 +0x112 fp=0x393925c97fb8 sp=0x393925c97640 pc=0x2719fd2
github.com/minio/minio/cmd.(*transitionState).updateWorkers.gowrap1()
	github.com/minio/minio/cmd/bucket-lifecycle.go:562 +0x1f fp=0x393925c97fe0 sp=0x393925c97fb8 pc=0x271ac9f
runtime.goexit({})
	runtime/asm_amd64.s:1771 +0x1 fp=0x393925c97fe8 sp=0x393925c97fe0 pc=0x4966c1
created by github.com/minio/minio/cmd.(*transitionState).updateWorkers in goroutine 200
	github.com/minio/minio/cmd/bucket-lifecycle.go:562 +0x45

goroutine 452 gp=0x393925c3c5a0 m=nil [select, 255 minutes]:
runtime.gopark(0x393925c88cd0?, 0x3?, 0x0?, 0x0?, 0x393925c88912?)
	runtime/proc.go:462 +0xce fp=0x393925c33510 sp=0x393925c334f0 pc=0x48eaee
runtime.selectgo(0x393925c33cd0, 0x393925c8890c, 0x0?, 0x0, 0x0?, 0x1)
	runtime/select.go:351 +0xaa5 fp=0x393925c33640 sp=0x393925c33510 pc=0x46a9a5
github.com/minio/minio/cmd.(*transitionState).worker(0x39391a71c380, {0x4bf6ec8, 0x39391b3b7a40})
	github.com/minio/minio/cmd/bucket-lifecycle.go:492 +0x112 fp=0x393925c33fb8 sp=0x393925c33640 pc=0x2719fd2
github.com/minio/minio/cmd.(*transitionState).updateWorkers.gowrap1()
	github.com/minio/minio/cmd/bucket-lifecycle.go:562 +0x1f fp=0x393925c33fe0 sp=0x393925c33fb8 pc=0x271ac9f
runtime.goexit({})
	runtime/asm_amd64.s:1771 +0x1 fp=0x393925c33fe8 sp=0x393925c33fe0 pc=0x4966c1
created by github.com/minio/minio/cmd.(*transitionState).updateWorkers in goroutine 200
	github.com/minio/minio/cmd/bucket-lifecycle.go:562 +0x45

goroutine 453 gp=0x393925c3c780 m=nil [select, 255 minutes]:
runtime.gopark(0x393925c88cd0?, 0x3?, 0x0?, 0x0?, 0x393925c88912?)
	runtime/proc.go:462 +0xce fp=0x393925c88510 sp=0x393925c884f0 pc=0x48eaee
runtime.selectgo(0x393925c88cd0, 0x393925c8890c, 0x0?, 0x0, 0x0?, 0x1)
	runtime/select.go:351 +0xaa5 fp=0x393925c88640 sp=0x393925c88510 pc=0x46a9a5
github.com/minio/minio/cmd.(*transitionState).worker(0x39391a71c380, {0x4bf6ec8, 0x39391b3b7a40})
	github.com/minio/minio/cmd/bucket-lifecycle.go:492 +0x112 fp=0x393925c88fb8 sp=0x393925c88640 pc=0x2719fd2
github.com/minio/minio/cmd.(*transitionState).updateWorkers.gowrap1()
	github.com/minio/minio/cmd/bucket-lifecycle.go:562 +0x1f fp=0x393925c88fe0 sp=0x393925c88fb8 pc=0x271ac9f
runtime.goexit({})
	runtime/asm_amd64.s:1771 +0x1 fp=0x393925c88fe8 sp=0x393925c88fe0 pc=0x4966c1
created by github.com/minio/minio/cmd.(*transitionState).updateWorkers in goroutine 200
	github.com/minio/minio/cmd/bucket-lifecycle.go:562 +0x45

goroutine 454 gp=0x393925c3c960 m=nil [select, 255 minutes]:
runtime.gopark(0x393925c89cd0?, 0x3?, 0x0?, 0x0?, 0x393925c89912?)
	runtime/proc.go:462 +0xce fp=0x393925c89510 sp=0x393925c894f0 pc=0x48eaee
runtime.selectgo(0x393925c89cd0, 0x393925c8990c, 0x0?, 0x0, 0x0?, 0x1)
	runtime/select.go:351 +0xaa5 fp=0x393925c89640 sp=0x393925c89510 pc=0x46a9a5
github.com/minio/minio/cmd.(*transitionState).worker(0x39391a71c380, {0x4bf6ec8, 0x39391b3b7a40})
	github.com/minio/minio/cmd/bucket-lifecycle.go:492 +0x112 fp=0x393925c89fb8 sp=0x393925c89640 pc=0x2719fd2
github.com/minio/minio/cmd.(*transitionState).updateWorkers.gowrap1()
	github.com/minio/minio/cmd/bucket-lifecycle.go:562 +0x1f fp=0x393925c89fe0 sp=0x393925c89fb8 pc=0x271ac9f
runtime.goexit({})
	runtime/asm_amd64.s:1771 +0x1 fp=0x393925c89fe8 sp=0x393925c89fe0 pc=0x4966c1
created by github.com/minio/minio/cmd.(*transitionState).updateWorkers in goroutine 200
	github.com/minio/minio/cmd/bucket-lifecycle.go:562 +0x45

goroutine 455 gp=0x393925c3cb40 m=nil [select, 255 minutes]:
runtime.gopark(0x393925c8acd0?, 0x3?, 0x0?, 0x0?, 0x393925c8a912?)
	runtime/proc.go:462 +0xce fp=0x393925c8a510 sp=0x393925c8a4f0 pc=0x48eaee
runtime.selectgo(0x393925c8acd0, 0x393925c8a90c, 0x0?, 0x0, 0x0?, 0x1)
	runtime/select.go:351 +0xaa5 fp=0x393925c8a640 sp=0x393925c8a510 pc=0x46a9a5
github.com/minio/minio/cmd.(*transitionState).worker(0x39391a71c380, {0x4bf6ec8, 0x39391b3b7a40})
	github.com/minio/minio/cmd/bucket-lifecycle.go:492 +0x112 fp=0x393925c8afb8 sp=0x393925c8a640 pc=0x2719fd2
github.com/minio/minio/cmd.(*transitionState).updateWorkers.gowrap1()
	github.com/minio/minio/cmd/bucket-lifecycle.go:562 +0x1f fp=0x393925c8afe0 sp=0x393925c8afb8 pc=0x271ac9f
runtime.goexit({})
	runtime/asm_amd64.s:1771 +0x1 fp=0x393925c8afe8 sp=0x393925c8afe0 pc=0x4966c1
created by github.com/minio/minio/cmd.(*transitionState).updateWorkers in goroutine 200
	github.com/minio/minio/cmd/bucket-lifecycle.go:562 +0x45

goroutine 456 gp=0x393925c3cd20 m=nil [select, 255 minutes]:
runtime.gopark(0x393925c93cd0?, 0x3?, 0x0?, 0x0?, 0x393925c93912?)
	runtime/proc.go:462 +0xce fp=0x393925c93510 sp=0x393925c934f0 pc=0x48eaee
runtime.selectgo(0x393925c93cd0, 0x393925c9390c, 0x0?, 0x0, 0x0?, 0x1)
	runtime/select.go:351 +0xaa5 fp=0x393925c93640 sp=0x393925c93510 pc=0x46a9a5
github.com/minio/minio/cmd.(*transitionState).worker(0x39391a71c380, {0x4bf6ec8, 0x39391b3b7a40})
	github.com/minio/minio/cmd/bucket-lifecycle.go:492 +0x112 fp=0x393925c93fb8 sp=0x393925c93640 pc=0x2719fd2
github.com/minio/minio/cmd.(*transitionState).updateWorkers.gowrap1()
	github.com/minio/minio/cmd/bucket-lifecycle.go:562 +0x1f fp=0x393925c93fe0 sp=0x393925c93fb8 pc=0x271ac9f
runtime.goexit({})
	runtime/asm_amd64.s:1771 +0x1 fp=0x393925c93fe8 sp=0x393925c93fe0 pc=0x4966c1
created by github.com/minio/minio/cmd.(*transitionState).updateWorkers in goroutine 200
	github.com/minio/minio/cmd/bucket-lifecycle.go:562 +0x45

goroutine 457 gp=0x393925c3cf00 m=nil [select, 255 minutes]:
runtime.gopark(0x39391b6eccd0?, 0x3?, 0x2?, 0x2?, 0x39391b6ec912?)
	runtime/proc.go:462 +0xce fp=0x39391b6ec510 sp=0x39391b6ec4f0 pc=0x48eaee
runtime.selectgo(0x39391b6eccd0, 0x39391b6ec90c, 0x200000103030000?, 0x0, 0x203020101000301?, 0x1)
	runtime/select.go:351 +0xaa5 fp=0x39391b6ec640 sp=0x39391b6ec510 pc=0x46a9a5
github.com/minio/minio/cmd.(*transitionState).worker(0x39391a71c380, {0x4bf6ec8, 0x39391b3b7a40})
	github.com/minio/minio/cmd/bucket-lifecycle.go:492 +0x112 fp=0x39391b6ecfb8 sp=0x39391b6ec640 pc=0x2719fd2
github.com/minio/minio/cmd.(*transitionState).updateWorkers.gowrap1()
	github.com/minio/minio/cmd/bucket-lifecycle.go:562 +0x1f fp=0x39391b6ecfe0 sp=0x39391b6ecfb8 pc=0x271ac9f
runtime.goexit({})
	runtime/asm_amd64.s:1771 +0x1 fp=0x39391b6ecfe8 sp=0x39391b6ecfe0 pc=0x4966c1
created by github.com/minio/minio/cmd.(*transitionState).updateWorkers in goroutine 200
	github.com/minio/minio/cmd/bucket-lifecycle.go:562 +0x45

goroutine 458 gp=0x393925c3d0e0 m=nil [select, 255 minutes]:
runtime.gopark(0x393925c95cd0?, 0x3?, 0x0?, 0x0?, 0x393925c95912?)
	runtime/proc.go:462 +0xce fp=0x393925c95510 sp=0x393925c954f0 pc=0x48eaee
runtime.selectgo(0x393925c95cd0, 0x393925c9590c, 0x0?, 0x0, 0x0?, 0x1)
	runtime/select.go:351 +0xaa5 fp=0x393925c95640 sp=0x393925c95510 pc=0x46a9a5
github.com/minio/minio/cmd.(*transitionState).worker(0x39391a71c380, {0x4bf6ec8, 0x39391b3b7a40})
	github.com/minio/minio/cmd/bucket-lifecycle.go:492 +0x112 fp=0x393925c95fb8 sp=0x393925c95640 pc=0x2719fd2
github.com/minio/minio/cmd.(*transitionState).updateWorkers.gowrap1()
	github.com/minio/minio/cmd/bucket-lifecycle.go:562 +0x1f fp=0x393925c95fe0 sp=0x393925c95fb8 pc=0x271ac9f
runtime.goexit({})
	runtime/asm_amd64.s:1771 +0x1 fp=0x393925c95fe8 sp=0x393925c95fe0 pc=0x4966c1
created by github.com/minio/minio/cmd.(*transitionState).updateWorkers in goroutine 200
	github.com/minio/minio/cmd/bucket-lifecycle.go:562 +0x45

goroutine 459 gp=0x393925c3d2c0 m=nil [select, 255 minutes]:
runtime.gopark(0x393925c96cd0?, 0x3?, 0x0?, 0x0?, 0x393925c96912?)
	runtime/proc.go:462 +0xce fp=0x393925c96510 sp=0x393925c964f0 pc=0x48eaee
runtime.selectgo(0x393925c96cd0, 0x393925c9690c, 0x0?, 0x0, 0x0?, 0x1)
	runtime/select.go:351 +0xaa5 fp=0x393925c96640 sp=0x393925c96510 pc=0x46a9a5
github.com/minio/minio/cmd.(*transitionState).worker(0x39391a71c380, {0x4bf6ec8, 0x39391b3b7a40})
	github.com/minio/minio/cmd/bucket-lifecycle.go:492 +0x112 fp=0x393925c96fb8 sp=0x393925c96640 pc=0x2719fd2
github.com/minio/minio/cmd.(*transitionState).updateWorkers.gowrap1()
	github.com/minio/minio/cmd/bucket-lifecycle.go:562 +0x1f fp=0x393925c96fe0 sp=0x393925c96fb8 pc=0x271ac9f
runtime.goexit({})
	runtime/asm_amd64.s:1771 +0x1 fp=0x393925c96fe8 sp=0x393925c96fe0 pc=0x4966c1
created by github.com/minio/minio/cmd.(*transitionState).updateWorkers in goroutine 200
	github.com/minio/minio/cmd/bucket-lifecycle.go:562 +0x45

goroutine 460 gp=0x393925c3d4a0 m=nil [select, 255 minutes]:
runtime.gopark(0x393925ca1cd0?, 0x3?, 0x0?, 0x0?, 0x393925ca1912?)
	runtime/proc.go:462 +0xce fp=0x393925ca1510 sp=0x393925ca14f0 pc=0x48eaee
runtime.selectgo(0x393925ca1cd0, 0x393925ca190c, 0x0?, 0x0, 0x0?, 0x1)
	runtime/select.go:351 +0xaa5 fp=0x393925ca1640 sp=0x393925ca1510 pc=0x46a9a5
github.com/minio/minio/cmd.(*transitionState).worker(0x39391a71c380, {0x4bf6ec8, 0x39391b3b7a40})
	github.com/minio/minio/cmd/bucket-lifecycle.go:492 +0x112 fp=0x393925ca1fb8 sp=0x393925ca1640 pc=0x2719fd2
github.com/minio/minio/cmd.(*transitionState).updateWorkers.gowrap1()
	github.com/minio/minio/cmd/bucket-lifecycle.go:562 +0x1f fp=0x393925ca1fe0 sp=0x393925ca1fb8 pc=0x271ac9f
runtime.goexit({})
	runtime/asm_amd64.s:1771 +0x1 fp=0x393925ca1fe8 sp=0x393925ca1fe0 pc=0x4966c1
created by github.com/minio/minio/cmd.(*transitionState).updateWorkers in goroutine 200
	github.com/minio/minio/cmd/bucket-lifecycle.go:562 +0x45

goroutine 461 gp=0x393925c3d680 m=nil [select, 255 minutes]:
runtime.gopark(0x393925c90cd0?, 0x3?, 0x0?, 0x0?, 0x393925c90912?)
	runtime/proc.go:462 +0xce fp=0x393925c90510 sp=0x393925c904f0 pc=0x48eaee
runtime.selectgo(0x393925c90cd0, 0x393925c9090c, 0x0?, 0x0, 0x0?, 0x1)
	runtime/select.go:351 +0xaa5 fp=0x393925c90640 sp=0x393925c90510 pc=0x46a9a5
github.com/minio/minio/cmd.(*transitionState).worker(0x39391a71c380, {0x4bf6ec8, 0x39391b3b7a40})
	github.com/minio/minio/cmd/bucket-lifecycle.go:492 +0x112 fp=0x393925c90fb8 sp=0x393925c90640 pc=0x2719fd2
github.com/minio/minio/cmd.(*transitionState).updateWorkers.gowrap1()
	github.com/minio/minio/cmd/bucket-lifecycle.go:562 +0x1f fp=0x393925c90fe0 sp=0x393925c90fb8 pc=0x271ac9f
runtime.goexit({})
	runtime/asm_amd64.s:1771 +0x1 fp=0x393925c90fe8 sp=0x393925c90fe0 pc=0x4966c1
created by github.com/minio/minio/cmd.(*transitionState).updateWorkers in goroutine 200
	github.com/minio/minio/cmd/bucket-lifecycle.go:562 +0x45

goroutine 462 gp=0x393925c3d860 m=nil [select, 255 minutes]:
runtime.gopark(0x393925c91cd0?, 0x3?, 0x0?, 0x0?, 0x393925c91912?)
	runtime/proc.go:462 +0xce fp=0x393925c91510 sp=0x393925c914f0 pc=0x48eaee
runtime.selectgo(0x393925c91cd0, 0x393925c9190c, 0x0?, 0x0, 0x0?, 0x1)
	runtime/select.go:351 +0xaa5 fp=0x393925c91640 sp=0x393925c91510 pc=0x46a9a5
github.com/minio/minio/cmd.(*transitionState).worker(0x39391a71c380, {0x4bf6ec8, 0x39391b3b7a40})
	github.com/minio/minio/cmd/bucket-lifecycle.go:492 +0x112 fp=0x393925c91fb8 sp=0x393925c91640 pc=0x2719fd2
github.com/minio/minio/cmd.(*transitionState).updateWorkers.gowrap1()
	github.com/minio/minio/cmd/bucket-lifecycle.go:562 +0x1f fp=0x393925c91fe0 sp=0x393925c91fb8 pc=0x271ac9f
runtime.goexit({})
	runtime/asm_amd64.s:1771 +0x1 fp=0x393925c91fe8 sp=0x393925c91fe0 pc=0x4966c1
created by github.com/minio/minio/cmd.(*transitionState).updateWorkers in goroutine 200
	github.com/minio/minio/cmd/bucket-lifecycle.go:562 +0x45

goroutine 463 gp=0x393925c3da40 m=nil [select, 255 minutes]:
runtime.gopark(0x393925c92cd0?, 0x3?, 0x0?, 0x0?, 0x393925c92912?)
	runtime/proc.go:462 +0xce fp=0x393925c92510 sp=0x393925c924f0 pc=0x48eaee
runtime.selectgo(0x393925c92cd0, 0x393925c9290c, 0x0?, 0x0, 0x0?, 0x1)
	runtime/select.go:351 +0xaa5 fp=0x393925c92640 sp=0x393925c92510 pc=0x46a9a5
github.com/minio/minio/cmd.(*transitionState).worker(0x39391a71c380, {0x4bf6ec8, 0x39391b3b7a40})
	github.com/minio/minio/cmd/bucket-lifecycle.go:492 +0x112 fp=0x393925c92fb8 sp=0x393925c92640 pc=0x2719fd2
github.com/minio/minio/cmd.(*transitionState).updateWorkers.gowrap1()
	github.com/minio/minio/cmd/bucket-lifecycle.go:562 +0x1f fp=0x393925c92fe0 sp=0x393925c92fb8 pc=0x271ac9f
runtime.goexit({})
	runtime/asm_amd64.s:1771 +0x1 fp=0x393925c92fe8 sp=0x393925c92fe0 pc=0x4966c1
created by github.com/minio/minio/cmd.(*transitionState).updateWorkers in goroutine 200
	github.com/minio/minio/cmd/bucket-lifecycle.go:562 +0x45

goroutine 464 gp=0x393925c3dc20 m=nil [select, 255 minutes]:
runtime.gopark(0x393925c9dcd0?, 0x3?, 0x0?, 0x0?, 0x393925c9d912?)
	runtime/proc.go:462 +0xce fp=0x393925c9d510 sp=0x393925c9d4f0 pc=0x48eaee
runtime.selectgo(0x393925c9dcd0, 0x393925c9d90c, 0x0?, 0x0, 0x0?, 0x1)
	runtime/select.go:351 +0xaa5 fp=0x393925c9d640 sp=0x393925c9d510 pc=0x46a9a5
github.com/minio/minio/cmd.(*transitionState).worker(0x39391a71c380, {0x4bf6ec8, 0x39391b3b7a40})
	github.com/minio/minio/cmd/bucket-lifecycle.go:492 +0x112 fp=0x393925c9dfb8 sp=0x393925c9d640 pc=0x2719fd2
github.com/minio/minio/cmd.(*transitionState).updateWorkers.gowrap1()
	github.com/minio/minio/cmd/bucket-lifecycle.go:562 +0x1f fp=0x393925c9dfe0 sp=0x393925c9dfb8 pc=0x271ac9f
runtime.goexit({})
	runtime/asm_amd64.s:1771 +0x1 fp=0x393925c9dfe8 sp=0x393925c9dfe0 pc=0x4966c1
created by github.com/minio/minio/cmd.(*transitionState).updateWorkers in goroutine 200
	github.com/minio/minio/cmd/bucket-lifecycle.go:562 +0x45

goroutine 465 gp=0x393925c3e000 m=nil [select, 255 minutes]:
runtime.gopark(0x393925c9ecd0?, 0x3?, 0x0?, 0x0?, 0x393925c9e912?)
	runtime/proc.go:462 +0xce fp=0x393925c9e510 sp=0x393925c9e4f0 pc=0x48eaee
runtime.selectgo(0x393925c9ecd0, 0x393925c9e90c, 0x0?, 0x0, 0x0?, 0x1)
	runtime/select.go:351 +0xaa5 fp=0x393925c9e640 sp=0x393925c9e510 pc=0x46a9a5
github.com/minio/minio/cmd.(*transitionState).worker(0x39391a71c380, {0x4bf6ec8, 0x39391b3b7a40})
	github.com/minio/minio/cmd/bucket-lifecycle.go:492 +0x112 fp=0x393925c9efb8 sp=0x393925c9e640 pc=0x2719fd2
github.com/minio/minio/cmd.(*transitionState).updateWorkers.gowrap1()
	github.com/minio/minio/cmd/bucket-lifecycle.go:562 +0x1f fp=0x393925c9efe0 sp=0x393925c9efb8 pc=0x271ac9f
runtime.goexit({})
	runtime/asm_amd64.s:1771 +0x1 fp=0x393925c9efe8 sp=0x393925c9efe0 pc=0x4966c1
created by github.com/minio/minio/cmd.(*transitionState).updateWorkers in goroutine 200
	github.com/minio/minio/cmd/bucket-lifecycle.go:562 +0x45

goroutine 466 gp=0x393925c3e1e0 m=nil [select, 255 minutes]:
runtime.gopark(0x393925c9fcd0?, 0x3?, 0x0?, 0x0?, 0x393925c9f912?)
	runtime/proc.go:462 +0xce fp=0x393925c9f510 sp=0x393925c9f4f0 pc=0x48eaee
runtime.selectgo(0x393925c9fcd0, 0x393925c9f90c, 0x0?, 0x0, 0x0?, 0x1)
	runtime/select.go:351 +0xaa5 fp=0x393925c9f640 sp=0x393925c9f510 pc=0x46a9a5
github.com/minio/minio/cmd.(*transitionState).worker(0x39391a71c380, {0x4bf6ec8, 0x39391b3b7a40})
	github.com/minio/minio/cmd/bucket-lifecycle.go:492 +0x112 fp=0x393925c9ffb8 sp=0x393925c9f640 pc=0x2719fd2
github.com/minio/minio/cmd.(*transitionState).updateWorkers.gowrap1()
	github.com/minio/minio/cmd/bucket-lifecycle.go:562 +0x1f fp=0x393925c9ffe0 sp=0x393925c9ffb8 pc=0x271ac9f
runtime.goexit({})
	runtime/asm_amd64.s:1771 +0x1 fp=0x393925c9ffe8 sp=0x393925c9ffe0 pc=0x4966c1
created by github.com/minio/minio/cmd.(*transitionState).updateWorkers in goroutine 200
	github.com/minio/minio/cmd/bucket-lifecycle.go:562 +0x45

goroutine 467 gp=0x393925c3e3c0 m=nil [select, 255 minutes]:
runtime.gopark(0x393925ca0cd0?, 0x3?, 0x0?, 0x0?, 0x393925ca0912?)
	runtime/proc.go:462 +0xce fp=0x393925ca0510 sp=0x393925ca04f0 pc=0x48eaee
runtime.selectgo(0x393925ca0cd0, 0x393925ca090c, 0x0?, 0x0, 0x0?, 0x1)
	runtime/select.go:351 +0xaa5 fp=0x393925ca0640 sp=0x393925ca0510 pc=0x46a9a5
github.com/minio/minio/cmd.(*transitionState).worker(0x39391a71c380, {0x4bf6ec8, 0x39391b3b7a40})
	github.com/minio/minio/cmd/bucket-lifecycle.go:492 +0x112 fp=0x393925ca0fb8 sp=0x393925ca0640 pc=0x2719fd2
github.com/minio/minio/cmd.(*transitionState).updateWorkers.gowrap1()
	github.com/minio/minio/cmd/bucket-lifecycle.go:562 +0x1f fp=0x393925ca0fe0 sp=0x393925ca0fb8 pc=0x271ac9f
runtime.goexit({})
	runtime/asm_amd64.s:1771 +0x1 fp=0x393925ca0fe8 sp=0x393925ca0fe0 pc=0x4966c1
created by github.com/minio/minio/cmd.(*transitionState).updateWorkers in goroutine 200
	github.com/minio/minio/cmd/bucket-lifecycle.go:562 +0x45

goroutine 468 gp=0x393925c3e5a0 m=nil [select, 255 minutes]:
runtime.gopark(0x393925ca9cd0?, 0x3?, 0x0?, 0x0?, 0x393925ca9912?)
	runtime/proc.go:462 +0xce fp=0x393925ca9510 sp=0x393925ca94f0 pc=0x48eaee
runtime.selectgo(0x393925ca9cd0, 0x393925ca990c, 0x0?, 0x0, 0x0?, 0x1)
	runtime/select.go:351 +0xaa5 fp=0x393925ca9640 sp=0x393925ca9510 pc=0x46a9a5
github.com/minio/minio/cmd.(*transitionState).worker(0x39391a71c380, {0x4bf6ec8, 0x39391b3b7a40})
	github.com/minio/minio/cmd/bucket-lifecycle.go:492 +0x112 fp=0x393925ca9fb8 sp=0x393925ca9640 pc=0x2719fd2
github.com/minio/minio/cmd.(*transitionState).updateWorkers.gowrap1()
	github.com/minio/minio/cmd/bucket-lifecycle.go:562 +0x1f fp=0x393925ca9fe0 sp=0x393925ca9fb8 pc=0x271ac9f
runtime.goexit({})
	runtime/asm_amd64.s:1771 +0x1 fp=0x393925ca9fe8 sp=0x393925ca9fe0 pc=0x4966c1
created by github.com/minio/minio/cmd.(*transitionState).updateWorkers in goroutine 200
	github.com/minio/minio/cmd/bucket-lifecycle.go:562 +0x45

goroutine 469 gp=0x393925c3e780 m=nil [select, 255 minutes]:
runtime.gopark(0x393925c9acd0?, 0x3?, 0x0?, 0x0?, 0x393925c9a912?)
	runtime/proc.go:462 +0xce fp=0x393925c9a510 sp=0x393925c9a4f0 pc=0x48eaee
runtime.selectgo(0x393925c9acd0, 0x393925c9a90c, 0x0?, 0x0, 0x0?, 0x1)
	runtime/select.go:351 +0xaa5 fp=0x393925c9a640 sp=0x393925c9a510 pc=0x46a9a5
github.com/minio/minio/cmd.(*transitionState).worker(0x39391a71c380, {0x4bf6ec8, 0x39391b3b7a40})
	github.com/minio/minio/cmd/bucket-lifecycle.go:492 +0x112 fp=0x393925c9afb8 sp=0x393925c9a640 pc=0x2719fd2
github.com/minio/minio/cmd.(*transitionState).updateWorkers.gowrap1()
	github.com/minio/minio/cmd/bucket-lifecycle.go:562 +0x1f fp=0x393925c9afe0 sp=0x393925c9afb8 pc=0x271ac9f
runtime.goexit({})
	runtime/asm_amd64.s:1771 +0x1 fp=0x393925c9afe8 sp=0x393925c9afe0 pc=0x4966c1
created by github.com/minio/minio/cmd.(*transitionState).updateWorkers in goroutine 200
	github.com/minio/minio/cmd/bucket-lifecycle.go:562 +0x45

goroutine 470 gp=0x393925c3e960 m=nil [select, 255 minutes]:
runtime.gopark(0x393925c94cd0?, 0x3?, 0x0?, 0x0?, 0x393925c94912?)
	runtime/proc.go:462 +0xce fp=0x393925c94510 sp=0x393925c944f0 pc=0x48eaee
runtime.selectgo(0x393925c94cd0, 0x393925c9490c, 0x0?, 0x0, 0x0?, 0x1)
	runtime/select.go:351 +0xaa5 fp=0x393925c94640 sp=0x393925c94510 pc=0x46a9a5
github.com/minio/minio/cmd.(*transitionState).worker(0x39391a71c380, {0x4bf6ec8, 0x39391b3b7a40})
	github.com/minio/minio/cmd/bucket-lifecycle.go:492 +0x112 fp=0x393925c94fb8 sp=0x393925c94640 pc=0x2719fd2
github.com/minio/minio/cmd.(*transitionState).updateWorkers.gowrap1()
	github.com/minio/minio/cmd/bucket-lifecycle.go:562 +0x1f fp=0x393925c94fe0 sp=0x393925c94fb8 pc=0x271ac9f
runtime.goexit({})
	runtime/asm_amd64.s:1771 +0x1 fp=0x393925c94fe8 sp=0x393925c94fe0 pc=0x4966c1
created by github.com/minio/minio/cmd.(*transitionState).updateWorkers in goroutine 200
	github.com/minio/minio/cmd/bucket-lifecycle.go:562 +0x45

goroutine 471 gp=0x393925c3eb40 m=nil [select, 255 minutes]:
runtime.gopark(0x393925c9ccd0?, 0x3?, 0x0?, 0x0?, 0x393925c9c912?)
	runtime/proc.go:462 +0xce fp=0x393925c9c510 sp=0x393925c9c4f0 pc=0x48eaee
runtime.selectgo(0x393925c9ccd0, 0x393925c9c90c, 0x0?, 0x0, 0x0?, 0x1)
	runtime/select.go:351 +0xaa5 fp=0x393925c9c640 sp=0x393925c9c510 pc=0x46a9a5
github.com/minio/minio/cmd.(*transitionState).worker(0x39391a71c380, {0x4bf6ec8, 0x39391b3b7a40})
	github.com/minio/minio/cmd/bucket-lifecycle.go:492 +0x112 fp=0x393925c9cfb8 sp=0x393925c9c640 pc=0x2719fd2
github.com/minio/minio/cmd.(*transitionState).updateWorkers.gowrap1()
	github.com/minio/minio/cmd/bucket-lifecycle.go:562 +0x1f fp=0x393925c9cfe0 sp=0x393925c9cfb8 pc=0x271ac9f
runtime.goexit({})
	runtime/asm_amd64.s:1771 +0x1 fp=0x393925c9cfe8 sp=0x393925c9cfe0 pc=0x4966c1
created by github.com/minio/minio/cmd.(*transitionState).updateWorkers in goroutine 200
	github.com/minio/minio/cmd/bucket-lifecycle.go:562 +0x45

goroutine 472 gp=0x393925c3ed20 m=nil [select, 255 minutes]:
runtime.gopark(0x393925ca5cd0?, 0x3?, 0x0?, 0x0?, 0x393925ca5912?)
	runtime/proc.go:462 +0xce fp=0x393925ca5510 sp=0x393925ca54f0 pc=0x48eaee
runtime.selectgo(0x393925ca5cd0, 0x393925ca590c, 0x0?, 0x0, 0x0?, 0x1)
	runtime/select.go:351 +0xaa5 fp=0x393925ca5640 sp=0x393925ca5510 pc=0x46a9a5
github.com/minio/minio/cmd.(*transitionState).worker(0x39391a71c380, {0x4bf6ec8, 0x39391b3b7a40})
	github.com/minio/minio/cmd/bucket-lifecycle.go:492 +0x112 fp=0x393925ca5fb8 sp=0x393925ca5640 pc=0x2719fd2
github.com/minio/minio/cmd.(*transitionState).updateWorkers.gowrap1()
	github.com/minio/minio/cmd/bucket-lifecycle.go:562 +0x1f fp=0x393925ca5fe0 sp=0x393925ca5fb8 pc=0x271ac9f
runtime.goexit({})
	runtime/asm_amd64.s:1771 +0x1 fp=0x393925ca5fe8 sp=0x393925ca5fe0 pc=0x4966c1
created by github.com/minio/minio/cmd.(*transitionState).updateWorkers in goroutine 200
	github.com/minio/minio/cmd/bucket-lifecycle.go:562 +0x45

goroutine 473 gp=0x393925c3ef00 m=nil [select, 255 minutes]:
runtime.gopark(0x393925ca6cd0?, 0x3?, 0x0?, 0x0?, 0x393925ca6912?)
	runtime/proc.go:462 +0xce fp=0x393925ca6510 sp=0x393925ca64f0 pc=0x48eaee
runtime.selectgo(0x393925ca6cd0, 0x393925ca690c, 0x0?, 0x0, 0x0?, 0x1)
	runtime/select.go:351 +0xaa5 fp=0x393925ca6640 sp=0x393925ca6510 pc=0x46a9a5
github.com/minio/minio/cmd.(*transitionState).worker(0x39391a71c380, {0x4bf6ec8, 0x39391b3b7a40})
	github.com/minio/minio/cmd/bucket-lifecycle.go:492 +0x112 fp=0x393925ca6fb8 sp=0x393925ca6640 pc=0x2719fd2
github.com/minio/minio/cmd.(*transitionState).updateWorkers.gowrap1()
	github.com/minio/minio/cmd/bucket-lifecycle.go:562 +0x1f fp=0x393925ca6fe0 sp=0x393925ca6fb8 pc=0x271ac9f
runtime.goexit({})
	runtime/asm_amd64.s:1771 +0x1 fp=0x393925ca6fe8 sp=0x393925ca6fe0 pc=0x4966c1
created by github.com/minio/minio/cmd.(*transitionState).updateWorkers in goroutine 200
	github.com/minio/minio/cmd/bucket-lifecycle.go:562 +0x45

goroutine 474 gp=0x393925c3f0e0 m=nil [select, 255 minutes]:
runtime.gopark(0x393925ca7cd0?, 0x3?, 0x0?, 0x0?, 0x393925ca7912?)
	runtime/proc.go:462 +0xce fp=0x393925ca7510 sp=0x393925ca74f0 pc=0x48eaee
runtime.selectgo(0x393925ca7cd0, 0x393925ca790c, 0x0?, 0x0, 0x0?, 0x1)
	runtime/select.go:351 +0xaa5 fp=0x393925ca7640 sp=0x393925ca7510 pc=0x46a9a5
github.com/minio/minio/cmd.(*transitionState).worker(0x39391a71c380, {0x4bf6ec8, 0x39391b3b7a40})
	github.com/minio/minio/cmd/bucket-lifecycle.go:492 +0x112 fp=0x393925ca7fb8 sp=0x393925ca7640 pc=0x2719fd2
github.com/minio/minio/cmd.(*transitionState).updateWorkers.gowrap1()
	github.com/minio/minio/cmd/bucket-lifecycle.go:562 +0x1f fp=0x393925ca7fe0 sp=0x393925ca7fb8 pc=0x271ac9f
runtime.goexit({})
	runtime/asm_amd64.s:1771 +0x1 fp=0x393925ca7fe8 sp=0x393925ca7fe0 pc=0x4966c1
created by github.com/minio/minio/cmd.(*transitionState).updateWorkers in goroutine 200
	github.com/minio/minio/cmd/bucket-lifecycle.go:562 +0x45

goroutine 475 gp=0x393925c3f2c0 m=nil [select, 255 minutes]:
runtime.gopark(0x393925ca8cd0?, 0x3?, 0x0?, 0x0?, 0x393925ca8912?)
	runtime/proc.go:462 +0xce fp=0x393925caf510 sp=0x393925caf4f0 pc=0x48eaee
runtime.selectgo(0x393925cafcd0, 0x393925ca890c, 0x0?, 0x0, 0x0?, 0x1)
	runtime/select.go:351 +0xaa5 fp=0x393925caf640 sp=0x393925caf510 pc=0x46a9a5
github.com/minio/minio/cmd.(*transitionState).worker(0x39391a71c380, {0x4bf6ec8, 0x39391b3b7a40})
	github.com/minio/minio/cmd/bucket-lifecycle.go:492 +0x112 fp=0x393925caffb8 sp=0x393925caf640 pc=0x2719fd2
github.com/minio/minio/cmd.(*transitionState).updateWorkers.gowrap1()
	github.com/minio/minio/cmd/bucket-lifecycle.go:562 +0x1f fp=0x393925caffe0 sp=0x393925caffb8 pc=0x271ac9f
runtime.goexit({})
	runtime/asm_amd64.s:1771 +0x1 fp=0x393925caffe8 sp=0x393925caffe0 pc=0x4966c1
created by github.com/minio/minio/cmd.(*transitionState).updateWorkers in goroutine 200
	github.com/minio/minio/cmd/bucket-lifecycle.go:562 +0x45

goroutine 476 gp=0x393925c3f4a0 m=nil [select, 255 minutes]:
runtime.gopark(0x393925ca8cd0?, 0x3?, 0x0?, 0x0?, 0x393925ca8912?)
	runtime/proc.go:462 +0xce fp=0x393925ca8510 sp=0x393925ca84f0 pc=0x48eaee
runtime.selectgo(0x393925ca8cd0, 0x393925ca890c, 0x0?, 0x0, 0x0?, 0x1)
	runtime/select.go:351 +0xaa5 fp=0x393925ca8640 sp=0x393925ca8510 pc=0x46a9a5
github.com/minio/minio/cmd.(*transitionState).worker(0x39391a71c380, {0x4bf6ec8, 0x39391b3b7a40})
	github.com/minio/minio/cmd/bucket-lifecycle.go:492 +0x112 fp=0x393925ca8fb8 sp=0x393925ca8640 pc=0x2719fd2
github.com/minio/minio/cmd.(*transitionState).updateWorkers.gowrap1()
	github.com/minio/minio/cmd/bucket-lifecycle.go:562 +0x1f fp=0x393925ca8fe0 sp=0x393925ca8fb8 pc=0x271ac9f
runtime.goexit({})
	runtime/asm_amd64.s:1771 +0x1 fp=0x393925ca8fe8 sp=0x393925ca8fe0 pc=0x4966c1
created by github.com/minio/minio/cmd.(*transitionState).updateWorkers in goroutine 200
	github.com/minio/minio/cmd/bucket-lifecycle.go:562 +0x45

goroutine 477 gp=0x393925c3f680 m=nil [select, 255 minutes]:
runtime.gopark(0x393925c9bcd0?, 0x3?, 0x0?, 0x0?, 0x393925c9b912?)
	runtime/proc.go:462 +0xce fp=0x393925c9b510 sp=0x393925c9b4f0 pc=0x48eaee
runtime.selectgo(0x393925c9bcd0, 0x393925c9b90c, 0x0?, 0x0, 0x0?, 0x1)
	runtime/select.go:351 +0xaa5 fp=0x393925c9b640 sp=0x393925c9b510 pc=0x46a9a5
github.com/minio/minio/cmd.(*transitionState).worker(0x39391a71c380, {0x4bf6ec8, 0x39391b3b7a40})
	github.com/minio/minio/cmd/bucket-lifecycle.go:492 +0x112 fp=0x393925c9bfb8 sp=0x393925c9b640 pc=0x2719fd2
github.com/minio/minio/cmd.(*transitionState).updateWorkers.gowrap1()
	github.com/minio/minio/cmd/bucket-lifecycle.go:562 +0x1f fp=0x393925c9bfe0 sp=0x393925c9bfb8 pc=0x271ac9f
runtime.goexit({})
	runtime/asm_amd64.s:1771 +0x1 fp=0x393925c9bfe8 sp=0x393925c9bfe0 pc=0x4966c1
created by github.com/minio/minio/cmd.(*transitionState).updateWorkers in goroutine 200
	github.com/minio/minio/cmd/bucket-lifecycle.go:562 +0x45

goroutine 478 gp=0x393925c3f860 m=nil [select, 255 minutes]:
runtime.gopark(0x393925ca2cd0?, 0x3?, 0x0?, 0x0?, 0x393925ca2912?)
	runtime/proc.go:462 +0xce fp=0x393925ca2510 sp=0x393925ca24f0 pc=0x48eaee
runtime.selectgo(0x393925ca2cd0, 0x393925ca290c, 0x0?, 0x0, 0x0?, 0x1)
	runtime/select.go:351 +0xaa5 fp=0x393925ca2640 sp=0x393925ca2510 pc=0x46a9a5
github.com/minio/minio/cmd.(*transitionState).worker(0x39391a71c380, {0x4bf6ec8, 0x39391b3b7a40})
	github.com/minio/minio/cmd/bucket-lifecycle.go:492 +0x112 fp=0x393925ca2fb8 sp=0x393925ca2640 pc=0x2719fd2
github.com/minio/minio/cmd.(*transitionState).updateWorkers.gowrap1()
	github.com/minio/minio/cmd/bucket-lifecycle.go:562 +0x1f fp=0x393925ca2fe0 sp=0x393925ca2fb8 pc=0x271ac9f
runtime.goexit({})
	runtime/asm_amd64.s:1771 +0x1 fp=0x393925ca2fe8 sp=0x393925ca2fe0 pc=0x4966c1
created by github.com/minio/minio/cmd.(*transitionState).updateWorkers in goroutine 200
	github.com/minio/minio/cmd/bucket-lifecycle.go:562 +0x45

goroutine 479 gp=0x393925c3fa40 m=nil [select, 255 minutes]:
runtime.gopark(0x393925ca3cd0?, 0x3?, 0x0?, 0x0?, 0x393925ca3912?)
	runtime/proc.go:462 +0xce fp=0x393925ca3510 sp=0x393925ca34f0 pc=0x48eaee
runtime.selectgo(0x393925ca3cd0, 0x393925ca390c, 0x0?, 0x0, 0x0?, 0x1)
	runtime/select.go:351 +0xaa5 fp=0x393925ca3640 sp=0x393925ca3510 pc=0x46a9a5
github.com/minio/minio/cmd.(*transitionState).worker(0x39391a71c380, {0x4bf6ec8, 0x39391b3b7a40})
	github.com/minio/minio/cmd/bucket-lifecycle.go:492 +0x112 fp=0x393925ca3fb8 sp=0x393925ca3640 pc=0x2719fd2
github.com/minio/minio/cmd.(*transitionState).updateWorkers.gowrap1()
	github.com/minio/minio/cmd/bucket-lifecycle.go:562 +0x1f fp=0x393925ca3fe0 sp=0x393925ca3fb8 pc=0x271ac9f
runtime.goexit({})
	runtime/asm_amd64.s:1771 +0x1 fp=0x393925ca3fe8 sp=0x393925ca3fe0 pc=0x4966c1
created by github.com/minio/minio/cmd.(*transitionState).updateWorkers in goroutine 200
	github.com/minio/minio/cmd/bucket-lifecycle.go:562 +0x45

goroutine 480 gp=0x393925c3fc20 m=nil [select, 255 minutes]:
runtime.gopark(0x393925cbbcd0?, 0x3?, 0x0?, 0x0?, 0x393925cbb912?)
	runtime/proc.go:462 +0xce fp=0x393925cbb510 sp=0x393925cbb4f0 pc=0x48eaee
runtime.selectgo(0x393925cbbcd0, 0x393925cbb90c, 0x0?, 0x0, 0x0?, 0x1)
	runtime/select.go:351 +0xaa5 fp=0x393925cbb640 sp=0x393925cbb510 pc=0x46a9a5
github.com/minio/minio/cmd.(*transitionState).worker(0x39391a71c380, {0x4bf6ec8, 0x39391b3b7a40})
	github.com/minio/minio/cmd/bucket-lifecycle.go:492 +0x112 fp=0x393925cbbfb8 sp=0x393925cbb640 pc=0x2719fd2
github.com/minio/minio/cmd.(*transitionState).updateWorkers.gowrap1()
	github.com/minio/minio/cmd/bucket-lifecycle.go:562 +0x1f fp=0x393925cbbfe0 sp=0x393925cbbfb8 pc=0x271ac9f
runtime.goexit({})
	runtime/asm_amd64.s:1771 +0x1 fp=0x393925cbbfe8 sp=0x393925cbbfe0 pc=0x4966c1
created by github.com/minio/minio/cmd.(*transitionState).updateWorkers in goroutine 200
	github.com/minio/minio/cmd/bucket-lifecycle.go:562 +0x45

goroutine 481 gp=0x393925c48000 m=nil [select, 255 minutes]:
runtime.gopark(0x393925cb7cd0?, 0x3?, 0x0?, 0x0?, 0x393925cb7912?)
	runtime/proc.go:462 +0xce fp=0x393925cb1510 sp=0x393925cb14f0 pc=0x48eaee
runtime.selectgo(0x393925cb1cd0, 0x393925cb790c, 0x0?, 0x0, 0x0?, 0x1)
	runtime/select.go:351 +0xaa5 fp=0x393925cb1640 sp=0x393925cb1510 pc=0x46a9a5
github.com/minio/minio/cmd.(*transitionState).worker(0x39391a71c380, {0x4bf6ec8, 0x39391b3b7a40})
	github.com/minio/minio/cmd/bucket-lifecycle.go:492 +0x112 fp=0x393925cb1fb8 sp=0x393925cb1640 pc=0x2719fd2
github.com/minio/minio/cmd.(*transitionState).updateWorkers.gowrap1()
	github.com/minio/minio/cmd/bucket-lifecycle.go:562 +0x1f fp=0x393925cb1fe0 sp=0x393925cb1fb8 pc=0x271ac9f
runtime.goexit({})
	runtime/asm_amd64.s:1771 +0x1 fp=0x393925cb1fe8 sp=0x393925cb1fe0 pc=0x4966c1
created by github.com/minio/minio/cmd.(*transitionState).updateWorkers in goroutine 200
	github.com/minio/minio/cmd/bucket-lifecycle.go:562 +0x45

goroutine 482 gp=0x393925c481e0 m=nil [select, 255 minutes]:
runtime.gopark(0x393925ca4cd0?, 0x3?, 0x0?, 0x0?, 0x393925ca4912?)
	runtime/proc.go:462 +0xce fp=0x393925ca4510 sp=0x393925ca44f0 pc=0x48eaee
runtime.selectgo(0x393925ca4cd0, 0x393925ca490c, 0x0?, 0x0, 0x0?, 0x1)
	runtime/select.go:351 +0xaa5 fp=0x393925ca4640 sp=0x393925ca4510 pc=0x46a9a5
github.com/minio/minio/cmd.(*transitionState).worker(0x39391a71c380, {0x4bf6ec8, 0x39391b3b7a40})
	github.com/minio/minio/cmd/bucket-lifecycle.go:492 +0x112 fp=0x393925ca4fb8 sp=0x393925ca4640 pc=0x2719fd2
github.com/minio/minio/cmd.(*transitionState).updateWorkers.gowrap1()
	github.com/minio/minio/cmd/bucket-lifecycle.go:562 +0x1f fp=0x393925ca4fe0 sp=0x393925ca4fb8 pc=0x271ac9f
runtime.goexit({})
	runtime/asm_amd64.s:1771 +0x1 fp=0x393925ca4fe8 sp=0x393925ca4fe0 pc=0x4966c1
created by github.com/minio/minio/cmd.(*transitionState).updateWorkers in goroutine 200
	github.com/minio/minio/cmd/bucket-lifecycle.go:562 +0x45

goroutine 483 gp=0x393925c483c0 m=nil [select, 255 minutes]:
runtime.gopark(0x393925cb7cd0?, 0x3?, 0x0?, 0x0?, 0x393925cb7912?)
	runtime/proc.go:462 +0xce fp=0x393925cb7510 sp=0x393925cb74f0 pc=0x48eaee
runtime.selectgo(0x393925cb7cd0, 0x393925cb790c, 0x0?, 0x0, 0x0?, 0x1)
	runtime/select.go:351 +0xaa5 fp=0x393925cb7640 sp=0x393925cb7510 pc=0x46a9a5
github.com/minio/minio/cmd.(*transitionState).worker(0x39391a71c380, {0x4bf6ec8, 0x39391b3b7a40})
	github.com/minio/minio/cmd/bucket-lifecycle.go:492 +0x112 fp=0x393925cb7fb8 sp=0x393925cb7640 pc=0x2719fd2
github.com/minio/minio/cmd.(*transitionState).updateWorkers.gowrap1()
	github.com/minio/minio/cmd/bucket-lifecycle.go:562 +0x1f fp=0x393925cb7fe0 sp=0x393925cb7fb8 pc=0x271ac9f
runtime.goexit({})
	runtime/asm_amd64.s:1771 +0x1 fp=0x393925cb7fe8 sp=0x393925cb7fe0 pc=0x4966c1
created by github.com/minio/minio/cmd.(*transitionState).updateWorkers in goroutine 200
	github.com/minio/minio/cmd/bucket-lifecycle.go:562 +0x45

goroutine 484 gp=0x393925c485a0 m=nil [select, 255 minutes]:
runtime.gopark(0x393925cb9cd0?, 0x3?, 0x0?, 0x0?, 0x393925cb9912?)
	runtime/proc.go:462 +0xce fp=0x393925cb9510 sp=0x393925cb94f0 pc=0x48eaee
runtime.selectgo(0x393925cb9cd0, 0x393925cb990c, 0x0?, 0x0, 0x0?, 0x1)
	runtime/select.go:351 +0xaa5 fp=0x393925cb9640 sp=0x393925cb9510 pc=0x46a9a5
github.com/minio/minio/cmd.(*transitionState).worker(0x39391a71c380, {0x4bf6ec8, 0x39391b3b7a40})
	github.com/minio/minio/cmd/bucket-lifecycle.go:492 +0x112 fp=0x393925cb9fb8 sp=0x393925cb9640 pc=0x2719fd2
github.com/minio/minio/cmd.(*transitionState).updateWorkers.gowrap1()
	github.com/minio/minio/cmd/bucket-lifecycle.go:562 +0x1f fp=0x393925cb9fe0 sp=0x393925cb9fb8 pc=0x271ac9f
runtime.goexit({})
	runtime/asm_amd64.s:1771 +0x1 fp=0x393925cb9fe8 sp=0x393925cb9fe0 pc=0x4966c1
created by github.com/minio/minio/cmd.(*transitionState).updateWorkers in goroutine 200
	github.com/minio/minio/cmd/bucket-lifecycle.go:562 +0x45

goroutine 485 gp=0x393925c48780 m=nil [select, 255 minutes]:
runtime.gopark(0x393925cbacd0?, 0x3?, 0x0?, 0x0?, 0x393925cba912?)
	runtime/proc.go:462 +0xce fp=0x393925cba510 sp=0x393925cba4f0 pc=0x48eaee
runtime.selectgo(0x393925cbacd0, 0x393925cba90c, 0x0?, 0x0, 0x0?, 0x1)
	runtime/select.go:351 +0xaa5 fp=0x393925cba640 sp=0x393925cba510 pc=0x46a9a5
github.com/minio/minio/cmd.(*transitionState).worker(0x39391a71c380, {0x4bf6ec8, 0x39391b3b7a40})
	github.com/minio/minio/cmd/bucket-lifecycle.go:492 +0x112 fp=0x393925cbafb8 sp=0x393925cba640 pc=0x2719fd2
github.com/minio/minio/cmd.(*transitionState).updateWorkers.gowrap1()
	github.com/minio/minio/cmd/bucket-lifecycle.go:562 +0x1f fp=0x393925cbafe0 sp=0x393925cbafb8 pc=0x271ac9f
runtime.goexit({})
	runtime/asm_amd64.s:1771 +0x1 fp=0x393925cbafe8 sp=0x393925cbafe0 pc=0x4966c1
created by github.com/minio/minio/cmd.(*transitionState).updateWorkers in goroutine 200
	github.com/minio/minio/cmd/bucket-lifecycle.go:562 +0x45

goroutine 486 gp=0x393925c48960 m=nil [select, 255 minutes]:
runtime.gopark(0x393925cc3cd0?, 0x3?, 0x0?, 0x0?, 0x393925cc3912?)
	runtime/proc.go:462 +0xce fp=0x393925cc3510 sp=0x393925cc34f0 pc=0x48eaee
runtime.selectgo(0x393925cc3cd0, 0x393925cc390c, 0x0?, 0x0, 0x0?, 0x1)
	runtime/select.go:351 +0xaa5 fp=0x393925cc3640 sp=0x393925cc3510 pc=0x46a9a5
github.com/minio/minio/cmd.(*transitionState).worker(0x39391a71c380, {0x4bf6ec8, 0x39391b3b7a40})
	github.com/minio/minio/cmd/bucket-lifecycle.go:492 +0x112 fp=0x393925cc3fb8 sp=0x393925cc3640 pc=0x2719fd2
github.com/minio/minio/cmd.(*transitionState).updateWorkers.gowrap1()
	github.com/minio/minio/cmd/bucket-lifecycle.go:562 +0x1f fp=0x393925cc3fe0 sp=0x393925cc3fb8 pc=0x271ac9f
runtime.goexit({})
	runtime/asm_amd64.s:1771 +0x1 fp=0x393925cc3fe8 sp=0x393925cc3fe0 pc=0x4966c1
created by github.com/minio/minio/cmd.(*transitionState).updateWorkers in goroutine 200
	github.com/minio/minio/cmd/bucket-lifecycle.go:562 +0x45

goroutine 487 gp=0x393925c48b40 m=nil [select, 255 minutes]:
runtime.gopark(0x393925cb4cd0?, 0x3?, 0x0?, 0x0?, 0x393925cb4912?)
	runtime/proc.go:462 +0xce fp=0x393925cb4510 sp=0x393925cb44f0 pc=0x48eaee
runtime.selectgo(0x393925cb4cd0, 0x393925cb490c, 0x0?, 0x0, 0x0?, 0x1)
	runtime/select.go:351 +0xaa5 fp=0x393925cb4640 sp=0x393925cb4510 pc=0x46a9a5
github.com/minio/minio/cmd.(*transitionState).worker(0x39391a71c380, {0x4bf6ec8, 0x39391b3b7a40})
	github.com/minio/minio/cmd/bucket-lifecycle.go:492 +0x112 fp=0x393925cb4fb8 sp=0x393925cb4640 pc=0x2719fd2
github.com/minio/minio/cmd.(*transitionState).updateWorkers.gowrap1()
	github.com/minio/minio/cmd/bucket-lifecycle.go:562 +0x1f fp=0x393925cb4fe0 sp=0x393925cb4fb8 pc=0x271ac9f
runtime.goexit({})
	runtime/asm_amd64.s:1771 +0x1 fp=0x393925cb4fe8 sp=0x393925cb4fe0 pc=0x4966c1
created by github.com/minio/minio/cmd.(*transitionState).updateWorkers in goroutine 200
	github.com/minio/minio/cmd/bucket-lifecycle.go:562 +0x45

goroutine 488 gp=0x393925c48d20 m=nil [select, 255 minutes]:
runtime.gopark(0x393925cb5cd0?, 0x3?, 0x0?, 0x0?, 0x393925cb5912?)
	runtime/proc.go:462 +0xce fp=0x393925cb5510 sp=0x393925cb54f0 pc=0x48eaee
runtime.selectgo(0x393925cb5cd0, 0x393925cb590c, 0x0?, 0x0, 0x0?, 0x1)
	runtime/select.go:351 +0xaa5 fp=0x393925cb5640 sp=0x393925cb5510 pc=0x46a9a5
github.com/minio/minio/cmd.(*transitionState).worker(0x39391a71c380, {0x4bf6ec8, 0x39391b3b7a40})
	github.com/minio/minio/cmd/bucket-lifecycle.go:492 +0x112 fp=0x393925cb5fb8 sp=0x393925cb5640 pc=0x2719fd2
github.com/minio/minio/cmd.(*transitionState).updateWorkers.gowrap1()
	github.com/minio/minio/cmd/bucket-lifecycle.go:562 +0x1f fp=0x393925cb5fe0 sp=0x393925cb5fb8 pc=0x271ac9f
runtime.goexit({})
	runtime/asm_amd64.s:1771 +0x1 fp=0x393925cb5fe8 sp=0x393925cb5fe0 pc=0x4966c1
created by github.com/minio/minio/cmd.(*transitionState).updateWorkers in goroutine 200
	github.com/minio/minio/cmd/bucket-lifecycle.go:562 +0x45

goroutine 489 gp=0x393925c48f00 m=nil [select, 255 minutes]:
runtime.gopark(0x393925cb6cd0?, 0x3?, 0x0?, 0x0?, 0x393925cb6912?)
	runtime/proc.go:462 +0xce fp=0x393925cb6510 sp=0x393925cb64f0 pc=0x48eaee
runtime.selectgo(0x393925cb6cd0, 0x393925cb690c, 0x0?, 0x0, 0x0?, 0x1)
	runtime/select.go:351 +0xaa5 fp=0x393925cb6640 sp=0x393925cb6510 pc=0x46a9a5
github.com/minio/minio/cmd.(*transitionState).worker(0x39391a71c380, {0x4bf6ec8, 0x39391b3b7a40})
	github.com/minio/minio/cmd/bucket-lifecycle.go:492 +0x112 fp=0x393925cb6fb8 sp=0x393925cb6640 pc=0x2719fd2
github.com/minio/minio/cmd.(*transitionState).updateWorkers.gowrap1()
	github.com/minio/minio/cmd/bucket-lifecycle.go:562 +0x1f fp=0x393925cb6fe0 sp=0x393925cb6fb8 pc=0x271ac9f
runtime.goexit({})
	runtime/asm_amd64.s:1771 +0x1 fp=0x393925cb6fe8 sp=0x393925cb6fe0 pc=0x4966c1
created by github.com/minio/minio/cmd.(*transitionState).updateWorkers in goroutine 200
	github.com/minio/minio/cmd/bucket-lifecycle.go:562 +0x45

goroutine 490 gp=0x393925c490e0 m=nil [select, 255 minutes]:
runtime.gopark(0x393925cbfcd0?, 0x3?, 0x0?, 0x0?, 0x393925cbf912?)
	runtime/proc.go:462 +0xce fp=0x393925cbf510 sp=0x393925cbf4f0 pc=0x48eaee
runtime.selectgo(0x393925cbfcd0, 0x393925cbf90c, 0x0?, 0x0, 0x0?, 0x1)
	runtime/select.go:351 +0xaa5 fp=0x393925cbf640 sp=0x393925cbf510 pc=0x46a9a5
github.com/minio/minio/cmd.(*transitionState).worker(0x39391a71c380, {0x4bf6ec8, 0x39391b3b7a40})
	github.com/minio/minio/cmd/bucket-lifecycle.go:492 +0x112 fp=0x393925cbffb8 sp=0x393925cbf640 pc=0x2719fd2
github.com/minio/minio/cmd.(*transitionState).updateWorkers.gowrap1()
	github.com/minio/minio/cmd/bucket-lifecycle.go:562 +0x1f fp=0x393925cbffe0 sp=0x393925cbffb8 pc=0x271ac9f
runtime.goexit({})
	runtime/asm_amd64.s:1771 +0x1 fp=0x393925cbffe8 sp=0x393925cbffe0 pc=0x4966c1
created by github.com/minio/minio/cmd.(*transitionState).updateWorkers in goroutine 200
	github.com/minio/minio/cmd/bucket-lifecycle.go:562 +0x45

goroutine 491 gp=0x393925c492c0 m=nil [select, 255 minutes]:
runtime.gopark(0x393925cc0cd0?, 0x3?, 0x0?, 0x0?, 0x393925cc0912?)
	runtime/proc.go:462 +0xce fp=0x393925cc0510 sp=0x393925cc04f0 pc=0x48eaee
runtime.selectgo(0x393925cc0cd0, 0x393925cc090c, 0x0?, 0x0, 0x0?, 0x1)
	runtime/select.go:351 +0xaa5 fp=0x393925cc0640 sp=0x393925cc0510 pc=0x46a9a5
github.com/minio/minio/cmd.(*transitionState).worker(0x39391a71c380, {0x4bf6ec8, 0x39391b3b7a40})
	github.com/minio/minio/cmd/bucket-lifecycle.go:492 +0x112 fp=0x393925cc0fb8 sp=0x393925cc0640 pc=0x2719fd2
github.com/minio/minio/cmd.(*transitionState).updateWorkers.gowrap1()
	github.com/minio/minio/cmd/bucket-lifecycle.go:562 +0x1f fp=0x393925cc0fe0 sp=0x393925cc0fb8 pc=0x271ac9f
runtime.goexit({})
	runtime/asm_amd64.s:1771 +0x1 fp=0x393925cc0fe8 sp=0x393925cc0fe0 pc=0x4966c1
created by github.com/minio/minio/cmd.(*transitionState).updateWorkers in goroutine 200
	github.com/minio/minio/cmd/bucket-lifecycle.go:562 +0x45

goroutine 492 gp=0x393925c494a0 m=nil [select, 255 minutes]:
runtime.gopark(0x393925cc1cd0?, 0x3?, 0x0?, 0x0?, 0x393925cc1912?)
	runtime/proc.go:462 +0xce fp=0x393925cc1510 sp=0x393925cc14f0 pc=0x48eaee
runtime.selectgo(0x393925cc1cd0, 0x393925cc190c, 0x0?, 0x0, 0x0?, 0x1)
	runtime/select.go:351 +0xaa5 fp=0x393925cc1640 sp=0x393925cc1510 pc=0x46a9a5
github.com/minio/minio/cmd.(*transitionState).worker(0x39391a71c380, {0x4bf6ec8, 0x39391b3b7a40})
	github.com/minio/minio/cmd/bucket-lifecycle.go:492 +0x112 fp=0x393925cc1fb8 sp=0x393925cc1640 pc=0x2719fd2
github.com/minio/minio/cmd.(*transitionState).updateWorkers.gowrap1()
	github.com/minio/minio/cmd/bucket-lifecycle.go:562 +0x1f fp=0x393925cc1fe0 sp=0x393925cc1fb8 pc=0x271ac9f
runtime.goexit({})
	runtime/asm_amd64.s:1771 +0x1 fp=0x393925cc1fe8 sp=0x393925cc1fe0 pc=0x4966c1
created by github.com/minio/minio/cmd.(*transitionState).updateWorkers in goroutine 200
	github.com/minio/minio/cmd/bucket-lifecycle.go:562 +0x45

goroutine 493 gp=0x393925c49680 m=nil [select, 255 minutes]:
runtime.gopark(0x393925cc2cd0?, 0x3?, 0x0?, 0x0?, 0x393925cc2912?)
	runtime/proc.go:462 +0xce fp=0x393925cc2510 sp=0x393925cc24f0 pc=0x48eaee
runtime.selectgo(0x393925cc2cd0, 0x393925cc290c, 0x0?, 0x0, 0x0?, 0x1)
	runtime/select.go:351 +0xaa5 fp=0x393925cc2640 sp=0x393925cc2510 pc=0x46a9a5
github.com/minio/minio/cmd.(*transitionState).worker(0x39391a71c380, {0x4bf6ec8, 0x39391b3b7a40})
	github.com/minio/minio/cmd/bucket-lifecycle.go:492 +0x112 fp=0x393925cc2fb8 sp=0x393925cc2640 pc=0x2719fd2
github.com/minio/minio/cmd.(*transitionState).updateWorkers.gowrap1()
	github.com/minio/minio/cmd/bucket-lifecycle.go:562 +0x1f fp=0x393925cc2fe0 sp=0x393925cc2fb8 pc=0x271ac9f
runtime.goexit({})
	runtime/asm_amd64.s:1771 +0x1 fp=0x393925cc2fe8 sp=0x393925cc2fe0 pc=0x4966c1
created by github.com/minio/minio/cmd.(*transitionState).updateWorkers in goroutine 200
	github.com/minio/minio/cmd/bucket-lifecycle.go:562 +0x45

goroutine 494 gp=0x393925c49860 m=nil [select, 255 minutes]:
runtime.gopark(0x393925ccbcd0?, 0x3?, 0x0?, 0x0?, 0x393925ccb912?)
	runtime/proc.go:462 +0xce fp=0x393925ccb510 sp=0x393925ccb4f0 pc=0x48eaee
runtime.selectgo(0x393925ccbcd0, 0x393925ccb90c, 0x0?, 0x0, 0x0?, 0x1)
	runtime/select.go:351 +0xaa5 fp=0x393925ccb640 sp=0x393925ccb510 pc=0x46a9a5
github.com/minio/minio/cmd.(*transitionState).worker(0x39391a71c380, {0x4bf6ec8, 0x39391b3b7a40})
	github.com/minio/minio/cmd/bucket-lifecycle.go:492 +0x112 fp=0x393925ccbfb8 sp=0x393925ccb640 pc=0x2719fd2
github.com/minio/minio/cmd.(*transitionState).updateWorkers.gowrap1()
	github.com/minio/minio/cmd/bucket-lifecycle.go:562 +0x1f fp=0x393925ccbfe0 sp=0x393925ccbfb8 pc=0x271ac9f
runtime.goexit({})
	runtime/asm_amd64.s:1771 +0x1 fp=0x393925ccbfe8 sp=0x393925ccbfe0 pc=0x4966c1
created by github.com/minio/minio/cmd.(*transitionState).updateWorkers in goroutine 200
	github.com/minio/minio/cmd/bucket-lifecycle.go:562 +0x45

goroutine 495 gp=0x393925c49a40 m=nil [select, 255 minutes]:
runtime.gopark(0x393925cbccd0?, 0x3?, 0x0?, 0x0?, 0x393925cbc912?)
	runtime/proc.go:462 +0xce fp=0x393925cbc510 sp=0x393925cbc4f0 pc=0x48eaee
runtime.selectgo(0x393925cbccd0, 0x393925cbc90c, 0x0?, 0x0, 0x0?, 0x1)
	runtime/select.go:351 +0xaa5 fp=0x393925cbc640 sp=0x393925cbc510 pc=0x46a9a5
github.com/minio/minio/cmd.(*transitionState).worker(0x39391a71c380, {0x4bf6ec8, 0x39391b3b7a40})
	github.com/minio/minio/cmd/bucket-lifecycle.go:492 +0x112 fp=0x393925cbcfb8 sp=0x393925cbc640 pc=0x2719fd2
github.com/minio/minio/cmd.(*transitionState).updateWorkers.gowrap1()
	github.com/minio/minio/cmd/bucket-lifecycle.go:562 +0x1f fp=0x393925cbcfe0 sp=0x393925cbcfb8 pc=0x271ac9f
runtime.goexit({})
	runtime/asm_amd64.s:1771 +0x1 fp=0x393925cbcfe8 sp=0x393925cbcfe0 pc=0x4966c1
created by github.com/minio/minio/cmd.(*transitionState).updateWorkers in goroutine 200
	github.com/minio/minio/cmd/bucket-lifecycle.go:562 +0x45

goroutine 496 gp=0x393925c49c20 m=nil [select, 255 minutes]:
runtime.gopark(0x393925cbdcd0?, 0x3?, 0x0?, 0x0?, 0x393925cbd912?)
	runtime/proc.go:462 +0xce fp=0x393925cbd510 sp=0x393925cbd4f0 pc=0x48eaee
runtime.selectgo(0x393925cbdcd0, 0x393925cbd90c, 0x0?, 0x0, 0x0?, 0x1)
	runtime/select.go:351 +0xaa5 fp=0x393925cbd640 sp=0x393925cbd510 pc=0x46a9a5
github.com/minio/minio/cmd.(*transitionState).worker(0x39391a71c380, {0x4bf6ec8, 0x39391b3b7a40})
	github.com/minio/minio/cmd/bucket-lifecycle.go:492 +0x112 fp=0x393925cbdfb8 sp=0x393925cbd640 pc=0x2719fd2
github.com/minio/minio/cmd.(*transitionState).updateWorkers.gowrap1()
	github.com/minio/minio/cmd/bucket-lifecycle.go:562 +0x1f fp=0x393925cbdfe0 sp=0x393925cbdfb8 pc=0x271ac9f
runtime.goexit({})
	runtime/asm_amd64.s:1771 +0x1 fp=0x393925cbdfe8 sp=0x393925cbdfe0 pc=0x4966c1
created by github.com/minio/minio/cmd.(*transitionState).updateWorkers in goroutine 200
	github.com/minio/minio/cmd/bucket-lifecycle.go:562 +0x45

goroutine 497 gp=0x393925c52000 m=nil [select, 255 minutes]:
runtime.gopark(0x393925cbecd0?, 0x3?, 0x0?, 0x0?, 0x393925cbe912?)
	runtime/proc.go:462 +0xce fp=0x393925cbe510 sp=0x393925cbe4f0 pc=0x48eaee
runtime.selectgo(0x393925cbecd0, 0x393925cbe90c, 0x0?, 0x0, 0x0?, 0x1)
	runtime/select.go:351 +0xaa5 fp=0x393925cbe640 sp=0x393925cbe510 pc=0x46a9a5
github.com/minio/minio/cmd.(*transitionState).worker(0x39391a71c380, {0x4bf6ec8, 0x39391b3b7a40})
	github.com/minio/minio/cmd/bucket-lifecycle.go:492 +0x112 fp=0x393925cbefb8 sp=0x393925cbe640 pc=0x2719fd2
github.com/minio/minio/cmd.(*transitionState).updateWorkers.gowrap1()
	github.com/minio/minio/cmd/bucket-lifecycle.go:562 +0x1f fp=0x393925cbefe0 sp=0x393925cbefb8 pc=0x271ac9f
runtime.goexit({})
	runtime/asm_amd64.s:1771 +0x1 fp=0x393925cbefe8 sp=0x393925cbefe0 pc=0x4966c1
created by github.com/minio/minio/cmd.(*transitionState).updateWorkers in goroutine 200
	github.com/minio/minio/cmd/bucket-lifecycle.go:562 +0x45

goroutine 498 gp=0x393925c521e0 m=nil [select, 255 minutes]:
runtime.gopark(0x393925cc7cd0?, 0x3?, 0x0?, 0x0?, 0x393925cc7912?)
	runtime/proc.go:462 +0xce fp=0x393925cc7510 sp=0x393925cc74f0 pc=0x48eaee
runtime.selectgo(0x393925cc7cd0, 0x393925cc790c, 0x0?, 0x0, 0x0?, 0x1)
	runtime/select.go:351 +0xaa5 fp=0x393925cc7640 sp=0x393925cc7510 pc=0x46a9a5
github.com/minio/minio/cmd.(*transitionState).worker(0x39391a71c380, {0x4bf6ec8, 0x39391b3b7a40})
	github.com/minio/minio/cmd/bucket-lifecycle.go:492 +0x112 fp=0x393925cc7fb8 sp=0x393925cc7640 pc=0x2719fd2
github.com/minio/minio/cmd.(*transitionState).updateWorkers.gowrap1()
	github.com/minio/minio/cmd/bucket-lifecycle.go:562 +0x1f fp=0x393925cc7fe0 sp=0x393925cc7fb8 pc=0x271ac9f
runtime.goexit({})
	runtime/asm_amd64.s:1771 +0x1 fp=0x393925cc7fe8 sp=0x393925cc7fe0 pc=0x4966c1
created by github.com/minio/minio/cmd.(*transitionState).updateWorkers in goroutine 200
	github.com/minio/minio/cmd/bucket-lifecycle.go:562 +0x45

goroutine 499 gp=0x393925c523c0 m=nil [select, 255 minutes]:
runtime.gopark(0x393925cc8cd0?, 0x3?, 0x0?, 0x0?, 0x393925cc8912?)
	runtime/proc.go:462 +0xce fp=0x393925cab510 sp=0x393925cab4f0 pc=0x48eaee
runtime.selectgo(0x393925cabcd0, 0x393925cc890c, 0x0?, 0x0, 0x0?, 0x1)
	runtime/select.go:351 +0xaa5 fp=0x393925cab640 sp=0x393925cab510 pc=0x46a9a5
github.com/minio/minio/cmd.(*transitionState).worker(0x39391a71c380, {0x4bf6ec8, 0x39391b3b7a40})
	github.com/minio/minio/cmd/bucket-lifecycle.go:492 +0x112 fp=0x393925cabfb8 sp=0x393925cab640 pc=0x2719fd2
github.com/minio/minio/cmd.(*transitionState).updateWorkers.gowrap1()
	github.com/minio/minio/cmd/bucket-lifecycle.go:562 +0x1f fp=0x393925cabfe0 sp=0x393925cabfb8 pc=0x271ac9f
runtime.goexit({})
	runtime/asm_amd64.s:1771 +0x1 fp=0x393925cabfe8 sp=0x393925cabfe0 pc=0x4966c1
created by github.com/minio/minio/cmd.(*transitionState).updateWorkers in goroutine 200
	github.com/minio/minio/cmd/bucket-lifecycle.go:562 +0x45

goroutine 500 gp=0x393925c525a0 m=nil [select, 255 minutes]:
runtime.gopark(0x393925cc8cd0?, 0x3?, 0x0?, 0x0?, 0x393925cc8912?)
	runtime/proc.go:462 +0xce fp=0x393925cc8510 sp=0x393925cc84f0 pc=0x48eaee
runtime.selectgo(0x393925cc8cd0, 0x393925cc890c, 0x0?, 0x0, 0x0?, 0x1)
	runtime/select.go:351 +0xaa5 fp=0x393925cc8640 sp=0x393925cc8510 pc=0x46a9a5
github.com/minio/minio/cmd.(*transitionState).worker(0x39391a71c380, {0x4bf6ec8, 0x39391b3b7a40})
	github.com/minio/minio/cmd/bucket-lifecycle.go:492 +0x112 fp=0x393925cc8fb8 sp=0x393925cc8640 pc=0x2719fd2
github.com/minio/minio/cmd.(*transitionState).updateWorkers.gowrap1()
	github.com/minio/minio/cmd/bucket-lifecycle.go:562 +0x1f fp=0x393925cc8fe0 sp=0x393925cc8fb8 pc=0x271ac9f
runtime.goexit({})
	runtime/asm_amd64.s:1771 +0x1 fp=0x393925cc8fe8 sp=0x393925cc8fe0 pc=0x4966c1
created by github.com/minio/minio/cmd.(*transitionState).updateWorkers in goroutine 200
	github.com/minio/minio/cmd/bucket-lifecycle.go:562 +0x45

goroutine 501 gp=0x393925c52780 m=nil [select, 255 minutes]:
runtime.gopark(0x393925cb8cd0?, 0x3?, 0x0?, 0x0?, 0x393925cb8912?)
	runtime/proc.go:462 +0xce fp=0x393925cb8510 sp=0x393925cb84f0 pc=0x48eaee
runtime.selectgo(0x393925cb8cd0, 0x393925cb890c, 0x0?, 0x0, 0x0?, 0x1)
	runtime/select.go:351 +0xaa5 fp=0x393925cb8640 sp=0x393925cb8510 pc=0x46a9a5
github.com/minio/minio/cmd.(*transitionState).worker(0x39391a71c380, {0x4bf6ec8, 0x39391b3b7a40})
	github.com/minio/minio/cmd/bucket-lifecycle.go:492 +0x112 fp=0x393925cb8fb8 sp=0x393925cb8640 pc=0x2719fd2
github.com/minio/minio/cmd.(*transitionState).updateWorkers.gowrap1()
	github.com/minio/minio/cmd/bucket-lifecycle.go:562 +0x1f fp=0x393925cb8fe0 sp=0x393925cb8fb8 pc=0x271ac9f
runtime.goexit({})
	runtime/asm_amd64.s:1771 +0x1 fp=0x393925cb8fe8 sp=0x393925cb8fe0 pc=0x4966c1
created by github.com/minio/minio/cmd.(*transitionState).updateWorkers in goroutine 200
	github.com/minio/minio/cmd/bucket-lifecycle.go:562 +0x45

goroutine 502 gp=0x393925c52960 m=nil [select, 255 minutes]:
runtime.gopark(0x393925ccacd0?, 0x3?, 0x0?, 0x0?, 0x393925cca912?)
	runtime/proc.go:462 +0xce fp=0x393925cca510 sp=0x393925cca4f0 pc=0x48eaee
runtime.selectgo(0x393925ccacd0, 0x393925cca90c, 0x0?, 0x0, 0x0?, 0x1)
	runtime/select.go:351 +0xaa5 fp=0x393925cca640 sp=0x393925cca510 pc=0x46a9a5
github.com/minio/minio/cmd.(*transitionState).worker(0x39391a71c380, {0x4bf6ec8, 0x39391b3b7a40})
	github.com/minio/minio/cmd/bucket-lifecycle.go:492 +0x112 fp=0x393925ccafb8 sp=0x393925cca640 pc=0x2719fd2
github.com/minio/minio/cmd.(*transitionState).updateWorkers.gowrap1()
	github.com/minio/minio/cmd/bucket-lifecycle.go:562 +0x1f fp=0x393925ccafe0 sp=0x393925ccafb8 pc=0x271ac9f
runtime.goexit({})
	runtime/asm_amd64.s:1771 +0x1 fp=0x393925ccafe8 sp=0x393925ccafe0 pc=0x4966c1
created by github.com/minio/minio/cmd.(*transitionState).updateWorkers in goroutine 200
	github.com/minio/minio/cmd/bucket-lifecycle.go:562 +0x45

goroutine 503 gp=0x393925c52b40 m=nil [select, 255 minutes]:
runtime.gopark(0x393925cd5cd0?, 0x3?, 0x0?, 0x0?, 0x393925cd5912?)
	runtime/proc.go:462 +0xce fp=0x393925cd5510 sp=0x393925cd54f0 pc=0x48eaee
runtime.selectgo(0x393925cd5cd0, 0x393925cd590c, 0x0?, 0x0, 0x0?, 0x1)
	runtime/select.go:351 +0xaa5 fp=0x393925cd5640 sp=0x393925cd5510 pc=0x46a9a5
github.com/minio/minio/cmd.(*transitionState).worker(0x39391a71c380, {0x4bf6ec8, 0x39391b3b7a40})
	github.com/minio/minio/cmd/bucket-lifecycle.go:492 +0x112 fp=0x393925cd5fb8 sp=0x393925cd5640 pc=0x2719fd2
github.com/minio/minio/cmd.(*transitionState).updateWorkers.gowrap1()
	github.com/minio/minio/cmd/bucket-lifecycle.go:562 +0x1f fp=0x393925cd5fe0 sp=0x393925cd5fb8 pc=0x271ac9f
runtime.goexit({})
	runtime/asm_amd64.s:1771 +0x1 fp=0x393925cd5fe8 sp=0x393925cd5fe0 pc=0x4966c1
created by github.com/minio/minio/cmd.(*transitionState).updateWorkers in goroutine 200
	github.com/minio/minio/cmd/bucket-lifecycle.go:562 +0x45

goroutine 504 gp=0x393925c52d20 m=nil [select, 255 minutes]:
runtime.gopark(0x393925cc4cd0?, 0x3?, 0x0?, 0x0?, 0x393925cc4912?)
	runtime/proc.go:462 +0xce fp=0x393925cc4510 sp=0x393925cc44f0 pc=0x48eaee
runtime.selectgo(0x393925cc4cd0, 0x393925cc490c, 0x0?, 0x0, 0x0?, 0x1)
	runtime/select.go:351 +0xaa5 fp=0x393925cc4640 sp=0x393925cc4510 pc=0x46a9a5
github.com/minio/minio/cmd.(*transitionState).worker(0x39391a71c380, {0x4bf6ec8, 0x39391b3b7a40})
	github.com/minio/minio/cmd/bucket-lifecycle.go:492 +0x112 fp=0x393925cc4fb8 sp=0x393925cc4640 pc=0x2719fd2
github.com/minio/minio/cmd.(*transitionState).updateWorkers.gowrap1()
	github.com/minio/minio/cmd/bucket-lifecycle.go:562 +0x1f fp=0x393925cc4fe0 sp=0x393925cc4fb8 pc=0x271ac9f
runtime.goexit({})
	runtime/asm_amd64.s:1771 +0x1 fp=0x393925cc4fe8 sp=0x393925cc4fe0 pc=0x4966c1
created by github.com/minio/minio/cmd.(*transitionState).updateWorkers in goroutine 200
	github.com/minio/minio/cmd/bucket-lifecycle.go:562 +0x45

goroutine 505 gp=0x393925c52f00 m=nil [select, 255 minutes]:
runtime.gopark(0x393925cc5cd0?, 0x3?, 0x0?, 0x0?, 0x393925cc5912?)
	runtime/proc.go:462 +0xce fp=0x393925cc5510 sp=0x393925cc54f0 pc=0x48eaee
runtime.selectgo(0x393925cc5cd0, 0x393925cc590c, 0x0?, 0x0, 0x0?, 0x1)
	runtime/select.go:351 +0xaa5 fp=0x393925cc5640 sp=0x393925cc5510 pc=0x46a9a5
github.com/minio/minio/cmd.(*transitionState).worker(0x39391a71c380, {0x4bf6ec8, 0x39391b3b7a40})
	github.com/minio/minio/cmd/bucket-lifecycle.go:492 +0x112 fp=0x393925cc5fb8 sp=0x393925cc5640 pc=0x2719fd2
github.com/minio/minio/cmd.(*transitionState).updateWorkers.gowrap1()
	github.com/minio/minio/cmd/bucket-lifecycle.go:562 +0x1f fp=0x393925cc5fe0 sp=0x393925cc5fb8 pc=0x271ac9f
runtime.goexit({})
	runtime/asm_amd64.s:1771 +0x1 fp=0x393925cc5fe8 sp=0x393925cc5fe0 pc=0x4966c1
created by github.com/minio/minio/cmd.(*transitionState).updateWorkers in goroutine 200
	github.com/minio/minio/cmd/bucket-lifecycle.go:562 +0x45

goroutine 506 gp=0x393925c530e0 m=nil [select, 255 minutes]:
runtime.gopark(0x393925cc6cd0?, 0x3?, 0x0?, 0x0?, 0x393925cc6912?)
	runtime/proc.go:462 +0xce fp=0x393925cc6510 sp=0x393925cc64f0 pc=0x48eaee
runtime.selectgo(0x393925cc6cd0, 0x393925cc690c, 0x0?, 0x0, 0x0?, 0x1)
	runtime/select.go:351 +0xaa5 fp=0x393925cc6640 sp=0x393925cc6510 pc=0x46a9a5
github.com/minio/minio/cmd.(*transitionState).worker(0x39391a71c380, {0x4bf6ec8, 0x39391b3b7a40})
	github.com/minio/minio/cmd/bucket-lifecycle.go:492 +0x112 fp=0x393925cc6fb8 sp=0x393925cc6640 pc=0x2719fd2
github.com/minio/minio/cmd.(*transitionState).updateWorkers.gowrap1()
	github.com/minio/minio/cmd/bucket-lifecycle.go:562 +0x1f fp=0x393925cc6fe0 sp=0x393925cc6fb8 pc=0x271ac9f
runtime.goexit({})
	runtime/asm_amd64.s:1771 +0x1 fp=0x393925cc6fe8 sp=0x393925cc6fe0 pc=0x4966c1
created by github.com/minio/minio/cmd.(*transitionState).updateWorkers in goroutine 200
	github.com/minio/minio/cmd/bucket-lifecycle.go:562 +0x45

goroutine 507 gp=0x393925c532c0 m=nil [select, 255 minutes]:
runtime.gopark(0x393925cd1cd0?, 0x3?, 0x0?, 0x0?, 0x393925cd1912?)
	runtime/proc.go:462 +0xce fp=0x393925cd1510 sp=0x393925cd14f0 pc=0x48eaee
runtime.selectgo(0x393925cd1cd0, 0x393925cd190c, 0x0?, 0x0, 0x0?, 0x1)
	runtime/select.go:351 +0xaa5 fp=0x393925cd1640 sp=0x393925cd1510 pc=0x46a9a5
github.com/minio/minio/cmd.(*transitionState).worker(0x39391a71c380, {0x4bf6ec8, 0x39391b3b7a40})
	github.com/minio/minio/cmd/bucket-lifecycle.go:492 +0x112 fp=0x393925cd1fb8 sp=0x393925cd1640 pc=0x2719fd2
github.com/minio/minio/cmd.(*transitionState).updateWorkers.gowrap1()
	github.com/minio/minio/cmd/bucket-lifecycle.go:562 +0x1f fp=0x393925cd1fe0 sp=0x393925cd1fb8 pc=0x271ac9f
runtime.goexit({})
	runtime/asm_amd64.s:1771 +0x1 fp=0x393925cd1fe8 sp=0x393925cd1fe0 pc=0x4966c1
created by github.com/minio/minio/cmd.(*transitionState).updateWorkers in goroutine 200
	github.com/minio/minio/cmd/bucket-lifecycle.go:562 +0x45

goroutine 508 gp=0x393925c534a0 m=nil [select, 255 minutes]:
runtime.gopark(0x393925cd2cd0?, 0x3?, 0x0?, 0x0?, 0x393925cd2912?)
	runtime/proc.go:462 +0xce fp=0x393925cd2510 sp=0x393925cd24f0 pc=0x48eaee
runtime.selectgo(0x393925cd2cd0, 0x393925cd290c, 0x0?, 0x0, 0x0?, 0x1)
	runtime/select.go:351 +0xaa5 fp=0x393925cd2640 sp=0x393925cd2510 pc=0x46a9a5
github.com/minio/minio/cmd.(*transitionState).worker(0x39391a71c380, {0x4bf6ec8, 0x39391b3b7a40})
	github.com/minio/minio/cmd/bucket-lifecycle.go:492 +0x112 fp=0x393925cd2fb8 sp=0x393925cd2640 pc=0x2719fd2
github.com/minio/minio/cmd.(*transitionState).updateWorkers.gowrap1()
	github.com/minio/minio/cmd/bucket-lifecycle.go:562 +0x1f fp=0x393925cd2fe0 sp=0x393925cd2fb8 pc=0x271ac9f
runtime.goexit({})
	runtime/asm_amd64.s:1771 +0x1 fp=0x393925cd2fe8 sp=0x393925cd2fe0 pc=0x4966c1
created by github.com/minio/minio/cmd.(*transitionState).updateWorkers in goroutine 200
	github.com/minio/minio/cmd/bucket-lifecycle.go:562 +0x45

goroutine 509 gp=0x393925c53680 m=nil [select, 255 minutes]:
runtime.gopark(0x393925cd3cd0?, 0x3?, 0x0?, 0x0?, 0x393925cd3912?)
	runtime/proc.go:462 +0xce fp=0x393925cd3510 sp=0x393925cd34f0 pc=0x48eaee
runtime.selectgo(0x393925cd3cd0, 0x393925cd390c, 0x0?, 0x0, 0x0?, 0x1)
	runtime/select.go:351 +0xaa5 fp=0x393925cd3640 sp=0x393925cd3510 pc=0x46a9a5
github.com/minio/minio/cmd.(*transitionState).worker(0x39391a71c380, {0x4bf6ec8, 0x39391b3b7a40})
	github.com/minio/minio/cmd/bucket-lifecycle.go:492 +0x112 fp=0x393925cd3fb8 sp=0x393925cd3640 pc=0x2719fd2
github.com/minio/minio/cmd.(*transitionState).updateWorkers.gowrap1()
	github.com/minio/minio/cmd/bucket-lifecycle.go:562 +0x1f fp=0x393925cd3fe0 sp=0x393925cd3fb8 pc=0x271ac9f
runtime.goexit({})
	runtime/asm_amd64.s:1771 +0x1 fp=0x393925cd3fe8 sp=0x393925cd3fe0 pc=0x4966c1
created by github.com/minio/minio/cmd.(*transitionState).updateWorkers in goroutine 200
	github.com/minio/minio/cmd/bucket-lifecycle.go:562 +0x45

goroutine 510 gp=0x393925c53860 m=nil [select, 255 minutes]:
runtime.gopark(0x393925cc9cd0?, 0x3?, 0x0?, 0x0?, 0x393925cc9912?)
	runtime/proc.go:462 +0xce fp=0x393925cc9510 sp=0x393925cc94f0 pc=0x48eaee
runtime.selectgo(0x393925cc9cd0, 0x393925cc990c, 0x0?, 0x0, 0x0?, 0x1)
	runtime/select.go:351 +0xaa5 fp=0x393925cc9640 sp=0x393925cc9510 pc=0x46a9a5
github.com/minio/minio/cmd.(*transitionState).worker(0x39391a71c380, {0x4bf6ec8, 0x39391b3b7a40})
	github.com/minio/minio/cmd/bucket-lifecycle.go:492 +0x112 fp=0x393925cc9fb8 sp=0x393925cc9640 pc=0x2719fd2
github.com/minio/minio/cmd.(*transitionState).updateWorkers.gowrap1()
	github.com/minio/minio/cmd/bucket-lifecycle.go:562 +0x1f fp=0x393925cc9fe0 sp=0x393925cc9fb8 pc=0x271ac9f
runtime.goexit({})
	runtime/asm_amd64.s:1771 +0x1 fp=0x393925cc9fe8 sp=0x393925cc9fe0 pc=0x4966c1
created by github.com/minio/minio/cmd.(*transitionState).updateWorkers in goroutine 200
	github.com/minio/minio/cmd/bucket-lifecycle.go:562 +0x45

goroutine 511 gp=0x393925c53a40 m=nil [select, 255 minutes]:
runtime.gopark(0x393925cddcd0?, 0x3?, 0x0?, 0x0?, 0x393925cdd912?)
	runtime/proc.go:462 +0xce fp=0x393925cdd510 sp=0x393925cdd4f0 pc=0x48eaee
runtime.selectgo(0x393925cddcd0, 0x393925cdd90c, 0x0?, 0x0, 0x0?, 0x1)
	runtime/select.go:351 +0xaa5 fp=0x393925cdd640 sp=0x393925cdd510 pc=0x46a9a5
github.com/minio/minio/cmd.(*transitionState).worker(0x39391a71c380, {0x4bf6ec8, 0x39391b3b7a40})
	github.com/minio/minio/cmd/bucket-lifecycle.go:492 +0x112 fp=0x393925cddfb8 sp=0x393925cdd640 pc=0x2719fd2
github.com/minio/minio/cmd.(*transitionState).updateWorkers.gowrap1()
	github.com/minio/minio/cmd/bucket-lifecycle.go:562 +0x1f fp=0x393925cddfe0 sp=0x393925cddfb8 pc=0x271ac9f
runtime.goexit({})
	runtime/asm_amd64.s:1771 +0x1 fp=0x393925cddfe8 sp=0x393925cddfe0 pc=0x4966c1
created by github.com/minio/minio/cmd.(*transitionState).updateWorkers in goroutine 200
	github.com/minio/minio/cmd/bucket-lifecycle.go:562 +0x45

goroutine 512 gp=0x393925c53c20 m=nil [select, 255 minutes]:
runtime.gopark(0x393925ccecd0?, 0x3?, 0x0?, 0x0?, 0x393925cce912?)
	runtime/proc.go:462 +0xce fp=0x393925cce510 sp=0x393925cce4f0 pc=0x48eaee
runtime.selectgo(0x393925ccecd0, 0x393925cce90c, 0x0?, 0x0, 0x0?, 0x1)
	runtime/select.go:351 +0xaa5 fp=0x393925cce640 sp=0x393925cce510 pc=0x46a9a5
github.com/minio/minio/cmd.(*transitionState).worker(0x39391a71c380, {0x4bf6ec8, 0x39391b3b7a40})
	github.com/minio/minio/cmd/bucket-lifecycle.go:492 +0x112 fp=0x393925ccefb8 sp=0x393925cce640 pc=0x2719fd2
github.com/minio/minio/cmd.(*transitionState).updateWorkers.gowrap1()
	github.com/minio/minio/cmd/bucket-lifecycle.go:562 +0x1f fp=0x393925ccefe0 sp=0x393925ccefb8 pc=0x271ac9f
runtime.goexit({})
	runtime/asm_amd64.s:1771 +0x1 fp=0x393925ccefe8 sp=0x393925ccefe0 pc=0x4966c1
created by github.com/minio/minio/cmd.(*transitionState).updateWorkers in goroutine 200
	github.com/minio/minio/cmd/bucket-lifecycle.go:562 +0x45

goroutine 513 gp=0x393925c56000 m=nil [select, 255 minutes]:
runtime.gopark(0x393925ccfcd0?, 0x3?, 0x0?, 0x0?, 0x393925ccf912?)
	runtime/proc.go:462 +0xce fp=0x393925ccf510 sp=0x393925ccf4f0 pc=0x48eaee
runtime.selectgo(0x393925ccfcd0, 0x393925ccf90c, 0x0?, 0x0, 0x0?, 0x1)
	runtime/select.go:351 +0xaa5 fp=0x393925ccf640 sp=0x393925ccf510 pc=0x46a9a5
github.com/minio/minio/cmd.(*transitionState).worker(0x39391a71c380, {0x4bf6ec8, 0x39391b3b7a40})
	github.com/minio/minio/cmd/bucket-lifecycle.go:492 +0x112 fp=0x393925ccffb8 sp=0x393925ccf640 pc=0x2719fd2
github.com/minio/minio/cmd.(*transitionState).updateWorkers.gowrap1()
	github.com/minio/minio/cmd/bucket-lifecycle.go:562 +0x1f fp=0x393925ccffe0 sp=0x393925ccffb8 pc=0x271ac9f
runtime.goexit({})
	runtime/asm_amd64.s:1771 +0x1 fp=0x393925ccffe8 sp=0x393925ccffe0 pc=0x4966c1
created by github.com/minio/minio/cmd.(*transitionState).updateWorkers in goroutine 200
	github.com/minio/minio/cmd/bucket-lifecycle.go:562 +0x45

goroutine 514 gp=0x393925c561e0 m=nil [select, 255 minutes]:
runtime.gopark(0x393925cd4cd0?, 0x3?, 0x0?, 0x0?, 0x393925cd4912?)
	runtime/proc.go:462 +0xce fp=0x393925cd4510 sp=0x393925cd44f0 pc=0x48eaee
runtime.selectgo(0x393925cd4cd0, 0x393925cd490c, 0x0?, 0x0, 0x0?, 0x1)
	runtime/select.go:351 +0xaa5 fp=0x393925cd4640 sp=0x393925cd4510 pc=0x46a9a5
github.com/minio/minio/cmd.(*transitionState).worker(0x39391a71c380, {0x4bf6ec8, 0x39391b3b7a40})
	github.com/minio/minio/cmd/bucket-lifecycle.go:492 +0x112 fp=0x393925cd4fb8 sp=0x393925cd4640 pc=0x2719fd2
github.com/minio/minio/cmd.(*transitionState).updateWorkers.gowrap1()
	github.com/minio/minio/cmd/bucket-lifecycle.go:562 +0x1f fp=0x393925cd4fe0 sp=0x393925cd4fb8 pc=0x271ac9f
runtime.goexit({})
	runtime/asm_amd64.s:1771 +0x1 fp=0x393925cd4fe8 sp=0x393925cd4fe0 pc=0x4966c1
created by github.com/minio/minio/cmd.(*transitionState).updateWorkers in goroutine 200
	github.com/minio/minio/cmd/bucket-lifecycle.go:562 +0x45

goroutine 515 gp=0x393925c563c0 m=nil [select, 255 minutes]:
runtime.gopark(0x393925cd9cd0?, 0x3?, 0x0?, 0x0?, 0x393925cd9912?)
	runtime/proc.go:462 +0xce fp=0x393925cd9510 sp=0x393925cd94f0 pc=0x48eaee
runtime.selectgo(0x393925cd9cd0, 0x393925cd990c, 0x0?, 0x0, 0x0?, 0x1)
	runtime/select.go:351 +0xaa5 fp=0x393925cd9640 sp=0x393925cd9510 pc=0x46a9a5
github.com/minio/minio/cmd.(*transitionState).worker(0x39391a71c380, {0x4bf6ec8, 0x39391b3b7a40})
	github.com/minio/minio/cmd/bucket-lifecycle.go:492 +0x112 fp=0x393925cd9fb8 sp=0x393925cd9640 pc=0x2719fd2
github.com/minio/minio/cmd.(*transitionState).updateWorkers.gowrap1()
	github.com/minio/minio/cmd/bucket-lifecycle.go:562 +0x1f fp=0x393925cd9fe0 sp=0x393925cd9fb8 pc=0x271ac9f
runtime.goexit({})
	runtime/asm_amd64.s:1771 +0x1 fp=0x393925cd9fe8 sp=0x393925cd9fe0 pc=0x4966c1
created by github.com/minio/minio/cmd.(*transitionState).updateWorkers in goroutine 200
	github.com/minio/minio/cmd/bucket-lifecycle.go:562 +0x45

goroutine 516 gp=0x393925c565a0 m=nil [select, 255 minutes]:
runtime.gopark(0x393925cd0cd0?, 0x3?, 0x0?, 0x0?, 0x393925cd0912?)
	runtime/proc.go:462 +0xce fp=0x393925cd0510 sp=0x393925cd04f0 pc=0x48eaee
runtime.selectgo(0x393925cd0cd0, 0x393925cd090c, 0x0?, 0x0, 0x0?, 0x1)
	runtime/select.go:351 +0xaa5 fp=0x393925cd0640 sp=0x393925cd0510 pc=0x46a9a5
github.com/minio/minio/cmd.(*transitionState).worker(0x39391a71c380, {0x4bf6ec8, 0x39391b3b7a40})
	github.com/minio/minio/cmd/bucket-lifecycle.go:492 +0x112 fp=0x393925cd0fb8 sp=0x393925cd0640 pc=0x2719fd2
github.com/minio/minio/cmd.(*transitionState).updateWorkers.gowrap1()
	github.com/minio/minio/cmd/bucket-lifecycle.go:562 +0x1f fp=0x393925cd0fe0 sp=0x393925cd0fb8 pc=0x271ac9f
runtime.goexit({})
	runtime/asm_amd64.s:1771 +0x1 fp=0x393925cd0fe8 sp=0x393925cd0fe0 pc=0x4966c1
created by github.com/minio/minio/cmd.(*transitionState).updateWorkers in goroutine 200
	github.com/minio/minio/cmd/bucket-lifecycle.go:562 +0x45

goroutine 517 gp=0x393925c56780 m=nil [select, 255 minutes]:
runtime.gopark(0x393925cdacd0?, 0x3?, 0x0?, 0x0?, 0x393925cda912?)
	runtime/proc.go:462 +0xce fp=0x393925cda510 sp=0x393925cda4f0 pc=0x48eaee
runtime.selectgo(0x393925cdacd0, 0x393925cda90c, 0x0?, 0x0, 0x0?, 0x1)
	runtime/select.go:351 +0xaa5 fp=0x393925cda640 sp=0x393925cda510 pc=0x46a9a5
github.com/minio/minio/cmd.(*transitionState).worker(0x39391a71c380, {0x4bf6ec8, 0x39391b3b7a40})
	github.com/minio/minio/cmd/bucket-lifecycle.go:492 +0x112 fp=0x393925cdafb8 sp=0x393925cda640 pc=0x2719fd2
github.com/minio/minio/cmd.(*transitionState).updateWorkers.gowrap1()
	github.com/minio/minio/cmd/bucket-lifecycle.go:562 +0x1f fp=0x393925cdafe0 sp=0x393925cdafb8 pc=0x271ac9f
runtime.goexit({})
	runtime/asm_amd64.s:1771 +0x1 fp=0x393925cdafe8 sp=0x393925cdafe0 pc=0x4966c1
created by github.com/minio/minio/cmd.(*transitionState).updateWorkers in goroutine 200
	github.com/minio/minio/cmd/bucket-lifecycle.go:562 +0x45

goroutine 518 gp=0x393925c56960 m=nil [select, 255 minutes]:
runtime.gopark(0x393925cdbcd0?, 0x3?, 0x0?, 0x0?, 0x393925cdb912?)
	runtime/proc.go:462 +0xce fp=0x393925cdb510 sp=0x393925cdb4f0 pc=0x48eaee
runtime.selectgo(0x393925cdbcd0, 0x393925cdb90c, 0x0?, 0x0, 0x0?, 0x1)
	runtime/select.go:351 +0xaa5 fp=0x393925cdb640 sp=0x393925cdb510 pc=0x46a9a5
github.com/minio/minio/cmd.(*transitionState).worker(0x39391a71c380, {0x4bf6ec8, 0x39391b3b7a40})
	github.com/minio/minio/cmd/bucket-lifecycle.go:492 +0x112 fp=0x393925cdbfb8 sp=0x393925cdb640 pc=0x2719fd2
github.com/minio/minio/cmd.(*transitionState).updateWorkers.gowrap1()
	github.com/minio/minio/cmd/bucket-lifecycle.go:562 +0x1f fp=0x393925cdbfe0 sp=0x393925cdbfb8 pc=0x271ac9f
runtime.goexit({})
	runtime/asm_amd64.s:1771 +0x1 fp=0x393925cdbfe8 sp=0x393925cdbfe0 pc=0x4966c1
created by github.com/minio/minio/cmd.(*transitionState).updateWorkers in goroutine 200
	github.com/minio/minio/cmd/bucket-lifecycle.go:562 +0x45

goroutine 519 gp=0x393925c56b40 m=nil [select, 255 minutes]:
runtime.gopark(0x393925ce5cd0?, 0x3?, 0x0?, 0x0?, 0x393925ce5912?)
	runtime/proc.go:462 +0xce fp=0x393925ce5510 sp=0x393925ce54f0 pc=0x48eaee
runtime.selectgo(0x393925ce5cd0, 0x393925ce590c, 0x0?, 0x0, 0x0?, 0x1)
	runtime/select.go:351 +0xaa5 fp=0x393925ce5640 sp=0x393925ce5510 pc=0x46a9a5
github.com/minio/minio/cmd.(*transitionState).worker(0x39391a71c380, {0x4bf6ec8, 0x39391b3b7a40})
	github.com/minio/minio/cmd/bucket-lifecycle.go:492 +0x112 fp=0x393925ce5fb8 sp=0x393925ce5640 pc=0x2719fd2
github.com/minio/minio/cmd.(*transitionState).updateWorkers.gowrap1()
	github.com/minio/minio/cmd/bucket-lifecycle.go:562 +0x1f fp=0x393925ce5fe0 sp=0x393925ce5fb8 pc=0x271ac9f
runtime.goexit({})
	runtime/asm_amd64.s:1771 +0x1 fp=0x393925ce5fe8 sp=0x393925ce5fe0 pc=0x4966c1
created by github.com/minio/minio/cmd.(*transitionState).updateWorkers in goroutine 200
	github.com/minio/minio/cmd/bucket-lifecycle.go:562 +0x45

goroutine 520 gp=0x393925c56d20 m=nil [select, 255 minutes]:
runtime.gopark(0x393925cd6cd0?, 0x3?, 0x0?, 0x0?, 0x393925cd6912?)
	runtime/proc.go:462 +0xce fp=0x393925cd6510 sp=0x393925cd64f0 pc=0x48eaee
runtime.selectgo(0x393925cd6cd0, 0x393925cd690c, 0x0?, 0x0, 0x0?, 0x1)
	runtime/select.go:351 +0xaa5 fp=0x393925cd6640 sp=0x393925cd6510 pc=0x46a9a5
github.com/minio/minio/cmd.(*transitionState).worker(0x39391a71c380, {0x4bf6ec8, 0x39391b3b7a40})
	github.com/minio/minio/cmd/bucket-lifecycle.go:492 +0x112 fp=0x393925cd6fb8 sp=0x393925cd6640 pc=0x2719fd2
github.com/minio/minio/cmd.(*transitionState).updateWorkers.gowrap1()
	github.com/minio/minio/cmd/bucket-lifecycle.go:562 +0x1f fp=0x393925cd6fe0 sp=0x393925cd6fb8 pc=0x271ac9f
runtime.goexit({})
	runtime/asm_amd64.s:1771 +0x1 fp=0x393925cd6fe8 sp=0x393925cd6fe0 pc=0x4966c1
created by github.com/minio/minio/cmd.(*transitionState).updateWorkers in goroutine 200
	github.com/minio/minio/cmd/bucket-lifecycle.go:562 +0x45

goroutine 521 gp=0x393925c56f00 m=nil [select, 255 minutes]:
runtime.gopark(0x393925cdccd0?, 0x3?, 0x0?, 0x0?, 0x393925cdc912?)
	runtime/proc.go:462 +0xce fp=0x393925cdc510 sp=0x393925cdc4f0 pc=0x48eaee
runtime.selectgo(0x393925cdccd0, 0x393925cdc90c, 0x0?, 0x0, 0x0?, 0x1)
	runtime/select.go:351 +0xaa5 fp=0x393925cdc640 sp=0x393925cdc510 pc=0x46a9a5
github.com/minio/minio/cmd.(*transitionState).worker(0x39391a71c380, {0x4bf6ec8, 0x39391b3b7a40})
	github.com/minio/minio/cmd/bucket-lifecycle.go:492 +0x112 fp=0x393925cdcfb8 sp=0x393925cdc640 pc=0x2719fd2
github.com/minio/minio/cmd.(*transitionState).updateWorkers.gowrap1()
	github.com/minio/minio/cmd/bucket-lifecycle.go:562 +0x1f fp=0x393925cdcfe0 sp=0x393925cdcfb8 pc=0x271ac9f
runtime.goexit({})
	runtime/asm_amd64.s:1771 +0x1 fp=0x393925cdcfe8 sp=0x393925cdcfe0 pc=0x4966c1
created by github.com/minio/minio/cmd.(*transitionState).updateWorkers in goroutine 200
	github.com/minio/minio/cmd/bucket-lifecycle.go:562 +0x45

goroutine 522 gp=0x393925c570e0 m=nil [select, 255 minutes]:
runtime.gopark(0x393925cd8cd0?, 0x3?, 0x0?, 0x0?, 0x393925cd8912?)
	runtime/proc.go:462 +0xce fp=0x393925cad510 sp=0x393925cad4f0 pc=0x48eaee
runtime.selectgo(0x393925cadcd0, 0x393925cd890c, 0x0?, 0x0, 0x0?, 0x1)
	runtime/select.go:351 +0xaa5 fp=0x393925cad640 sp=0x393925cad510 pc=0x46a9a5
github.com/minio/minio/cmd.(*transitionState).worker(0x39391a71c380, {0x4bf6ec8, 0x39391b3b7a40})
	github.com/minio/minio/cmd/bucket-lifecycle.go:492 +0x112 fp=0x393925cadfb8 sp=0x393925cad640 pc=0x2719fd2
github.com/minio/minio/cmd.(*transitionState).updateWorkers.gowrap1()
	github.com/minio/minio/cmd/bucket-lifecycle.go:562 +0x1f fp=0x393925cadfe0 sp=0x393925cadfb8 pc=0x271ac9f
runtime.goexit({})
	runtime/asm_amd64.s:1771 +0x1 fp=0x393925cadfe8 sp=0x393925cadfe0 pc=0x4966c1
created by github.com/minio/minio/cmd.(*transitionState).updateWorkers in goroutine 200
	github.com/minio/minio/cmd/bucket-lifecycle.go:562 +0x45

goroutine 523 gp=0x393925c572c0 m=nil [select, 255 minutes]:
runtime.gopark(0x393925cd7cd0?, 0x3?, 0x0?, 0x0?, 0x393925cd7912?)
	runtime/proc.go:462 +0xce fp=0x393925cd7510 sp=0x393925cd74f0 pc=0x48eaee
runtime.selectgo(0x393925cd7cd0, 0x393925cd790c, 0x0?, 0x0, 0x0?, 0x1)
	runtime/select.go:351 +0xaa5 fp=0x393925cd7640 sp=0x393925cd7510 pc=0x46a9a5
github.com/minio/minio/cmd.(*transitionState).worker(0x39391a71c380, {0x4bf6ec8, 0x39391b3b7a40})
	github.com/minio/minio/cmd/bucket-lifecycle.go:492 +0x112 fp=0x393925cd7fb8 sp=0x393925cd7640 pc=0x2719fd2
github.com/minio/minio/cmd.(*transitionState).updateWorkers.gowrap1()
	github.com/minio/minio/cmd/bucket-lifecycle.go:562 +0x1f fp=0x393925cd7fe0 sp=0x393925cd7fb8 pc=0x271ac9f
runtime.goexit({})
	runtime/asm_amd64.s:1771 +0x1 fp=0x393925cd7fe8 sp=0x393925cd7fe0 pc=0x4966c1
created by github.com/minio/minio/cmd.(*transitionState).updateWorkers in goroutine 200
	github.com/minio/minio/cmd/bucket-lifecycle.go:562 +0x45

goroutine 524 gp=0x393925c574a0 m=nil [select, 255 minutes]:
runtime.gopark(0x393925cd8cd0?, 0x3?, 0x0?, 0x0?, 0x393925cd8912?)
	runtime/proc.go:462 +0xce fp=0x393925cd8510 sp=0x393925cd84f0 pc=0x48eaee
runtime.selectgo(0x393925cd8cd0, 0x393925cd890c, 0x0?, 0x0, 0x0?, 0x1)
	runtime/select.go:351 +0xaa5 fp=0x393925cd8640 sp=0x393925cd8510 pc=0x46a9a5
github.com/minio/minio/cmd.(*transitionState).worker(0x39391a71c380, {0x4bf6ec8, 0x39391b3b7a40})
	github.com/minio/minio/cmd/bucket-lifecycle.go:492 +0x112 fp=0x393925cd8fb8 sp=0x393925cd8640 pc=0x2719fd2
github.com/minio/minio/cmd.(*transitionState).updateWorkers.gowrap1()
	github.com/minio/minio/cmd/bucket-lifecycle.go:562 +0x1f fp=0x393925cd8fe0 sp=0x393925cd8fb8 pc=0x271ac9f
runtime.goexit({})
	runtime/asm_amd64.s:1771 +0x1 fp=0x393925cd8fe8 sp=0x393925cd8fe0 pc=0x4966c1
created by github.com/minio/minio/cmd.(*transitionState).updateWorkers in goroutine 200
	github.com/minio/minio/cmd/bucket-lifecycle.go:562 +0x45

goroutine 525 gp=0x393925c57680 m=nil [select, 255 minutes]:
runtime.gopark(0x393925ce1cd0?, 0x3?, 0x0?, 0x0?, 0x393925ce1912?)
	runtime/proc.go:462 +0xce fp=0x393925ce1510 sp=0x393925ce14f0 pc=0x48eaee
runtime.selectgo(0x393925ce1cd0, 0x393925ce190c, 0x0?, 0x0, 0x0?, 0x1)
	runtime/select.go:351 +0xaa5 fp=0x393925ce1640 sp=0x393925ce1510 pc=0x46a9a5
github.com/minio/minio/cmd.(*transitionState).worker(0x39391a71c380, {0x4bf6ec8, 0x39391b3b7a40})
	github.com/minio/minio/cmd/bucket-lifecycle.go:492 +0x112 fp=0x393925ce1fb8 sp=0x393925ce1640 pc=0x2719fd2
github.com/minio/minio/cmd.(*transitionState).updateWorkers.gowrap1()
	github.com/minio/minio/cmd/bucket-lifecycle.go:562 +0x1f fp=0x393925ce1fe0 sp=0x393925ce1fb8 pc=0x271ac9f
runtime.goexit({})
	runtime/asm_amd64.s:1771 +0x1 fp=0x393925ce1fe8 sp=0x393925ce1fe0 pc=0x4966c1
created by github.com/minio/minio/cmd.(*transitionState).updateWorkers in goroutine 200
	github.com/minio/minio/cmd/bucket-lifecycle.go:562 +0x45

goroutine 175 gp=0x39391a264780 m=nil [select, 255 minutes]:
runtime.gopark(0x39391b73de38?, 0x2?, 0x1?, 0x2?, 0x39391b73dcd4?)
	runtime/proc.go:462 +0xce fp=0x39391b73da38 sp=0x39391b73da18 pc=0x48eaee
runtime.selectgo(0x39391b73de38, 0x39391b73dcd0, 0x0?, 0x0, 0x0?, 0x1)
	runtime/select.go:351 +0xaa5 fp=0x39391b73db68 sp=0x39391b73da38 pc=0x46a9a5
github.com/minio/minio/internal/event.(*TargetList).startSendWorkers.func1()
	github.com/minio/minio/internal/event/targetlist.go:365 +0x1db fp=0x39391b73dfe0 sp=0x39391b73db68 pc=0xfa9cdb
runtime.goexit({})
	runtime/asm_amd64.s:1771 +0x1 fp=0x39391b73dfe8 sp=0x39391b73dfe0 pc=0x4966c1
created by github.com/minio/minio/internal/event.(*TargetList).startSendWorkers in goroutine 527
	github.com/minio/minio/internal/event/targetlist.go:361 +0x105

goroutine 173 gp=0x393925c57860 m=nil [select, 255 minutes]:
runtime.gopark(0x39391a175e38?, 0x2?, 0xf0?, 0x8f?, 0x39391a175cd4?)
	runtime/proc.go:462 +0xce fp=0x39391a175a38 sp=0x39391a175a18 pc=0x48eaee
runtime.selectgo(0x39391a175e38, 0x39391a175cd0, 0x39391a6d33d8?, 0x0, 0x48c105?, 0x1)
	runtime/select.go:351 +0xaa5 fp=0x39391a175b68 sp=0x39391a175a38 pc=0x46a9a5
github.com/minio/minio/internal/event.(*TargetList).startSendWorkers.func1()
	github.com/minio/minio/internal/event/targetlist.go:365 +0x1db fp=0x39391a175fe0 sp=0x39391a175b68 pc=0xfa9cdb
runtime.goexit({})
	runtime/asm_amd64.s:1771 +0x1 fp=0x39391a175fe8 sp=0x39391a175fe0 pc=0x4966c1
created by github.com/minio/minio/internal/event.(*TargetList).startSendWorkers in goroutine 527
	github.com/minio/minio/internal/event/targetlist.go:361 +0x105

goroutine 527 gp=0x393925c57a40 m=nil [sync.WaitGroup.Wait, 255 minutes]:
runtime.gopark(0x39391b456710?, 0x425654?, 0x0?, 0x80?, 0x39391b456740?)
	runtime/proc.go:462 +0xce fp=0x39391b4566b0 sp=0x39391b456690 pc=0x48eaee
runtime.goparkunlock(...)
	runtime/proc.go:468
runtime.semacquire1(0x39391a112338, 0x0, 0x1, 0x0, 0x19)
	runtime/sema.go:192 +0x232 fp=0x39391b456718 sp=0x39391b4566b0 pc=0x46b832
sync.runtime_SemacquireWaitGroup(0x39391a1123a8?, 0x40?)
	runtime/sema.go:114 +0x2e fp=0x39391b456750 sp=0x39391b456718 pc=0x49054e
sync.(*WaitGroup).Wait(0x39391a112330)
	sync/waitgroup.go:206 +0x85 fp=0x39391b456778 sp=0x39391b456750 pc=0x4a1ca5
github.com/minio/pkg/v3/workers.(*Workers).Wait(...)
	github.com/minio/pkg/v3@v3.1.3/workers/workers.go:62
github.com/minio/minio/internal/event.(*TargetList).startSendWorkers(0x39391a0c6000, 0x39391b3b7a40?)
	github.com/minio/minio/internal/event/targetlist.go:374 +0x187 fp=0x39391b4567c0 sp=0x39391b456778 pc=0xfa9ac7
github.com/minio/minio/internal/event.(*TargetList).Init.func1.gowrap1()
	github.com/minio/minio/internal/event/targetlist.go:382 +0x1b fp=0x39391b4567e0 sp=0x39391b4567c0 pc=0xfa9e9b
runtime.goexit({})
	runtime/asm_amd64.s:1771 +0x1 fp=0x39391b4567e8 sp=0x39391b4567e0 pc=0x4966c1
created by github.com/minio/minio/internal/event.(*TargetList).Init.func1 in goroutine 200
	github.com/minio/minio/internal/event/targetlist.go:382 +0x65

goroutine 530 gp=0x393925c57c20 m=nil [select]:
runtime.gopark(0x39391b453f90?, 0x2?, 0x0?, 0x0?, 0x39391b453f74?)
	runtime/proc.go:462 +0xce fp=0x39391b453e08 sp=0x39391b453de8 pc=0x48eaee
runtime.selectgo(0x39391b453f90, 0x39391b453f70, 0x203020302020200?, 0x0, 0x101020201020101?, 0x1)
	runtime/select.go:351 +0xaa5 fp=0x39391b453f38 sp=0x39391b453e08 pc=0x46a9a5
github.com/minio/minio/cmd.startSTSLimiterCleanup.func1()
	github.com/minio/minio/cmd/sts-ratelimit.go:91 +0xda fp=0x39391b453fe0 sp=0x39391b453f38 pc=0x2b11eda
runtime.goexit({})
	runtime/asm_amd64.s:1771 +0x1 fp=0x39391b453fe8 sp=0x39391b453fe0 pc=0x4966c1
created by github.com/minio/minio/cmd.startSTSLimiterCleanup in goroutine 200
	github.com/minio/minio/cmd/sts-ratelimit.go:87 +0x5f

goroutine 176 gp=0x39391a264960 m=nil [select, 255 minutes]:
runtime.gopark(0x39391a72ee38?, 0x2?, 0x0?, 0x0?, 0x39391a72ecd4?)
	runtime/proc.go:462 +0xce fp=0x39391a72ea38 sp=0x39391a72ea18 pc=0x48eaee
runtime.selectgo(0x39391a72ee38, 0x39391a72ecd0, 0x0?, 0x0, 0x0?, 0x1)
	runtime/select.go:351 +0xaa5 fp=0x39391a72eb68 sp=0x39391a72ea38 pc=0x46a9a5
github.com/minio/minio/internal/event.(*TargetList).startSendWorkers.func1()
	github.com/minio/minio/internal/event/targetlist.go:365 +0x1db fp=0x39391a72efe0 sp=0x39391a72eb68 pc=0xfa9cdb
runtime.goexit({})
	runtime/asm_amd64.s:1771 +0x1 fp=0x39391a72efe8 sp=0x39391a72efe0 pc=0x4966c1
created by github.com/minio/minio/internal/event.(*TargetList).startSendWorkers in goroutine 527
	github.com/minio/minio/internal/event/targetlist.go:361 +0x105

goroutine 674 gp=0x39391b608b40 m=nil [sync.WaitGroup.Wait, 255 minutes]:
runtime.gopark(0x39391b613c60?, 0x425654?, 0x50?, 0xc1?, 0x39391b613c08?)
	runtime/proc.go:462 +0xce fp=0x39391b613c00 sp=0x39391b613be0 pc=0x48eaee
runtime.goparkunlock(...)
	runtime/proc.go:468
runtime.semacquire1(0x39391a22e058, 0x0, 0x1, 0x0, 0x19)
	runtime/sema.go:192 +0x232 fp=0x39391b613c68 sp=0x39391b613c00 pc=0x46b832
sync.runtime_SemacquireWaitGroup(0x39391a6b2160?, 0x40?)
	runtime/sema.go:114 +0x2e fp=0x39391b613ca0 sp=0x39391b613c68 pc=0x49054e
sync.(*WaitGroup).Wait(0x39391a22e050)
	sync/waitgroup.go:206 +0x85 fp=0x39391b613cc8 sp=0x39391b613ca0 pc=0x4a1ca5
github.com/minio/console/api.(*Server).Serve(0x39391950ac60)
	github.com/minio/console@v1.7.7-0.20250905210349-2017f33b26e1/api/custom-server.go:346 +0xa98 fp=0x39391b613f98 sp=0x39391b613cc8 pc=0x182bc38
github.com/minio/minio/cmd.serverMain.func15.2.1()
	github.com/minio/minio/cmd/server-main.go:1023 +0x18 fp=0x39391b613fe0 sp=0x39391b613f98 pc=0x2b7fdb8
runtime.goexit({})
	runtime/asm_amd64.s:1771 +0x1 fp=0x39391b613fe8 sp=0x39391b613fe0 pc=0x4966c1
created by github.com/minio/minio/cmd.serverMain.func15.2 in goroutine 199
	github.com/minio/minio/cmd/server-main.go:1022 +0x53

goroutine 531 gp=0x393925c62000 m=nil [chan receive, 255 minutes]:
runtime.gopark(0x200030003020302?, 0x101010302020100?, 0xba?, 0xb7?, 0x40008054e8?)
	runtime/proc.go:462 +0xce fp=0x393925ce2e60 sp=0x393925ce2e40 pc=0x48eaee
runtime.chanrecv(0x393919504150, 0x0, 0x1)
	runtime/chan.go:667 +0x4ae fp=0x393925ce2ed8 sp=0x393925ce2e60 pc=0x41ca2e
runtime.chanrecv1(0x39391b44c000?, 0x4baa390?)
	runtime/chan.go:509 +0x12 fp=0x393925ce2f00 sp=0x393925ce2ed8 pc=0x41c552
github.com/minio/minio/cmd.(*ReplicationPool).startResyncRoutine(0x39391b44c000, {0x4baa390, 0x39391a6f8c80}, {0x6f2d8a0, 0x0, 0x0}, {0x4bf6ec8, 0x39391b3b7a40})
	github.com/minio/minio/cmd/bucket-replication.go:3188 +0x20c fp=0x393925ce2f90 sp=0x393925ce2f00 pc=0x278126c
github.com/minio/minio/cmd.(*ReplicationPool).initResync.gowrap1()
	github.com/minio/minio/cmd/bucket-replication.go:3179 +0x33 fp=0x393925ce2fe0 sp=0x393925ce2f90 pc=0x2781033
runtime.goexit({})
	runtime/asm_amd64.s:1771 +0x1 fp=0x393925ce2fe8 sp=0x393925ce2fe0 pc=0x4966c1
created by github.com/minio/minio/cmd.(*ReplicationPool).initResync in goroutine 200
	github.com/minio/minio/cmd/bucket-replication.go:3179 +0xf2

goroutine 532 gp=0x393925c621e0 m=nil [select]:
runtime.gopark(0x39391b458f58?, 0x2?, 0x2?, 0x0?, 0x39391b458f0c?)
	runtime/proc.go:462 +0xce fp=0x39391b458d98 sp=0x39391b458d78 pc=0x48eaee
runtime.selectgo(0x39391b458f58, 0x39391b458f08, 0x0?, 0x0, 0x2?, 0x1)
	runtime/select.go:351 +0xaa5 fp=0x39391b458ec8 sp=0x39391b458d98 pc=0x46a9a5
github.com/minio/minio/cmd.(*SiteReplicationSys).startHealRoutine(0x6edea20, {0x4baa390?, 0x39391a6f8c80?}, {0x4bf6ec8, 0x39391b3b7a40})
	github.com/minio/minio/cmd/site-replication.go:4267 +0x13c fp=0x39391b458fa8 sp=0x39391b458ec8 pc=0x2aab41c
github.com/minio/minio/cmd.(*SiteReplicationSys).Init.gowrap1()
	github.com/minio/minio/cmd/site-replication.go:233 +0x27 fp=0x39391b458fe0 sp=0x39391b458fa8 pc=0x2a80c07
runtime.goexit({})
	runtime/asm_amd64.s:1771 +0x1 fp=0x39391b458fe8 sp=0x39391b458fe0 pc=0x4966c1
created by github.com/minio/minio/cmd.(*SiteReplicationSys).Init in goroutine 200
	github.com/minio/minio/cmd/site-replication.go:233 +0xe5

goroutine 546 gp=0x39391a264d20 m=nil [select, 255 minutes]:
runtime.gopark(0x39391b456f90?, 0x3?, 0x1?, 0x0?, 0x39391b456f62?)
	runtime/proc.go:462 +0xce fp=0x39391b456df8 sp=0x39391b456dd8 pc=0x48eaee
runtime.selectgo(0x39391b456f90, 0x39391b456f5c, 0x200030002000102?, 0x0, 0x10201010303?, 0x1)
	runtime/select.go:351 +0xaa5 fp=0x39391b456f28 sp=0x39391b456df8 pc=0x46a9a5
github.com/minio/minio/cmd.mergeContext.func1()
	github.com/minio/minio/cmd/shared-lock.go:63 +0xd8 fp=0x39391b456fe0 sp=0x39391b456f28 pc=0x2a673f8
runtime.goexit({})
	runtime/asm_amd64.s:1771 +0x1 fp=0x39391b456fe8 sp=0x39391b456fe0 pc=0x4966c1
created by github.com/minio/minio/cmd.mergeContext in goroutine 532
	github.com/minio/minio/cmd/shared-lock.go:62 +0xd5

goroutine 536 gp=0x393925c625a0 m=nil [select, 255 minutes]:
runtime.gopark(0x39391a5a8f80?, 0x3?, 0x0?, 0x0?, 0x39391a5a8ce2?)
	runtime/proc.go:462 +0xce fp=0x39391a5a8b20 sp=0x39391a5a8b00 pc=0x48eaee
runtime.selectgo(0x39391a5a8f80, 0x39391a5a8cdc, 0x0?, 0x0, 0x3?, 0x1)
	runtime/select.go:351 +0xaa5 fp=0x39391a5a8c50 sp=0x39391a5a8b20 pc=0x46a9a5
github.com/minio/minio/cmd.(*BatchJobPool).AddWorker(0x39391bf78480)
	github.com/minio/minio/cmd/batch-handlers.go:1983 +0xce fp=0x39391a5a8fc8 sp=0x39391a5a8c50 pc=0x26d446e
github.com/minio/minio/cmd.(*BatchJobPool).ResizeWorkers.gowrap2()
	github.com/minio/minio/cmd/batch-handlers.go:2044 +0x17 fp=0x39391a5a8fe0 sp=0x39391a5a8fc8 pc=0x26d4bf7
runtime.goexit({})
	runtime/asm_amd64.s:1771 +0x1 fp=0x39391a5a8fe8 sp=0x39391a5a8fe0 pc=0x4966c1
created by github.com/minio/minio/cmd.(*BatchJobPool).ResizeWorkers in goroutine 200
	github.com/minio/minio/cmd/batch-handlers.go:2044 +0x91

goroutine 537 gp=0x393925c62780 m=nil [select, 255 minutes]:
runtime.gopark(0x393925ea1f80?, 0x3?, 0x0?, 0x0?, 0x393925ea1ce2?)
	runtime/proc.go:462 +0xce fp=0x393925ea1b20 sp=0x393925ea1b00 pc=0x48eaee
runtime.selectgo(0x393925ea1f80, 0x393925ea1cdc, 0x0?, 0x0, 0x3?, 0x1)
	runtime/select.go:351 +0xaa5 fp=0x393925ea1c50 sp=0x393925ea1b20 pc=0x46a9a5
github.com/minio/minio/cmd.(*BatchJobPool).AddWorker(0x39391bf78480)
	github.com/minio/minio/cmd/batch-handlers.go:1983 +0xce fp=0x393925ea1fc8 sp=0x393925ea1c50 pc=0x26d446e
github.com/minio/minio/cmd.(*BatchJobPool).ResizeWorkers.gowrap2()
	github.com/minio/minio/cmd/batch-handlers.go:2044 +0x17 fp=0x393925ea1fe0 sp=0x393925ea1fc8 pc=0x26d4bf7
runtime.goexit({})
	runtime/asm_amd64.s:1771 +0x1 fp=0x393925ea1fe8 sp=0x393925ea1fe0 pc=0x4966c1
created by github.com/minio/minio/cmd.(*BatchJobPool).ResizeWorkers in goroutine 200
	github.com/minio/minio/cmd/batch-handlers.go:2044 +0x91

goroutine 538 gp=0x393925c62960 m=nil [select, 255 minutes]:
runtime.gopark(0x39391b614f80?, 0x3?, 0x60?, 0x83?, 0x39391b614ce2?)
	runtime/proc.go:462 +0xce fp=0x39391b614b20 sp=0x39391b614b00 pc=0x48eaee
runtime.selectgo(0x39391b614f80, 0x39391b614cdc, 0x0?, 0x0, 0x3?, 0x1)
	runtime/select.go:351 +0xaa5 fp=0x39391b614c50 sp=0x39391b614b20 pc=0x46a9a5
github.com/minio/minio/cmd.(*BatchJobPool).AddWorker(0x39391bf78480)
	github.com/minio/minio/cmd/batch-handlers.go:1983 +0xce fp=0x39391b614fc8 sp=0x39391b614c50 pc=0x26d446e
github.com/minio/minio/cmd.(*BatchJobPool).ResizeWorkers.gowrap2()
	github.com/minio/minio/cmd/batch-handlers.go:2044 +0x17 fp=0x39391b614fe0 sp=0x39391b614fc8 pc=0x26d4bf7
runtime.goexit({})
	runtime/asm_amd64.s:1771 +0x1 fp=0x39391b614fe8 sp=0x39391b614fe0 pc=0x4966c1
created by github.com/minio/minio/cmd.(*BatchJobPool).ResizeWorkers in goroutine 200
	github.com/minio/minio/cmd/batch-handlers.go:2044 +0x91

goroutine 539 gp=0x393925c62b40 m=nil [select, 255 minutes]:
runtime.gopark(0x393925ce4f80?, 0x3?, 0x48?, 0x4b?, 0x393925ce4ce2?)
	runtime/proc.go:462 +0xce fp=0x393925ce4b20 sp=0x393925ce4b00 pc=0x48eaee
runtime.selectgo(0x393925ce4f80, 0x393925ce4cdc, 0x0?, 0x0, 0x3?, 0x1)
	runtime/select.go:351 +0xaa5 fp=0x393925ce4c50 sp=0x393925ce4b20 pc=0x46a9a5
github.com/minio/minio/cmd.(*BatchJobPool).AddWorker(0x39391bf78480)
	github.com/minio/minio/cmd/batch-handlers.go:1983 +0xce fp=0x393925ce4fc8 sp=0x393925ce4c50 pc=0x26d446e
github.com/minio/minio/cmd.(*BatchJobPool).ResizeWorkers.gowrap2()
	github.com/minio/minio/cmd/batch-handlers.go:2044 +0x17 fp=0x393925ce4fe0 sp=0x393925ce4fc8 pc=0x26d4bf7
runtime.goexit({})
	runtime/asm_amd64.s:1771 +0x1 fp=0x393925ce4fe8 sp=0x393925ce4fe0 pc=0x4966c1
created by github.com/minio/minio/cmd.(*BatchJobPool).ResizeWorkers in goroutine 200
	github.com/minio/minio/cmd/batch-handlers.go:2044 +0x91

goroutine 540 gp=0x393925c62d20 m=nil [select, 255 minutes]:
runtime.gopark(0x39391b739f80?, 0x3?, 0x0?, 0x3?, 0x39391b739ce2?)
	runtime/proc.go:462 +0xce fp=0x39391b739b20 sp=0x39391b739b00 pc=0x48eaee
runtime.selectgo(0x39391b739f80, 0x39391b739cdc, 0x0?, 0x0, 0x3?, 0x1)
	runtime/select.go:351 +0xaa5 fp=0x39391b739c50 sp=0x39391b739b20 pc=0x46a9a5
github.com/minio/minio/cmd.(*BatchJobPool).AddWorker(0x39391bf78480)
	github.com/minio/minio/cmd/batch-handlers.go:1983 +0xce fp=0x39391b739fc8 sp=0x39391b739c50 pc=0x26d446e
github.com/minio/minio/cmd.(*BatchJobPool).ResizeWorkers.gowrap2()
	github.com/minio/minio/cmd/batch-handlers.go:2044 +0x17 fp=0x39391b739fe0 sp=0x39391b739fc8 pc=0x26d4bf7
runtime.goexit({})
	runtime/asm_amd64.s:1771 +0x1 fp=0x39391b739fe8 sp=0x39391b739fe0 pc=0x4966c1
created by github.com/minio/minio/cmd.(*BatchJobPool).ResizeWorkers in goroutine 200
	github.com/minio/minio/cmd/batch-handlers.go:2044 +0x91

goroutine 541 gp=0x393925c62f00 m=nil [select, 255 minutes]:
runtime.gopark(0x39391b73af80?, 0x3?, 0x0?, 0x1?, 0x39391b73ace2?)
	runtime/proc.go:462 +0xce fp=0x39391b73ab20 sp=0x39391b73ab00 pc=0x48eaee
runtime.selectgo(0x39391b73af80, 0x39391b73acdc, 0x0?, 0x0, 0x3?, 0x1)
	runtime/select.go:351 +0xaa5 fp=0x39391b73ac50 sp=0x39391b73ab20 pc=0x46a9a5
github.com/minio/minio/cmd.(*BatchJobPool).AddWorker(0x39391bf78480)
	github.com/minio/minio/cmd/batch-handlers.go:1983 +0xce fp=0x39391b73afc8 sp=0x39391b73ac50 pc=0x26d446e
github.com/minio/minio/cmd.(*BatchJobPool).ResizeWorkers.gowrap2()
	github.com/minio/minio/cmd/batch-handlers.go:2044 +0x17 fp=0x39391b73afe0 sp=0x39391b73afc8 pc=0x26d4bf7
runtime.goexit({})
	runtime/asm_amd64.s:1771 +0x1 fp=0x39391b73afe8 sp=0x39391b73afe0 pc=0x4966c1
created by github.com/minio/minio/cmd.(*BatchJobPool).ResizeWorkers in goroutine 200
	github.com/minio/minio/cmd/batch-handlers.go:2044 +0x91

goroutine 542 gp=0x393925c630e0 m=nil [select, 255 minutes]:
runtime.gopark(0x39391b73bf80?, 0x3?, 0x2?, 0x3?, 0x39391b73bce2?)
	runtime/proc.go:462 +0xce fp=0x39391b73bb20 sp=0x39391b73bb00 pc=0x48eaee
runtime.selectgo(0x39391b73bf80, 0x39391b73bcdc, 0x0?, 0x0, 0x3?, 0x1)
	runtime/select.go:351 +0xaa5 fp=0x39391b73bc50 sp=0x39391b73bb20 pc=0x46a9a5
github.com/minio/minio/cmd.(*BatchJobPool).AddWorker(0x39391bf78480)
	github.com/minio/minio/cmd/batch-handlers.go:1983 +0xce fp=0x39391b73bfc8 sp=0x39391b73bc50 pc=0x26d446e
github.com/minio/minio/cmd.(*BatchJobPool).ResizeWorkers.gowrap2()
	github.com/minio/minio/cmd/batch-handlers.go:2044 +0x17 fp=0x39391b73bfe0 sp=0x39391b73bfc8 pc=0x26d4bf7
runtime.goexit({})
	runtime/asm_amd64.s:1771 +0x1 fp=0x39391b73bfe8 sp=0x39391b73bfe0 pc=0x4966c1
created by github.com/minio/minio/cmd.(*BatchJobPool).ResizeWorkers in goroutine 200
	github.com/minio/minio/cmd/batch-handlers.go:2044 +0x91

goroutine 543 gp=0x393925c632c0 m=nil [select, 255 minutes]:
runtime.gopark(0x39391b73cf80?, 0x3?, 0x1?, 0x0?, 0x39391b73cce2?)
	runtime/proc.go:462 +0xce fp=0x39391b73cb20 sp=0x39391b73cb00 pc=0x48eaee
runtime.selectgo(0x39391b73cf80, 0x39391b73ccdc, 0x0?, 0x0, 0x3?, 0x1)
	runtime/select.go:351 +0xaa5 fp=0x39391b73cc50 sp=0x39391b73cb20 pc=0x46a9a5
github.com/minio/minio/cmd.(*BatchJobPool).AddWorker(0x39391bf78480)
	github.com/minio/minio/cmd/batch-handlers.go:1983 +0xce fp=0x39391b73cfc8 sp=0x39391b73cc50 pc=0x26d446e
github.com/minio/minio/cmd.(*BatchJobPool).ResizeWorkers.gowrap2()
	github.com/minio/minio/cmd/batch-handlers.go:2044 +0x17 fp=0x39391b73cfe0 sp=0x39391b73cfc8 pc=0x26d4bf7
runtime.goexit({})
	runtime/asm_amd64.s:1771 +0x1 fp=0x39391b73cfe8 sp=0x39391b73cfe0 pc=0x4966c1
created by github.com/minio/minio/cmd.(*BatchJobPool).ResizeWorkers in goroutine 200
	github.com/minio/minio/cmd/batch-handlers.go:2044 +0x91

goroutine 544 gp=0x393925c634a0 m=nil [select, 255 minutes]:
runtime.gopark(0x393925e87f80?, 0x3?, 0x0?, 0x0?, 0x393925e87ce2?)
	runtime/proc.go:462 +0xce fp=0x393925e87b20 sp=0x393925e87b00 pc=0x48eaee
runtime.selectgo(0x393925e87f80, 0x393925e87cdc, 0x0?, 0x0, 0x3?, 0x1)
	runtime/select.go:351 +0xaa5 fp=0x393925e87c50 sp=0x393925e87b20 pc=0x46a9a5
github.com/minio/minio/cmd.(*BatchJobPool).AddWorker(0x39391bf78480)
	github.com/minio/minio/cmd/batch-handlers.go:1983 +0xce fp=0x393925e87fc8 sp=0x393925e87c50 pc=0x26d446e
github.com/minio/minio/cmd.(*BatchJobPool).ResizeWorkers.gowrap2()
	github.com/minio/minio/cmd/batch-handlers.go:2044 +0x17 fp=0x393925e87fe0 sp=0x393925e87fc8 pc=0x26d4bf7
runtime.goexit({})
	runtime/asm_amd64.s:1771 +0x1 fp=0x393925e87fe8 sp=0x393925e87fe0 pc=0x4966c1
created by github.com/minio/minio/cmd.(*BatchJobPool).ResizeWorkers in goroutine 200
	github.com/minio/minio/cmd/batch-handlers.go:2044 +0x91

goroutine 577 gp=0x393925c63680 m=nil [select, 255 minutes]:
runtime.gopark(0x39391b736f80?, 0x3?, 0x0?, 0x2?, 0x39391b736ce2?)
	runtime/proc.go:462 +0xce fp=0x39391b736b20 sp=0x39391b736b00 pc=0x48eaee
runtime.selectgo(0x39391b736f80, 0x39391b736cdc, 0x0?, 0x0, 0x3?, 0x1)
	runtime/select.go:351 +0xaa5 fp=0x39391b736c50 sp=0x39391b736b20 pc=0x46a9a5
github.com/minio/minio/cmd.(*BatchJobPool).AddWorker(0x39391bf78480)
	github.com/minio/minio/cmd/batch-handlers.go:1983 +0xce fp=0x39391b736fc8 sp=0x39391b736c50 pc=0x26d446e
github.com/minio/minio/cmd.(*BatchJobPool).ResizeWorkers.gowrap2()
	github.com/minio/minio/cmd/batch-handlers.go:2044 +0x17 fp=0x39391b736fe0 sp=0x39391b736fc8 pc=0x26d4bf7
runtime.goexit({})
	runtime/asm_amd64.s:1771 +0x1 fp=0x39391b736fe8 sp=0x39391b736fe0 pc=0x4966c1
created by github.com/minio/minio/cmd.(*BatchJobPool).ResizeWorkers in goroutine 200
	github.com/minio/minio/cmd/batch-handlers.go:2044 +0x91

goroutine 578 gp=0x393925c63860 m=nil [select, 255 minutes]:
runtime.gopark(0x39391b737f80?, 0x3?, 0x2?, 0x0?, 0x39391b737ce2?)
	runtime/proc.go:462 +0xce fp=0x39391b737b20 sp=0x39391b737b00 pc=0x48eaee
runtime.selectgo(0x39391b737f80, 0x39391b737cdc, 0x0?, 0x0, 0x3?, 0x1)
	runtime/select.go:351 +0xaa5 fp=0x39391b737c50 sp=0x39391b737b20 pc=0x46a9a5
github.com/minio/minio/cmd.(*BatchJobPool).AddWorker(0x39391bf78480)
	github.com/minio/minio/cmd/batch-handlers.go:1983 +0xce fp=0x39391b737fc8 sp=0x39391b737c50 pc=0x26d446e
github.com/minio/minio/cmd.(*BatchJobPool).ResizeWorkers.gowrap2()
	github.com/minio/minio/cmd/batch-handlers.go:2044 +0x17 fp=0x39391b737fe0 sp=0x39391b737fc8 pc=0x26d4bf7
runtime.goexit({})
	runtime/asm_amd64.s:1771 +0x1 fp=0x39391b737fe8 sp=0x39391b737fe0 pc=0x4966c1
created by github.com/minio/minio/cmd.(*BatchJobPool).ResizeWorkers in goroutine 200
	github.com/minio/minio/cmd/batch-handlers.go:2044 +0x91

goroutine 579 gp=0x393925c63a40 m=nil [select, 255 minutes]:
runtime.gopark(0x39391b738f80?, 0x3?, 0x2?, 0x0?, 0x39391b738ce2?)
	runtime/proc.go:462 +0xce fp=0x39391b738b20 sp=0x39391b738b00 pc=0x48eaee
runtime.selectgo(0x39391b738f80, 0x39391b738cdc, 0x0?, 0x0, 0x3?, 0x1)
	runtime/select.go:351 +0xaa5 fp=0x39391b738c50 sp=0x39391b738b20 pc=0x46a9a5
github.com/minio/minio/cmd.(*BatchJobPool).AddWorker(0x39391bf78480)
	github.com/minio/minio/cmd/batch-handlers.go:1983 +0xce fp=0x39391b738fc8 sp=0x39391b738c50 pc=0x26d446e
github.com/minio/minio/cmd.(*BatchJobPool).ResizeWorkers.gowrap2()
	github.com/minio/minio/cmd/batch-handlers.go:2044 +0x17 fp=0x39391b738fe0 sp=0x39391b738fc8 pc=0x26d4bf7
runtime.goexit({})
	runtime/asm_amd64.s:1771 +0x1 fp=0x39391b738fe8 sp=0x39391b738fe0 pc=0x4966c1
created by github.com/minio/minio/cmd.(*BatchJobPool).ResizeWorkers in goroutine 200
	github.com/minio/minio/cmd/batch-handlers.go:2044 +0x91

goroutine 580 gp=0x393925c63c20 m=nil [select, 255 minutes]:
runtime.gopark(0x393925e83f80?, 0x3?, 0x0?, 0x0?, 0x393925e83ce2?)
	runtime/proc.go:462 +0xce fp=0x393925e83b20 sp=0x393925e83b00 pc=0x48eaee
runtime.selectgo(0x393925e83f80, 0x393925e83cdc, 0x0?, 0x0, 0x3?, 0x1)
	runtime/select.go:351 +0xaa5 fp=0x393925e83c50 sp=0x393925e83b20 pc=0x46a9a5
github.com/minio/minio/cmd.(*BatchJobPool).AddWorker(0x39391bf78480)
	github.com/minio/minio/cmd/batch-handlers.go:1983 +0xce fp=0x393925e83fc8 sp=0x393925e83c50 pc=0x26d446e
github.com/minio/minio/cmd.(*BatchJobPool).ResizeWorkers.gowrap2()
	github.com/minio/minio/cmd/batch-handlers.go:2044 +0x17 fp=0x393925e83fe0 sp=0x393925e83fc8 pc=0x26d4bf7
runtime.goexit({})
	runtime/asm_amd64.s:1771 +0x1 fp=0x393925e83fe8 sp=0x393925e83fe0 pc=0x4966c1
created by github.com/minio/minio/cmd.(*BatchJobPool).ResizeWorkers in goroutine 200
	github.com/minio/minio/cmd/batch-handlers.go:2044 +0x91

goroutine 581 gp=0x393925c7e000 m=nil [select, 255 minutes]:
runtime.gopark(0x393925e84f80?, 0x3?, 0x0?, 0x0?, 0x393925e84ce2?)
	runtime/proc.go:462 +0xce fp=0x393925e84b20 sp=0x393925e84b00 pc=0x48eaee
runtime.selectgo(0x393925e84f80, 0x393925e84cdc, 0x0?, 0x0, 0x3?, 0x1)
	runtime/select.go:351 +0xaa5 fp=0x393925e84c50 sp=0x393925e84b20 pc=0x46a9a5
github.com/minio/minio/cmd.(*BatchJobPool).AddWorker(0x39391bf78480)
	github.com/minio/minio/cmd/batch-handlers.go:1983 +0xce fp=0x393925e84fc8 sp=0x393925e84c50 pc=0x26d446e
github.com/minio/minio/cmd.(*BatchJobPool).ResizeWorkers.gowrap2()
	github.com/minio/minio/cmd/batch-handlers.go:2044 +0x17 fp=0x393925e84fe0 sp=0x393925e84fc8 pc=0x26d4bf7
runtime.goexit({})
	runtime/asm_amd64.s:1771 +0x1 fp=0x393925e84fe8 sp=0x393925e84fe0 pc=0x4966c1
created by github.com/minio/minio/cmd.(*BatchJobPool).ResizeWorkers in goroutine 200
	github.com/minio/minio/cmd/batch-handlers.go:2044 +0x91

goroutine 582 gp=0x393925c7e1e0 m=nil [select, 255 minutes]:
runtime.gopark(0x393925e85f80?, 0x3?, 0x0?, 0x0?, 0x393925e85ce2?)
	runtime/proc.go:462 +0xce fp=0x393925e85b20 sp=0x393925e85b00 pc=0x48eaee
runtime.selectgo(0x393925e85f80, 0x393925e85cdc, 0x0?, 0x0, 0x3?, 0x1)
	runtime/select.go:351 +0xaa5 fp=0x393925e85c50 sp=0x393925e85b20 pc=0x46a9a5
github.com/minio/minio/cmd.(*BatchJobPool).AddWorker(0x39391bf78480)
	github.com/minio/minio/cmd/batch-handlers.go:1983 +0xce fp=0x393925e85fc8 sp=0x393925e85c50 pc=0x26d446e
github.com/minio/minio/cmd.(*BatchJobPool).ResizeWorkers.gowrap2()
	github.com/minio/minio/cmd/batch-handlers.go:2044 +0x17 fp=0x393925e85fe0 sp=0x393925e85fc8 pc=0x26d4bf7
runtime.goexit({})
	runtime/asm_amd64.s:1771 +0x1 fp=0x393925e85fe8 sp=0x393925e85fe0 pc=0x4966c1
created by github.com/minio/minio/cmd.(*BatchJobPool).ResizeWorkers in goroutine 200
	github.com/minio/minio/cmd/batch-handlers.go:2044 +0x91

goroutine 583 gp=0x393925c7e3c0 m=nil [select, 255 minutes]:
runtime.gopark(0x393925e86f80?, 0x3?, 0x0?, 0x0?, 0x393925e86ce2?)
	runtime/proc.go:462 +0xce fp=0x393925e86b20 sp=0x393925e86b00 pc=0x48eaee
runtime.selectgo(0x393925e86f80, 0x393925e86cdc, 0x0?, 0x0, 0x3?, 0x1)
	runtime/select.go:351 +0xaa5 fp=0x393925e86c50 sp=0x393925e86b20 pc=0x46a9a5
github.com/minio/minio/cmd.(*BatchJobPool).AddWorker(0x39391bf78480)
	github.com/minio/minio/cmd/batch-handlers.go:1983 +0xce fp=0x393925e86fc8 sp=0x393925e86c50 pc=0x26d446e
github.com/minio/minio/cmd.(*BatchJobPool).ResizeWorkers.gowrap2()
	github.com/minio/minio/cmd/batch-handlers.go:2044 +0x17 fp=0x393925e86fe0 sp=0x393925e86fc8 pc=0x26d4bf7
runtime.goexit({})
	runtime/asm_amd64.s:1771 +0x1 fp=0x393925e86fe8 sp=0x393925e86fe0 pc=0x4966c1
created by github.com/minio/minio/cmd.(*BatchJobPool).ResizeWorkers in goroutine 200
	github.com/minio/minio/cmd/batch-handlers.go:2044 +0x91

goroutine 584 gp=0x393925c7e5a0 m=nil [select, 255 minutes]:
runtime.gopark(0x393925e8ff80?, 0x3?, 0x0?, 0x0?, 0x393925e8fce2?)
	runtime/proc.go:462 +0xce fp=0x393925e8fb20 sp=0x393925e8fb00 pc=0x48eaee
runtime.selectgo(0x393925e8ff80, 0x393925e8fcdc, 0x0?, 0x0, 0x3?, 0x1)
	runtime/select.go:351 +0xaa5 fp=0x393925e8fc50 sp=0x393925e8fb20 pc=0x46a9a5
github.com/minio/minio/cmd.(*BatchJobPool).AddWorker(0x39391bf78480)
	github.com/minio/minio/cmd/batch-handlers.go:1983 +0xce fp=0x393925e8ffc8 sp=0x393925e8fc50 pc=0x26d446e
github.com/minio/minio/cmd.(*BatchJobPool).ResizeWorkers.gowrap2()
	github.com/minio/minio/cmd/batch-handlers.go:2044 +0x17 fp=0x393925e8ffe0 sp=0x393925e8ffc8 pc=0x26d4bf7
runtime.goexit({})
	runtime/asm_amd64.s:1771 +0x1 fp=0x393925e8ffe8 sp=0x393925e8ffe0 pc=0x4966c1
created by github.com/minio/minio/cmd.(*BatchJobPool).ResizeWorkers in goroutine 200
	github.com/minio/minio/cmd/batch-handlers.go:2044 +0x91

goroutine 585 gp=0x393925c7e780 m=nil [select, 255 minutes]:
runtime.gopark(0x393925e80f80?, 0x3?, 0x0?, 0x0?, 0x393925e80ce2?)
	runtime/proc.go:462 +0xce fp=0x393925e80b20 sp=0x393925e80b00 pc=0x48eaee
runtime.selectgo(0x393925e80f80, 0x393925e80cdc, 0x0?, 0x0, 0x3?, 0x1)
	runtime/select.go:351 +0xaa5 fp=0x393925e80c50 sp=0x393925e80b20 pc=0x46a9a5
github.com/minio/minio/cmd.(*BatchJobPool).AddWorker(0x39391bf78480)
	github.com/minio/minio/cmd/batch-handlers.go:1983 +0xce fp=0x393925e80fc8 sp=0x393925e80c50 pc=0x26d446e
github.com/minio/minio/cmd.(*BatchJobPool).ResizeWorkers.gowrap2()
	github.com/minio/minio/cmd/batch-handlers.go:2044 +0x17 fp=0x393925e80fe0 sp=0x393925e80fc8 pc=0x26d4bf7
runtime.goexit({})
	runtime/asm_amd64.s:1771 +0x1 fp=0x393925e80fe8 sp=0x393925e80fe0 pc=0x4966c1
created by github.com/minio/minio/cmd.(*BatchJobPool).ResizeWorkers in goroutine 200
	github.com/minio/minio/cmd/batch-handlers.go:2044 +0x91

goroutine 586 gp=0x393925c7e960 m=nil [select, 255 minutes]:
runtime.gopark(0x393925e81f80?, 0x3?, 0x0?, 0x0?, 0x393925e81ce2?)
	runtime/proc.go:462 +0xce fp=0x393925e81b20 sp=0x393925e81b00 pc=0x48eaee
runtime.selectgo(0x393925e81f80, 0x393925e81cdc, 0x0?, 0x0, 0x3?, 0x1)
	runtime/select.go:351 +0xaa5 fp=0x393925e81c50 sp=0x393925e81b20 pc=0x46a9a5
github.com/minio/minio/cmd.(*BatchJobPool).AddWorker(0x39391bf78480)
	github.com/minio/minio/cmd/batch-handlers.go:1983 +0xce fp=0x393925e81fc8 sp=0x393925e81c50 pc=0x26d446e
github.com/minio/minio/cmd.(*BatchJobPool).ResizeWorkers.gowrap2()
	github.com/minio/minio/cmd/batch-handlers.go:2044 +0x17 fp=0x393925e81fe0 sp=0x393925e81fc8 pc=0x26d4bf7
runtime.goexit({})
	runtime/asm_amd64.s:1771 +0x1 fp=0x393925e81fe8 sp=0x393925e81fe0 pc=0x4966c1
created by github.com/minio/minio/cmd.(*BatchJobPool).ResizeWorkers in goroutine 200
	github.com/minio/minio/cmd/batch-handlers.go:2044 +0x91

goroutine 587 gp=0x393925c7eb40 m=nil [select, 255 minutes]:
runtime.gopark(0x393925e82f80?, 0x3?, 0x0?, 0x0?, 0x393925e82ce2?)
	runtime/proc.go:462 +0xce fp=0x393925e82b20 sp=0x393925e82b00 pc=0x48eaee
runtime.selectgo(0x393925e82f80, 0x393925e82cdc, 0x0?, 0x0, 0x3?, 0x1)
	runtime/select.go:351 +0xaa5 fp=0x393925e82c50 sp=0x393925e82b20 pc=0x46a9a5
github.com/minio/minio/cmd.(*BatchJobPool).AddWorker(0x39391bf78480)
	github.com/minio/minio/cmd/batch-handlers.go:1983 +0xce fp=0x393925e82fc8 sp=0x393925e82c50 pc=0x26d446e
github.com/minio/minio/cmd.(*BatchJobPool).ResizeWorkers.gowrap2()
	github.com/minio/minio/cmd/batch-handlers.go:2044 +0x17 fp=0x393925e82fe0 sp=0x393925e82fc8 pc=0x26d4bf7
runtime.goexit({})
	runtime/asm_amd64.s:1771 +0x1 fp=0x393925e82fe8 sp=0x393925e82fe0 pc=0x4966c1
created by github.com/minio/minio/cmd.(*BatchJobPool).ResizeWorkers in goroutine 200
	github.com/minio/minio/cmd/batch-handlers.go:2044 +0x91

goroutine 588 gp=0x393925c7ed20 m=nil [select, 255 minutes]:
runtime.gopark(0x393925e8bf80?, 0x3?, 0x0?, 0x0?, 0x393925e8bce2?)
	runtime/proc.go:462 +0xce fp=0x393925e8bb20 sp=0x393925e8bb00 pc=0x48eaee
runtime.selectgo(0x393925e8bf80, 0x393925e8bcdc, 0x0?, 0x0, 0x3?, 0x1)
	runtime/select.go:351 +0xaa5 fp=0x393925e8bc50 sp=0x393925e8bb20 pc=0x46a9a5
github.com/minio/minio/cmd.(*BatchJobPool).AddWorker(0x39391bf78480)
	github.com/minio/minio/cmd/batch-handlers.go:1983 +0xce fp=0x393925e8bfc8 sp=0x393925e8bc50 pc=0x26d446e
github.com/minio/minio/cmd.(*BatchJobPool).ResizeWorkers.gowrap2()
	github.com/minio/minio/cmd/batch-handlers.go:2044 +0x17 fp=0x393925e8bfe0 sp=0x393925e8bfc8 pc=0x26d4bf7
runtime.goexit({})
	runtime/asm_amd64.s:1771 +0x1 fp=0x393925e8bfe8 sp=0x393925e8bfe0 pc=0x4966c1
created by github.com/minio/minio/cmd.(*BatchJobPool).ResizeWorkers in goroutine 200
	github.com/minio/minio/cmd/batch-handlers.go:2044 +0x91

goroutine 589 gp=0x393925c7ef00 m=nil [select, 255 minutes]:
runtime.gopark(0x393925e8cf80?, 0x3?, 0x0?, 0x0?, 0x393925e8cce2?)
	runtime/proc.go:462 +0xce fp=0x393925e8cb20 sp=0x393925e8cb00 pc=0x48eaee
runtime.selectgo(0x393925e8cf80, 0x393925e8ccdc, 0x0?, 0x0, 0x3?, 0x1)
	runtime/select.go:351 +0xaa5 fp=0x393925e8cc50 sp=0x393925e8cb20 pc=0x46a9a5
github.com/minio/minio/cmd.(*BatchJobPool).AddWorker(0x39391bf78480)
	github.com/minio/minio/cmd/batch-handlers.go:1983 +0xce fp=0x393925e8cfc8 sp=0x393925e8cc50 pc=0x26d446e
github.com/minio/minio/cmd.(*BatchJobPool).ResizeWorkers.gowrap2()
	github.com/minio/minio/cmd/batch-handlers.go:2044 +0x17 fp=0x393925e8cfe0 sp=0x393925e8cfc8 pc=0x26d4bf7
runtime.goexit({})
	runtime/asm_amd64.s:1771 +0x1 fp=0x393925e8cfe8 sp=0x393925e8cfe0 pc=0x4966c1
created by github.com/minio/minio/cmd.(*BatchJobPool).ResizeWorkers in goroutine 200
	github.com/minio/minio/cmd/batch-handlers.go:2044 +0x91

goroutine 590 gp=0x393925c7f0e0 m=nil [select, 255 minutes]:
runtime.gopark(0x393925e8df80?, 0x3?, 0x0?, 0x0?, 0x393925e8dce2?)
	runtime/proc.go:462 +0xce fp=0x393925e8db20 sp=0x393925e8db00 pc=0x48eaee
runtime.selectgo(0x393925e8df80, 0x393925e8dcdc, 0x0?, 0x0, 0x3?, 0x1)
	runtime/select.go:351 +0xaa5 fp=0x393925e8dc50 sp=0x393925e8db20 pc=0x46a9a5
github.com/minio/minio/cmd.(*BatchJobPool).AddWorker(0x39391bf78480)
	github.com/minio/minio/cmd/batch-handlers.go:1983 +0xce fp=0x393925e8dfc8 sp=0x393925e8dc50 pc=0x26d446e
github.com/minio/minio/cmd.(*BatchJobPool).ResizeWorkers.gowrap2()
	github.com/minio/minio/cmd/batch-handlers.go:2044 +0x17 fp=0x393925e8dfe0 sp=0x393925e8dfc8 pc=0x26d4bf7
runtime.goexit({})
	runtime/asm_amd64.s:1771 +0x1 fp=0x393925e8dfe8 sp=0x393925e8dfe0 pc=0x4966c1
created by github.com/minio/minio/cmd.(*BatchJobPool).ResizeWorkers in goroutine 200
	github.com/minio/minio/cmd/batch-handlers.go:2044 +0x91

goroutine 591 gp=0x393925c7f2c0 m=nil [select, 255 minutes]:
runtime.gopark(0x393925e8ef80?, 0x3?, 0x0?, 0x0?, 0x393925e8ece2?)
	runtime/proc.go:462 +0xce fp=0x393925e8eb20 sp=0x393925e8eb00 pc=0x48eaee
runtime.selectgo(0x393925e8ef80, 0x393925e8ecdc, 0x0?, 0x0, 0x3?, 0x1)
	runtime/select.go:351 +0xaa5 fp=0x393925e8ec50 sp=0x393925e8eb20 pc=0x46a9a5
github.com/minio/minio/cmd.(*BatchJobPool).AddWorker(0x39391bf78480)
	github.com/minio/minio/cmd/batch-handlers.go:1983 +0xce fp=0x393925e8efc8 sp=0x393925e8ec50 pc=0x26d446e
github.com/minio/minio/cmd.(*BatchJobPool).ResizeWorkers.gowrap2()
	github.com/minio/minio/cmd/batch-handlers.go:2044 +0x17 fp=0x393925e8efe0 sp=0x393925e8efc8 pc=0x26d4bf7
runtime.goexit({})
	runtime/asm_amd64.s:1771 +0x1 fp=0x393925e8efe8 sp=0x393925e8efe0 pc=0x4966c1
created by github.com/minio/minio/cmd.(*BatchJobPool).ResizeWorkers in goroutine 200
	github.com/minio/minio/cmd/batch-handlers.go:2044 +0x91

goroutine 592 gp=0x393925c7f4a0 m=nil [select, 255 minutes]:
runtime.gopark(0x393925e97f80?, 0x3?, 0x0?, 0x0?, 0x393925e97ce2?)
	runtime/proc.go:462 +0xce fp=0x393925e97b20 sp=0x393925e97b00 pc=0x48eaee
runtime.selectgo(0x393925e97f80, 0x393925e97cdc, 0x0?, 0x0, 0x3?, 0x1)
	runtime/select.go:351 +0xaa5 fp=0x393925e97c50 sp=0x393925e97b20 pc=0x46a9a5
github.com/minio/minio/cmd.(*BatchJobPool).AddWorker(0x39391bf78480)
	github.com/minio/minio/cmd/batch-handlers.go:1983 +0xce fp=0x393925e97fc8 sp=0x393925e97c50 pc=0x26d446e
github.com/minio/minio/cmd.(*BatchJobPool).ResizeWorkers.gowrap2()
	github.com/minio/minio/cmd/batch-handlers.go:2044 +0x17 fp=0x393925e97fe0 sp=0x393925e97fc8 pc=0x26d4bf7
runtime.goexit({})
	runtime/asm_amd64.s:1771 +0x1 fp=0x393925e97fe8 sp=0x393925e97fe0 pc=0x4966c1
created by github.com/minio/minio/cmd.(*BatchJobPool).ResizeWorkers in goroutine 200
	github.com/minio/minio/cmd/batch-handlers.go:2044 +0x91

goroutine 593 gp=0x393925c7f680 m=nil [select, 255 minutes]:
runtime.gopark(0x393925e88f80?, 0x3?, 0x0?, 0x0?, 0x393925e88ce2?)
	runtime/proc.go:462 +0xce fp=0x393925e88b20 sp=0x393925e88b00 pc=0x48eaee
runtime.selectgo(0x393925e88f80, 0x393925e88cdc, 0x0?, 0x0, 0x3?, 0x1)
	runtime/select.go:351 +0xaa5 fp=0x393925e88c50 sp=0x393925e88b20 pc=0x46a9a5
github.com/minio/minio/cmd.(*BatchJobPool).AddWorker(0x39391bf78480)
	github.com/minio/minio/cmd/batch-handlers.go:1983 +0xce fp=0x393925e88fc8 sp=0x393925e88c50 pc=0x26d446e
github.com/minio/minio/cmd.(*BatchJobPool).ResizeWorkers.gowrap2()
	github.com/minio/minio/cmd/batch-handlers.go:2044 +0x17 fp=0x393925e88fe0 sp=0x393925e88fc8 pc=0x26d4bf7
runtime.goexit({})
	runtime/asm_amd64.s:1771 +0x1 fp=0x393925e88fe8 sp=0x393925e88fe0 pc=0x4966c1
created by github.com/minio/minio/cmd.(*BatchJobPool).ResizeWorkers in goroutine 200
	github.com/minio/minio/cmd/batch-handlers.go:2044 +0x91

goroutine 594 gp=0x393925c7f860 m=nil [select, 255 minutes]:
runtime.gopark(0x393925e89f80?, 0x3?, 0x0?, 0x0?, 0x393925e89ce2?)
	runtime/proc.go:462 +0xce fp=0x393925e89b20 sp=0x393925e89b00 pc=0x48eaee
runtime.selectgo(0x393925e89f80, 0x393925e89cdc, 0x0?, 0x0, 0x3?, 0x1)
	runtime/select.go:351 +0xaa5 fp=0x393925e89c50 sp=0x393925e89b20 pc=0x46a9a5
github.com/minio/minio/cmd.(*BatchJobPool).AddWorker(0x39391bf78480)
	github.com/minio/minio/cmd/batch-handlers.go:1983 +0xce fp=0x393925e89fc8 sp=0x393925e89c50 pc=0x26d446e
github.com/minio/minio/cmd.(*BatchJobPool).ResizeWorkers.gowrap2()
	github.com/minio/minio/cmd/batch-handlers.go:2044 +0x17 fp=0x393925e89fe0 sp=0x393925e89fc8 pc=0x26d4bf7
runtime.goexit({})
	runtime/asm_amd64.s:1771 +0x1 fp=0x393925e89fe8 sp=0x393925e89fe0 pc=0x4966c1
created by github.com/minio/minio/cmd.(*BatchJobPool).ResizeWorkers in goroutine 200
	github.com/minio/minio/cmd/batch-handlers.go:2044 +0x91

goroutine 595 gp=0x393925c7fa40 m=nil [select, 255 minutes]:
runtime.gopark(0x393925e8af80?, 0x3?, 0x0?, 0x0?, 0x393925e8ace2?)
	runtime/proc.go:462 +0xce fp=0x393925e8ab20 sp=0x393925e8ab00 pc=0x48eaee
runtime.selectgo(0x393925e8af80, 0x393925e8acdc, 0x0?, 0x0, 0x3?, 0x1)
	runtime/select.go:351 +0xaa5 fp=0x393925e8ac50 sp=0x393925e8ab20 pc=0x46a9a5
github.com/minio/minio/cmd.(*BatchJobPool).AddWorker(0x39391bf78480)
	github.com/minio/minio/cmd/batch-handlers.go:1983 +0xce fp=0x393925e8afc8 sp=0x393925e8ac50 pc=0x26d446e
github.com/minio/minio/cmd.(*BatchJobPool).ResizeWorkers.gowrap2()
	github.com/minio/minio/cmd/batch-handlers.go:2044 +0x17 fp=0x393925e8afe0 sp=0x393925e8afc8 pc=0x26d4bf7
runtime.goexit({})
	runtime/asm_amd64.s:1771 +0x1 fp=0x393925e8afe8 sp=0x393925e8afe0 pc=0x4966c1
created by github.com/minio/minio/cmd.(*BatchJobPool).ResizeWorkers in goroutine 200
	github.com/minio/minio/cmd/batch-handlers.go:2044 +0x91

goroutine 596 gp=0x393925c7fc20 m=nil [select, 255 minutes]:
runtime.gopark(0x393925e93f80?, 0x3?, 0x0?, 0x0?, 0x393925e93ce2?)
	runtime/proc.go:462 +0xce fp=0x393925e93b20 sp=0x393925e93b00 pc=0x48eaee
runtime.selectgo(0x393925e93f80, 0x393925e93cdc, 0x0?, 0x0, 0x3?, 0x1)
	runtime/select.go:351 +0xaa5 fp=0x393925e93c50 sp=0x393925e93b20 pc=0x46a9a5
github.com/minio/minio/cmd.(*BatchJobPool).AddWorker(0x39391bf78480)
	github.com/minio/minio/cmd/batch-handlers.go:1983 +0xce fp=0x393925e93fc8 sp=0x393925e93c50 pc=0x26d446e
github.com/minio/minio/cmd.(*BatchJobPool).ResizeWorkers.gowrap2()
	github.com/minio/minio/cmd/batch-handlers.go:2044 +0x17 fp=0x393925e93fe0 sp=0x393925e93fc8 pc=0x26d4bf7
runtime.goexit({})
	runtime/asm_amd64.s:1771 +0x1 fp=0x393925e93fe8 sp=0x393925e93fe0 pc=0x4966c1
created by github.com/minio/minio/cmd.(*BatchJobPool).ResizeWorkers in goroutine 200
	github.com/minio/minio/cmd/batch-handlers.go:2044 +0x91

goroutine 597 gp=0x393925c4a000 m=nil [select, 255 minutes]:
runtime.gopark(0x393925e94f80?, 0x3?, 0x0?, 0x0?, 0x393925e94ce2?)
	runtime/proc.go:462 +0xce fp=0x393925e94b20 sp=0x393925e94b00 pc=0x48eaee
runtime.selectgo(0x393925e94f80, 0x393925e94cdc, 0x0?, 0x0, 0x3?, 0x1)
	runtime/select.go:351 +0xaa5 fp=0x393925e94c50 sp=0x393925e94b20 pc=0x46a9a5
github.com/minio/minio/cmd.(*BatchJobPool).AddWorker(0x39391bf78480)
	github.com/minio/minio/cmd/batch-handlers.go:1983 +0xce fp=0x393925e94fc8 sp=0x393925e94c50 pc=0x26d446e
github.com/minio/minio/cmd.(*BatchJobPool).ResizeWorkers.gowrap2()
	github.com/minio/minio/cmd/batch-handlers.go:2044 +0x17 fp=0x393925e94fe0 sp=0x393925e94fc8 pc=0x26d4bf7
runtime.goexit({})
	runtime/asm_amd64.s:1771 +0x1 fp=0x393925e94fe8 sp=0x393925e94fe0 pc=0x4966c1
created by github.com/minio/minio/cmd.(*BatchJobPool).ResizeWorkers in goroutine 200
	github.com/minio/minio/cmd/batch-handlers.go:2044 +0x91

goroutine 598 gp=0x393925c4a1e0 m=nil [select, 255 minutes]:
runtime.gopark(0x393925e95f80?, 0x3?, 0x0?, 0x0?, 0x393925e95ce2?)
	runtime/proc.go:462 +0xce fp=0x393925e95b20 sp=0x393925e95b00 pc=0x48eaee
runtime.selectgo(0x393925e95f80, 0x393925e95cdc, 0x0?, 0x0, 0x3?, 0x1)
	runtime/select.go:351 +0xaa5 fp=0x393925e95c50 sp=0x393925e95b20 pc=0x46a9a5
github.com/minio/minio/cmd.(*BatchJobPool).AddWorker(0x39391bf78480)
	github.com/minio/minio/cmd/batch-handlers.go:1983 +0xce fp=0x393925e95fc8 sp=0x393925e95c50 pc=0x26d446e
github.com/minio/minio/cmd.(*BatchJobPool).ResizeWorkers.gowrap2()
	github.com/minio/minio/cmd/batch-handlers.go:2044 +0x17 fp=0x393925e95fe0 sp=0x393925e95fc8 pc=0x26d4bf7
runtime.goexit({})
	runtime/asm_amd64.s:1771 +0x1 fp=0x393925e95fe8 sp=0x393925e95fe0 pc=0x4966c1
created by github.com/minio/minio/cmd.(*BatchJobPool).ResizeWorkers in goroutine 200
	github.com/minio/minio/cmd/batch-handlers.go:2044 +0x91

goroutine 599 gp=0x393925c4a3c0 m=nil [select, 255 minutes]:
runtime.gopark(0x393925e96f80?, 0x3?, 0x0?, 0x0?, 0x393925e96ce2?)
	runtime/proc.go:462 +0xce fp=0x393925e96b20 sp=0x393925e96b00 pc=0x48eaee
runtime.selectgo(0x393925e96f80, 0x393925e96cdc, 0x0?, 0x0, 0x3?, 0x1)
	runtime/select.go:351 +0xaa5 fp=0x393925e96c50 sp=0x393925e96b20 pc=0x46a9a5
github.com/minio/minio/cmd.(*BatchJobPool).AddWorker(0x39391bf78480)
	github.com/minio/minio/cmd/batch-handlers.go:1983 +0xce fp=0x393925e96fc8 sp=0x393925e96c50 pc=0x26d446e
github.com/minio/minio/cmd.(*BatchJobPool).ResizeWorkers.gowrap2()
	github.com/minio/minio/cmd/batch-handlers.go:2044 +0x17 fp=0x393925e96fe0 sp=0x393925e96fc8 pc=0x26d4bf7
runtime.goexit({})
	runtime/asm_amd64.s:1771 +0x1 fp=0x393925e96fe8 sp=0x393925e96fe0 pc=0x4966c1
created by github.com/minio/minio/cmd.(*BatchJobPool).ResizeWorkers in goroutine 200
	github.com/minio/minio/cmd/batch-handlers.go:2044 +0x91

goroutine 600 gp=0x393925c4a5a0 m=nil [select, 255 minutes]:
runtime.gopark(0x393925e9ff80?, 0x3?, 0x0?, 0x0?, 0x393925e9fce2?)
	runtime/proc.go:462 +0xce fp=0x393925e9fb20 sp=0x393925e9fb00 pc=0x48eaee
runtime.selectgo(0x393925e9ff80, 0x393925e9fcdc, 0x0?, 0x0, 0x3?, 0x1)
	runtime/select.go:351 +0xaa5 fp=0x393925e9fc50 sp=0x393925e9fb20 pc=0x46a9a5
github.com/minio/minio/cmd.(*BatchJobPool).AddWorker(0x39391bf78480)
	github.com/minio/minio/cmd/batch-handlers.go:1983 +0xce fp=0x393925e9ffc8 sp=0x393925e9fc50 pc=0x26d446e
github.com/minio/minio/cmd.(*BatchJobPool).ResizeWorkers.gowrap2()
	github.com/minio/minio/cmd/batch-handlers.go:2044 +0x17 fp=0x393925e9ffe0 sp=0x393925e9ffc8 pc=0x26d4bf7
runtime.goexit({})
	runtime/asm_amd64.s:1771 +0x1 fp=0x393925e9ffe8 sp=0x393925e9ffe0 pc=0x4966c1
created by github.com/minio/minio/cmd.(*BatchJobPool).ResizeWorkers in goroutine 200
	github.com/minio/minio/cmd/batch-handlers.go:2044 +0x91

goroutine 601 gp=0x393925c4a780 m=nil [select, 255 minutes]:
runtime.gopark(0x393925e90f80?, 0x3?, 0x0?, 0x0?, 0x393925e90ce2?)
	runtime/proc.go:462 +0xce fp=0x393925e90b20 sp=0x393925e90b00 pc=0x48eaee
runtime.selectgo(0x393925e90f80, 0x393925e90cdc, 0x0?, 0x0, 0x3?, 0x1)
	runtime/select.go:351 +0xaa5 fp=0x393925e90c50 sp=0x393925e90b20 pc=0x46a9a5
github.com/minio/minio/cmd.(*BatchJobPool).AddWorker(0x39391bf78480)
	github.com/minio/minio/cmd/batch-handlers.go:1983 +0xce fp=0x393925e90fc8 sp=0x393925e90c50 pc=0x26d446e
github.com/minio/minio/cmd.(*BatchJobPool).ResizeWorkers.gowrap2()
	github.com/minio/minio/cmd/batch-handlers.go:2044 +0x17 fp=0x393925e90fe0 sp=0x393925e90fc8 pc=0x26d4bf7
runtime.goexit({})
	runtime/asm_amd64.s:1771 +0x1 fp=0x393925e90fe8 sp=0x393925e90fe0 pc=0x4966c1
created by github.com/minio/minio/cmd.(*BatchJobPool).ResizeWorkers in goroutine 200
	github.com/minio/minio/cmd/batch-handlers.go:2044 +0x91

goroutine 602 gp=0x393925c4a960 m=nil [select, 255 minutes]:
runtime.gopark(0x393925e91f80?, 0x3?, 0x0?, 0x0?, 0x393925e91ce2?)
	runtime/proc.go:462 +0xce fp=0x393925e91b20 sp=0x393925e91b00 pc=0x48eaee
runtime.selectgo(0x393925e91f80, 0x393925e91cdc, 0x0?, 0x0, 0x3?, 0x1)
	runtime/select.go:351 +0xaa5 fp=0x393925e91c50 sp=0x393925e91b20 pc=0x46a9a5
github.com/minio/minio/cmd.(*BatchJobPool).AddWorker(0x39391bf78480)
	github.com/minio/minio/cmd/batch-handlers.go:1983 +0xce fp=0x393925e91fc8 sp=0x393925e91c50 pc=0x26d446e
github.com/minio/minio/cmd.(*BatchJobPool).ResizeWorkers.gowrap2()
	github.com/minio/minio/cmd/batch-handlers.go:2044 +0x17 fp=0x393925e91fe0 sp=0x393925e91fc8 pc=0x26d4bf7
runtime.goexit({})
	runtime/asm_amd64.s:1771 +0x1 fp=0x393925e91fe8 sp=0x393925e91fe0 pc=0x4966c1
created by github.com/minio/minio/cmd.(*BatchJobPool).ResizeWorkers in goroutine 200
	github.com/minio/minio/cmd/batch-handlers.go:2044 +0x91

goroutine 603 gp=0x393925c4ab40 m=nil [select, 255 minutes]:
runtime.gopark(0x393925e92f80?, 0x3?, 0x0?, 0x0?, 0x393925e92ce2?)
	runtime/proc.go:462 +0xce fp=0x393925e92b20 sp=0x393925e92b00 pc=0x48eaee
runtime.selectgo(0x393925e92f80, 0x393925e92cdc, 0x0?, 0x0, 0x3?, 0x1)
	runtime/select.go:351 +0xaa5 fp=0x393925e92c50 sp=0x393925e92b20 pc=0x46a9a5
github.com/minio/minio/cmd.(*BatchJobPool).AddWorker(0x39391bf78480)
	github.com/minio/minio/cmd/batch-handlers.go:1983 +0xce fp=0x393925e92fc8 sp=0x393925e92c50 pc=0x26d446e
github.com/minio/minio/cmd.(*BatchJobPool).ResizeWorkers.gowrap2()
	github.com/minio/minio/cmd/batch-handlers.go:2044 +0x17 fp=0x393925e92fe0 sp=0x393925e92fc8 pc=0x26d4bf7
runtime.goexit({})
	runtime/asm_amd64.s:1771 +0x1 fp=0x393925e92fe8 sp=0x393925e92fe0 pc=0x4966c1
created by github.com/minio/minio/cmd.(*BatchJobPool).ResizeWorkers in goroutine 200
	github.com/minio/minio/cmd/batch-handlers.go:2044 +0x91

goroutine 604 gp=0x393925c4ad20 m=nil [select, 255 minutes]:
runtime.gopark(0x393925e9bf80?, 0x3?, 0x0?, 0x0?, 0x393925e9bce2?)
	runtime/proc.go:462 +0xce fp=0x393925e9bb20 sp=0x393925e9bb00 pc=0x48eaee
runtime.selectgo(0x393925e9bf80, 0x393925e9bcdc, 0x0?, 0x0, 0x3?, 0x1)
	runtime/select.go:351 +0xaa5 fp=0x393925e9bc50 sp=0x393925e9bb20 pc=0x46a9a5
github.com/minio/minio/cmd.(*BatchJobPool).AddWorker(0x39391bf78480)
	github.com/minio/minio/cmd/batch-handlers.go:1983 +0xce fp=0x393925e9bfc8 sp=0x393925e9bc50 pc=0x26d446e
github.com/minio/minio/cmd.(*BatchJobPool).ResizeWorkers.gowrap2()
	github.com/minio/minio/cmd/batch-handlers.go:2044 +0x17 fp=0x393925e9bfe0 sp=0x393925e9bfc8 pc=0x26d4bf7
runtime.goexit({})
	runtime/asm_amd64.s:1771 +0x1 fp=0x393925e9bfe8 sp=0x393925e9bfe0 pc=0x4966c1
created by github.com/minio/minio/cmd.(*BatchJobPool).ResizeWorkers in goroutine 200
	github.com/minio/minio/cmd/batch-handlers.go:2044 +0x91

goroutine 605 gp=0x393925c4af00 m=nil [select, 255 minutes]:
runtime.gopark(0x393925e9cf80?, 0x3?, 0x0?, 0x0?, 0x393925e9cce2?)
	runtime/proc.go:462 +0xce fp=0x393925e9cb20 sp=0x393925e9cb00 pc=0x48eaee
runtime.selectgo(0x393925e9cf80, 0x393925e9ccdc, 0x0?, 0x0, 0x3?, 0x1)
	runtime/select.go:351 +0xaa5 fp=0x393925e9cc50 sp=0x393925e9cb20 pc=0x46a9a5
github.com/minio/minio/cmd.(*BatchJobPool).AddWorker(0x39391bf78480)
	github.com/minio/minio/cmd/batch-handlers.go:1983 +0xce fp=0x393925e9cfc8 sp=0x393925e9cc50 pc=0x26d446e
github.com/minio/minio/cmd.(*BatchJobPool).ResizeWorkers.gowrap2()
	github.com/minio/minio/cmd/batch-handlers.go:2044 +0x17 fp=0x393925e9cfe0 sp=0x393925e9cfc8 pc=0x26d4bf7
runtime.goexit({})
	runtime/asm_amd64.s:1771 +0x1 fp=0x393925e9cfe8 sp=0x393925e9cfe0 pc=0x4966c1
created by github.com/minio/minio/cmd.(*BatchJobPool).ResizeWorkers in goroutine 200
	github.com/minio/minio/cmd/batch-handlers.go:2044 +0x91

goroutine 606 gp=0x393925c4b0e0 m=nil [select, 255 minutes]:
runtime.gopark(0x393925e9df80?, 0x3?, 0x0?, 0x0?, 0x393925e9dce2?)
	runtime/proc.go:462 +0xce fp=0x393925e9db20 sp=0x393925e9db00 pc=0x48eaee
runtime.selectgo(0x393925e9df80, 0x393925e9dcdc, 0x0?, 0x0, 0x3?, 0x1)
	runtime/select.go:351 +0xaa5 fp=0x393925e9dc50 sp=0x393925e9db20 pc=0x46a9a5
github.com/minio/minio/cmd.(*BatchJobPool).AddWorker(0x39391bf78480)
	github.com/minio/minio/cmd/batch-handlers.go:1983 +0xce fp=0x393925e9dfc8 sp=0x393925e9dc50 pc=0x26d446e
github.com/minio/minio/cmd.(*BatchJobPool).ResizeWorkers.gowrap2()
	github.com/minio/minio/cmd/batch-handlers.go:2044 +0x17 fp=0x393925e9dfe0 sp=0x393925e9dfc8 pc=0x26d4bf7
runtime.goexit({})
	runtime/asm_amd64.s:1771 +0x1 fp=0x393925e9dfe8 sp=0x393925e9dfe0 pc=0x4966c1
created by github.com/minio/minio/cmd.(*BatchJobPool).ResizeWorkers in goroutine 200
	github.com/minio/minio/cmd/batch-handlers.go:2044 +0x91

goroutine 607 gp=0x393925c4b2c0 m=nil [select, 255 minutes]:
runtime.gopark(0x393925e9ef80?, 0x3?, 0x0?, 0x0?, 0x393925e9ece2?)
	runtime/proc.go:462 +0xce fp=0x393925e9eb20 sp=0x393925e9eb00 pc=0x48eaee
runtime.selectgo(0x393925e9ef80, 0x393925e9ecdc, 0x0?, 0x0, 0x3?, 0x1)
	runtime/select.go:351 +0xaa5 fp=0x393925e9ec50 sp=0x393925e9eb20 pc=0x46a9a5
github.com/minio/minio/cmd.(*BatchJobPool).AddWorker(0x39391bf78480)
	github.com/minio/minio/cmd/batch-handlers.go:1983 +0xce fp=0x393925e9efc8 sp=0x393925e9ec50 pc=0x26d446e
github.com/minio/minio/cmd.(*BatchJobPool).ResizeWorkers.gowrap2()
	github.com/minio/minio/cmd/batch-handlers.go:2044 +0x17 fp=0x393925e9efe0 sp=0x393925e9efc8 pc=0x26d4bf7
runtime.goexit({})
	runtime/asm_amd64.s:1771 +0x1 fp=0x393925e9efe8 sp=0x393925e9efe0 pc=0x4966c1
created by github.com/minio/minio/cmd.(*BatchJobPool).ResizeWorkers in goroutine 200
	github.com/minio/minio/cmd/batch-handlers.go:2044 +0x91

goroutine 608 gp=0x393925c4b4a0 m=nil [select, 255 minutes]:
runtime.gopark(0x393925ea7f80?, 0x3?, 0x0?, 0x0?, 0x393925ea7ce2?)
	runtime/proc.go:462 +0xce fp=0x393925ea7b20 sp=0x393925ea7b00 pc=0x48eaee
runtime.selectgo(0x393925ea7f80, 0x393925ea7cdc, 0x0?, 0x0, 0x3?, 0x1)
	runtime/select.go:351 +0xaa5 fp=0x393925ea7c50 sp=0x393925ea7b20 pc=0x46a9a5
github.com/minio/minio/cmd.(*BatchJobPool).AddWorker(0x39391bf78480)
	github.com/minio/minio/cmd/batch-handlers.go:1983 +0xce fp=0x393925ea7fc8 sp=0x393925ea7c50 pc=0x26d446e
github.com/minio/minio/cmd.(*BatchJobPool).ResizeWorkers.gowrap2()
	github.com/minio/minio/cmd/batch-handlers.go:2044 +0x17 fp=0x393925ea7fe0 sp=0x393925ea7fc8 pc=0x26d4bf7
runtime.goexit({})
	runtime/asm_amd64.s:1771 +0x1 fp=0x393925ea7fe8 sp=0x393925ea7fe0 pc=0x4966c1
created by github.com/minio/minio/cmd.(*BatchJobPool).ResizeWorkers in goroutine 200
	github.com/minio/minio/cmd/batch-handlers.go:2044 +0x91

goroutine 609 gp=0x393925c4b680 m=nil [select, 255 minutes]:
runtime.gopark(0x393925e98f80?, 0x3?, 0x0?, 0x0?, 0x393925e98ce2?)
	runtime/proc.go:462 +0xce fp=0x393925e98b20 sp=0x393925e98b00 pc=0x48eaee
runtime.selectgo(0x393925e98f80, 0x393925e98cdc, 0x0?, 0x0, 0x3?, 0x1)
	runtime/select.go:351 +0xaa5 fp=0x393925e98c50 sp=0x393925e98b20 pc=0x46a9a5
github.com/minio/minio/cmd.(*BatchJobPool).AddWorker(0x39391bf78480)
	github.com/minio/minio/cmd/batch-handlers.go:1983 +0xce fp=0x393925e98fc8 sp=0x393925e98c50 pc=0x26d446e
github.com/minio/minio/cmd.(*BatchJobPool).ResizeWorkers.gowrap2()
	github.com/minio/minio/cmd/batch-handlers.go:2044 +0x17 fp=0x393925e98fe0 sp=0x393925e98fc8 pc=0x26d4bf7
runtime.goexit({})
	runtime/asm_amd64.s:1771 +0x1 fp=0x393925e98fe8 sp=0x393925e98fe0 pc=0x4966c1
created by github.com/minio/minio/cmd.(*BatchJobPool).ResizeWorkers in goroutine 200
	github.com/minio/minio/cmd/batch-handlers.go:2044 +0x91

goroutine 610 gp=0x393925c4b860 m=nil [select, 255 minutes]:
runtime.gopark(0x393925e99f80?, 0x3?, 0x0?, 0x0?, 0x393925e99ce2?)
	runtime/proc.go:462 +0xce fp=0x393925e99b20 sp=0x393925e99b00 pc=0x48eaee
runtime.selectgo(0x393925e99f80, 0x393925e99cdc, 0x0?, 0x0, 0x3?, 0x1)
	runtime/select.go:351 +0xaa5 fp=0x393925e99c50 sp=0x393925e99b20 pc=0x46a9a5
github.com/minio/minio/cmd.(*BatchJobPool).AddWorker(0x39391bf78480)
	github.com/minio/minio/cmd/batch-handlers.go:1983 +0xce fp=0x393925e99fc8 sp=0x393925e99c50 pc=0x26d446e
github.com/minio/minio/cmd.(*BatchJobPool).ResizeWorkers.gowrap2()
	github.com/minio/minio/cmd/batch-handlers.go:2044 +0x17 fp=0x393925e99fe0 sp=0x393925e99fc8 pc=0x26d4bf7
runtime.goexit({})
	runtime/asm_amd64.s:1771 +0x1 fp=0x393925e99fe8 sp=0x393925e99fe0 pc=0x4966c1
created by github.com/minio/minio/cmd.(*BatchJobPool).ResizeWorkers in goroutine 200
	github.com/minio/minio/cmd/batch-handlers.go:2044 +0x91

goroutine 611 gp=0x393925c4ba40 m=nil [select, 255 minutes]:
runtime.gopark(0x393925e9af80?, 0x3?, 0x0?, 0x0?, 0x393925e9ace2?)
	runtime/proc.go:462 +0xce fp=0x393925e9ab20 sp=0x393925e9ab00 pc=0x48eaee
runtime.selectgo(0x393925e9af80, 0x393925e9acdc, 0x0?, 0x0, 0x3?, 0x1)
	runtime/select.go:351 +0xaa5 fp=0x393925e9ac50 sp=0x393925e9ab20 pc=0x46a9a5
github.com/minio/minio/cmd.(*BatchJobPool).AddWorker(0x39391bf78480)
	github.com/minio/minio/cmd/batch-handlers.go:1983 +0xce fp=0x393925e9afc8 sp=0x393925e9ac50 pc=0x26d446e
github.com/minio/minio/cmd.(*BatchJobPool).ResizeWorkers.gowrap2()
	github.com/minio/minio/cmd/batch-handlers.go:2044 +0x17 fp=0x393925e9afe0 sp=0x393925e9afc8 pc=0x26d4bf7
runtime.goexit({})
	runtime/asm_amd64.s:1771 +0x1 fp=0x393925e9afe8 sp=0x393925e9afe0 pc=0x4966c1
created by github.com/minio/minio/cmd.(*BatchJobPool).ResizeWorkers in goroutine 200
	github.com/minio/minio/cmd/batch-handlers.go:2044 +0x91

goroutine 612 gp=0x393925c4bc20 m=nil [select, 255 minutes]:
runtime.gopark(0x393925ea3f80?, 0x3?, 0x0?, 0x0?, 0x393925ea3ce2?)
	runtime/proc.go:462 +0xce fp=0x393925ea3b20 sp=0x393925ea3b00 pc=0x48eaee
runtime.selectgo(0x393925ea3f80, 0x393925ea3cdc, 0x0?, 0x0, 0x3?, 0x1)
	runtime/select.go:351 +0xaa5 fp=0x393925ea3c50 sp=0x393925ea3b20 pc=0x46a9a5
github.com/minio/minio/cmd.(*BatchJobPool).AddWorker(0x39391bf78480)
	github.com/minio/minio/cmd/batch-handlers.go:1983 +0xce fp=0x393925ea3fc8 sp=0x393925ea3c50 pc=0x26d446e
github.com/minio/minio/cmd.(*BatchJobPool).ResizeWorkers.gowrap2()
	github.com/minio/minio/cmd/batch-handlers.go:2044 +0x17 fp=0x393925ea3fe0 sp=0x393925ea3fc8 pc=0x26d4bf7
runtime.goexit({})
	runtime/asm_amd64.s:1771 +0x1 fp=0x393925ea3fe8 sp=0x393925ea3fe0 pc=0x4966c1
created by github.com/minio/minio/cmd.(*BatchJobPool).ResizeWorkers in goroutine 200
	github.com/minio/minio/cmd/batch-handlers.go:2044 +0x91

goroutine 613 gp=0x393925c4c000 m=nil [select, 255 minutes]:
runtime.gopark(0x393925ea4f80?, 0x3?, 0x0?, 0x0?, 0x393925ea4ce2?)
	runtime/proc.go:462 +0xce fp=0x393925ea4b20 sp=0x393925ea4b00 pc=0x48eaee
runtime.selectgo(0x393925ea4f80, 0x393925ea4cdc, 0x0?, 0x0, 0x3?, 0x1)
	runtime/select.go:351 +0xaa5 fp=0x393925ea4c50 sp=0x393925ea4b20 pc=0x46a9a5
github.com/minio/minio/cmd.(*BatchJobPool).AddWorker(0x39391bf78480)
	github.com/minio/minio/cmd/batch-handlers.go:1983 +0xce fp=0x393925ea4fc8 sp=0x393925ea4c50 pc=0x26d446e
github.com/minio/minio/cmd.(*BatchJobPool).ResizeWorkers.gowrap2()
	github.com/minio/minio/cmd/batch-handlers.go:2044 +0x17 fp=0x393925ea4fe0 sp=0x393925ea4fc8 pc=0x26d4bf7
runtime.goexit({})
	runtime/asm_amd64.s:1771 +0x1 fp=0x393925ea4fe8 sp=0x393925ea4fe0 pc=0x4966c1
created by github.com/minio/minio/cmd.(*BatchJobPool).ResizeWorkers in goroutine 200
	github.com/minio/minio/cmd/batch-handlers.go:2044 +0x91

goroutine 614 gp=0x393925c4c1e0 m=nil [select, 255 minutes]:
runtime.gopark(0x393925ea5f80?, 0x3?, 0x0?, 0x0?, 0x393925ea5ce2?)
	runtime/proc.go:462 +0xce fp=0x393925ea5b20 sp=0x393925ea5b00 pc=0x48eaee
runtime.selectgo(0x393925ea5f80, 0x393925ea5cdc, 0x0?, 0x0, 0x3?, 0x1)
	runtime/select.go:351 +0xaa5 fp=0x393925ea5c50 sp=0x393925ea5b20 pc=0x46a9a5
github.com/minio/minio/cmd.(*BatchJobPool).AddWorker(0x39391bf78480)
	github.com/minio/minio/cmd/batch-handlers.go:1983 +0xce fp=0x393925ea5fc8 sp=0x393925ea5c50 pc=0x26d446e
github.com/minio/minio/cmd.(*BatchJobPool).ResizeWorkers.gowrap2()
	github.com/minio/minio/cmd/batch-handlers.go:2044 +0x17 fp=0x393925ea5fe0 sp=0x393925ea5fc8 pc=0x26d4bf7
runtime.goexit({})
	runtime/asm_amd64.s:1771 +0x1 fp=0x393925ea5fe8 sp=0x393925ea5fe0 pc=0x4966c1
created by github.com/minio/minio/cmd.(*BatchJobPool).ResizeWorkers in goroutine 200
	github.com/minio/minio/cmd/batch-handlers.go:2044 +0x91

goroutine 615 gp=0x393925c4c3c0 m=nil [select, 255 minutes]:
runtime.gopark(0x393925ea6f80?, 0x3?, 0x0?, 0x0?, 0x393925ea6ce2?)
	runtime/proc.go:462 +0xce fp=0x393925ea6b20 sp=0x393925ea6b00 pc=0x48eaee
runtime.selectgo(0x393925ea6f80, 0x393925ea6cdc, 0x0?, 0x0, 0x3?, 0x1)
	runtime/select.go:351 +0xaa5 fp=0x393925ea6c50 sp=0x393925ea6b20 pc=0x46a9a5
github.com/minio/minio/cmd.(*BatchJobPool).AddWorker(0x39391bf78480)
	github.com/minio/minio/cmd/batch-handlers.go:1983 +0xce fp=0x393925ea6fc8 sp=0x393925ea6c50 pc=0x26d446e
github.com/minio/minio/cmd.(*BatchJobPool).ResizeWorkers.gowrap2()
	github.com/minio/minio/cmd/batch-handlers.go:2044 +0x17 fp=0x393925ea6fe0 sp=0x393925ea6fc8 pc=0x26d4bf7
runtime.goexit({})
	runtime/asm_amd64.s:1771 +0x1 fp=0x393925ea6fe8 sp=0x393925ea6fe0 pc=0x4966c1
created by github.com/minio/minio/cmd.(*BatchJobPool).ResizeWorkers in goroutine 200
	github.com/minio/minio/cmd/batch-handlers.go:2044 +0x91

goroutine 616 gp=0x393925c4c5a0 m=nil [select, 255 minutes]:
runtime.gopark(0x393925eaff80?, 0x3?, 0x0?, 0x0?, 0x393925eafce2?)
	runtime/proc.go:462 +0xce fp=0x393925eafb20 sp=0x393925eafb00 pc=0x48eaee
runtime.selectgo(0x393925eaff80, 0x393925eafcdc, 0x0?, 0x0, 0x3?, 0x1)
	runtime/select.go:351 +0xaa5 fp=0x393925eafc50 sp=0x393925eafb20 pc=0x46a9a5
github.com/minio/minio/cmd.(*BatchJobPool).AddWorker(0x39391bf78480)
	github.com/minio/minio/cmd/batch-handlers.go:1983 +0xce fp=0x393925eaffc8 sp=0x393925eafc50 pc=0x26d446e
github.com/minio/minio/cmd.(*BatchJobPool).ResizeWorkers.gowrap2()
	github.com/minio/minio/cmd/batch-handlers.go:2044 +0x17 fp=0x393925eaffe0 sp=0x393925eaffc8 pc=0x26d4bf7
runtime.goexit({})
	runtime/asm_amd64.s:1771 +0x1 fp=0x393925eaffe8 sp=0x393925eaffe0 pc=0x4966c1
created by github.com/minio/minio/cmd.(*BatchJobPool).ResizeWorkers in goroutine 200
	github.com/minio/minio/cmd/batch-handlers.go:2044 +0x91

goroutine 617 gp=0x393925c4c780 m=nil [select, 255 minutes]:
runtime.gopark(0x393925ea0f80?, 0x3?, 0x0?, 0x0?, 0x393925ea0ce2?)
	runtime/proc.go:462 +0xce fp=0x393925ea0b20 sp=0x393925ea0b00 pc=0x48eaee
runtime.selectgo(0x393925ea0f80, 0x393925ea0cdc, 0x0?, 0x0, 0x3?, 0x1)
	runtime/select.go:351 +0xaa5 fp=0x393925ea0c50 sp=0x393925ea0b20 pc=0x46a9a5
github.com/minio/minio/cmd.(*BatchJobPool).AddWorker(0x39391bf78480)
	github.com/minio/minio/cmd/batch-handlers.go:1983 +0xce fp=0x393925ea0fc8 sp=0x393925ea0c50 pc=0x26d446e
github.com/minio/minio/cmd.(*BatchJobPool).ResizeWorkers.gowrap2()
	github.com/minio/minio/cmd/batch-handlers.go:2044 +0x17 fp=0x393925ea0fe0 sp=0x393925ea0fc8 pc=0x26d4bf7
runtime.goexit({})
	runtime/asm_amd64.s:1771 +0x1 fp=0x393925ea0fe8 sp=0x393925ea0fe0 pc=0x4966c1
created by github.com/minio/minio/cmd.(*BatchJobPool).ResizeWorkers in goroutine 200
	github.com/minio/minio/cmd/batch-handlers.go:2044 +0x91

goroutine 618 gp=0x393925c4c960 m=nil [select, 255 minutes]:
runtime.gopark(0x393925ce3f80?, 0x3?, 0x68?, 0x0?, 0x393925ce3ce2?)
	runtime/proc.go:462 +0xce fp=0x393925ce3b20 sp=0x393925ce3b00 pc=0x48eaee
runtime.selectgo(0x393925ce3f80, 0x393925ce3cdc, 0x0?, 0x0, 0x3?, 0x1)
	runtime/select.go:351 +0xaa5 fp=0x393925ce3c50 sp=0x393925ce3b20 pc=0x46a9a5
github.com/minio/minio/cmd.(*BatchJobPool).AddWorker(0x39391bf78480)
	github.com/minio/minio/cmd/batch-handlers.go:1983 +0xce fp=0x393925ce3fc8 sp=0x393925ce3c50 pc=0x26d446e
github.com/minio/minio/cmd.(*BatchJobPool).ResizeWorkers.gowrap2()
	github.com/minio/minio/cmd/batch-handlers.go:2044 +0x17 fp=0x393925ce3fe0 sp=0x393925ce3fc8 pc=0x26d4bf7
runtime.goexit({})
	runtime/asm_amd64.s:1771 +0x1 fp=0x393925ce3fe8 sp=0x393925ce3fe0 pc=0x4966c1
created by github.com/minio/minio/cmd.(*BatchJobPool).ResizeWorkers in goroutine 200
	github.com/minio/minio/cmd/batch-handlers.go:2044 +0x91

goroutine 619 gp=0x393925c4cb40 m=nil [select, 255 minutes]:
runtime.gopark(0x393925c43f80?, 0x3?, 0x0?, 0x0?, 0x393925c43ce2?)
	runtime/proc.go:462 +0xce fp=0x393925c43b20 sp=0x393925c43b00 pc=0x48eaee
runtime.selectgo(0x393925c43f80, 0x393925c43cdc, 0x0?, 0x0, 0x3?, 0x1)
	runtime/select.go:351 +0xaa5 fp=0x393925c43c50 sp=0x393925c43b20 pc=0x46a9a5
github.com/minio/minio/cmd.(*BatchJobPool).AddWorker(0x39391bf78480)
	github.com/minio/minio/cmd/batch-handlers.go:1983 +0xce fp=0x393925c43fc8 sp=0x393925c43c50 pc=0x26d446e
github.com/minio/minio/cmd.(*BatchJobPool).ResizeWorkers.gowrap2()
	github.com/minio/minio/cmd/batch-handlers.go:2044 +0x17 fp=0x393925c43fe0 sp=0x393925c43fc8 pc=0x26d4bf7
runtime.goexit({})
	runtime/asm_amd64.s:1771 +0x1 fp=0x393925c43fe8 sp=0x393925c43fe0 pc=0x4966c1
created by github.com/minio/minio/cmd.(*BatchJobPool).ResizeWorkers in goroutine 200
	github.com/minio/minio/cmd/batch-handlers.go:2044 +0x91

goroutine 620 gp=0x393925c4cd20 m=nil [select, 255 minutes]:
runtime.gopark(0x393925c44f80?, 0x3?, 0x0?, 0x0?, 0x393925c44ce2?)
	runtime/proc.go:462 +0xce fp=0x393925c44b20 sp=0x393925c44b00 pc=0x48eaee
runtime.selectgo(0x393925c44f80, 0x393925c44cdc, 0x0?, 0x0, 0x3?, 0x1)
	runtime/select.go:351 +0xaa5 fp=0x393925c44c50 sp=0x393925c44b20 pc=0x46a9a5
github.com/minio/minio/cmd.(*BatchJobPool).AddWorker(0x39391bf78480)
	github.com/minio/minio/cmd/batch-handlers.go:1983 +0xce fp=0x393925c44fc8 sp=0x393925c44c50 pc=0x26d446e
github.com/minio/minio/cmd.(*BatchJobPool).ResizeWorkers.gowrap2()
	github.com/minio/minio/cmd/batch-handlers.go:2044 +0x17 fp=0x393925c44fe0 sp=0x393925c44fc8 pc=0x26d4bf7
runtime.goexit({})
	runtime/asm_amd64.s:1771 +0x1 fp=0x393925c44fe8 sp=0x393925c44fe0 pc=0x4966c1
created by github.com/minio/minio/cmd.(*BatchJobPool).ResizeWorkers in goroutine 200
	github.com/minio/minio/cmd/batch-handlers.go:2044 +0x91

goroutine 621 gp=0x393925c4cf00 m=nil [select, 255 minutes]:
runtime.gopark(0x393925c45f80?, 0x3?, 0x0?, 0x0?, 0x393925c45ce2?)
	runtime/proc.go:462 +0xce fp=0x393925c45b20 sp=0x393925c45b00 pc=0x48eaee
runtime.selectgo(0x393925c45f80, 0x393925c45cdc, 0x0?, 0x0, 0x3?, 0x1)
	runtime/select.go:351 +0xaa5 fp=0x393925c45c50 sp=0x393925c45b20 pc=0x46a9a5
github.com/minio/minio/cmd.(*BatchJobPool).AddWorker(0x39391bf78480)
	github.com/minio/minio/cmd/batch-handlers.go:1983 +0xce fp=0x393925c45fc8 sp=0x393925c45c50 pc=0x26d446e
github.com/minio/minio/cmd.(*BatchJobPool).ResizeWorkers.gowrap2()
	github.com/minio/minio/cmd/batch-handlers.go:2044 +0x17 fp=0x393925c45fe0 sp=0x393925c45fc8 pc=0x26d4bf7
runtime.goexit({})
	runtime/asm_amd64.s:1771 +0x1 fp=0x393925c45fe8 sp=0x393925c45fe0 pc=0x4966c1
created by github.com/minio/minio/cmd.(*BatchJobPool).ResizeWorkers in goroutine 200
	github.com/minio/minio/cmd/batch-handlers.go:2044 +0x91

goroutine 622 gp=0x393925c4d0e0 m=nil [select, 255 minutes]:
runtime.gopark(0x393925c46f80?, 0x3?, 0x0?, 0x0?, 0x393925c46ce2?)
	runtime/proc.go:462 +0xce fp=0x393925c46b20 sp=0x393925c46b00 pc=0x48eaee
runtime.selectgo(0x393925c46f80, 0x393925c46cdc, 0x0?, 0x0, 0x3?, 0x1)
	runtime/select.go:351 +0xaa5 fp=0x393925c46c50 sp=0x393925c46b20 pc=0x46a9a5
github.com/minio/minio/cmd.(*BatchJobPool).AddWorker(0x39391bf78480)
	github.com/minio/minio/cmd/batch-handlers.go:1983 +0xce fp=0x393925c46fc8 sp=0x393925c46c50 pc=0x26d446e
github.com/minio/minio/cmd.(*BatchJobPool).ResizeWorkers.gowrap2()
	github.com/minio/minio/cmd/batch-handlers.go:2044 +0x17 fp=0x393925c46fe0 sp=0x393925c46fc8 pc=0x26d4bf7
runtime.goexit({})
	runtime/asm_amd64.s:1771 +0x1 fp=0x393925c46fe8 sp=0x393925c46fe0 pc=0x4966c1
created by github.com/minio/minio/cmd.(*BatchJobPool).ResizeWorkers in goroutine 200
	github.com/minio/minio/cmd/batch-handlers.go:2044 +0x91

goroutine 623 gp=0x393925c4d2c0 m=nil [select, 255 minutes]:
runtime.gopark(0x393925f03f80?, 0x3?, 0x0?, 0x0?, 0x393925f03ce2?)
	runtime/proc.go:462 +0xce fp=0x393925f03b20 sp=0x393925f03b00 pc=0x48eaee
runtime.selectgo(0x393925f03f80, 0x393925f03cdc, 0x0?, 0x0, 0x3?, 0x1)
	runtime/select.go:351 +0xaa5 fp=0x393925f03c50 sp=0x393925f03b20 pc=0x46a9a5
github.com/minio/minio/cmd.(*BatchJobPool).AddWorker(0x39391bf78480)
	github.com/minio/minio/cmd/batch-handlers.go:1983 +0xce fp=0x393925f03fc8 sp=0x393925f03c50 pc=0x26d446e
github.com/minio/minio/cmd.(*BatchJobPool).ResizeWorkers.gowrap2()
	github.com/minio/minio/cmd/batch-handlers.go:2044 +0x17 fp=0x393925f03fe0 sp=0x393925f03fc8 pc=0x26d4bf7
runtime.goexit({})
	runtime/asm_amd64.s:1771 +0x1 fp=0x393925f03fe8 sp=0x393925f03fe0 pc=0x4966c1
created by github.com/minio/minio/cmd.(*BatchJobPool).ResizeWorkers in goroutine 200
	github.com/minio/minio/cmd/batch-handlers.go:2044 +0x91

goroutine 624 gp=0x393925c4d4a0 m=nil [select, 255 minutes]:
runtime.gopark(0x393925f04f80?, 0x3?, 0x0?, 0x0?, 0x393925f04ce2?)
	runtime/proc.go:462 +0xce fp=0x393925f04b20 sp=0x393925f04b00 pc=0x48eaee
runtime.selectgo(0x393925f04f80, 0x393925f04cdc, 0x0?, 0x0, 0x3?, 0x1)
	runtime/select.go:351 +0xaa5 fp=0x393925f04c50 sp=0x393925f04b20 pc=0x46a9a5
github.com/minio/minio/cmd.(*BatchJobPool).AddWorker(0x39391bf78480)
	github.com/minio/minio/cmd/batch-handlers.go:1983 +0xce fp=0x393925f04fc8 sp=0x393925f04c50 pc=0x26d446e
github.com/minio/minio/cmd.(*BatchJobPool).ResizeWorkers.gowrap2()
	github.com/minio/minio/cmd/batch-handlers.go:2044 +0x17 fp=0x393925f04fe0 sp=0x393925f04fc8 pc=0x26d4bf7
runtime.goexit({})
	runtime/asm_amd64.s:1771 +0x1 fp=0x393925f04fe8 sp=0x393925f04fe0 pc=0x4966c1
created by github.com/minio/minio/cmd.(*BatchJobPool).ResizeWorkers in goroutine 200
	github.com/minio/minio/cmd/batch-handlers.go:2044 +0x91

goroutine 625 gp=0x393925c4d680 m=nil [select, 255 minutes]:
runtime.gopark(0x393925f05f80?, 0x3?, 0x0?, 0x0?, 0x393925f05ce2?)
	runtime/proc.go:462 +0xce fp=0x393925f05b20 sp=0x393925f05b00 pc=0x48eaee
runtime.selectgo(0x393925f05f80, 0x393925f05cdc, 0x0?, 0x0, 0x3?, 0x1)
	runtime/select.go:351 +0xaa5 fp=0x393925f05c50 sp=0x393925f05b20 pc=0x46a9a5
github.com/minio/minio/cmd.(*BatchJobPool).AddWorker(0x39391bf78480)
	github.com/minio/minio/cmd/batch-handlers.go:1983 +0xce fp=0x393925f05fc8 sp=0x393925f05c50 pc=0x26d446e
github.com/minio/minio/cmd.(*BatchJobPool).ResizeWorkers.gowrap2()
	github.com/minio/minio/cmd/batch-handlers.go:2044 +0x17 fp=0x393925f05fe0 sp=0x393925f05fc8 pc=0x26d4bf7
runtime.goexit({})
	runtime/asm_amd64.s:1771 +0x1 fp=0x393925f05fe8 sp=0x393925f05fe0 pc=0x4966c1
created by github.com/minio/minio/cmd.(*BatchJobPool).ResizeWorkers in goroutine 200
	github.com/minio/minio/cmd/batch-handlers.go:2044 +0x91

goroutine 626 gp=0x393925c4d860 m=nil [select, 255 minutes]:
runtime.gopark(0x393925f06f80?, 0x3?, 0x0?, 0x0?, 0x393925f06ce2?)
	runtime/proc.go:462 +0xce fp=0x393925f06b20 sp=0x393925f06b00 pc=0x48eaee
runtime.selectgo(0x393925f06f80, 0x393925f06cdc, 0x0?, 0x0, 0x3?, 0x1)
	runtime/select.go:351 +0xaa5 fp=0x393925f06c50 sp=0x393925f06b20 pc=0x46a9a5
github.com/minio/minio/cmd.(*BatchJobPool).AddWorker(0x39391bf78480)
	github.com/minio/minio/cmd/batch-handlers.go:1983 +0xce fp=0x393925f06fc8 sp=0x393925f06c50 pc=0x26d446e
github.com/minio/minio/cmd.(*BatchJobPool).ResizeWorkers.gowrap2()
	github.com/minio/minio/cmd/batch-handlers.go:2044 +0x17 fp=0x393925f06fe0 sp=0x393925f06fc8 pc=0x26d4bf7
runtime.goexit({})
	runtime/asm_amd64.s:1771 +0x1 fp=0x393925f06fe8 sp=0x393925f06fe0 pc=0x4966c1
created by github.com/minio/minio/cmd.(*BatchJobPool).ResizeWorkers in goroutine 200
	github.com/minio/minio/cmd/batch-handlers.go:2044 +0x91

goroutine 627 gp=0x393925c4da40 m=nil [select, 255 minutes]:
runtime.gopark(0x393925f0bf80?, 0x3?, 0x0?, 0x0?, 0x393925f0bce2?)
	runtime/proc.go:462 +0xce fp=0x393925f0bb20 sp=0x393925f0bb00 pc=0x48eaee
runtime.selectgo(0x393925f0bf80, 0x393925f0bcdc, 0x0?, 0x0, 0x3?, 0x1)
	runtime/select.go:351 +0xaa5 fp=0x393925f0bc50 sp=0x393925f0bb20 pc=0x46a9a5
github.com/minio/minio/cmd.(*BatchJobPool).AddWorker(0x39391bf78480)
	github.com/minio/minio/cmd/batch-handlers.go:1983 +0xce fp=0x393925f0bfc8 sp=0x393925f0bc50 pc=0x26d446e
github.com/minio/minio/cmd.(*BatchJobPool).ResizeWorkers.gowrap2()
	github.com/minio/minio/cmd/batch-handlers.go:2044 +0x17 fp=0x393925f0bfe0 sp=0x393925f0bfc8 pc=0x26d4bf7
runtime.goexit({})
	runtime/asm_amd64.s:1771 +0x1 fp=0x393925f0bfe8 sp=0x393925f0bfe0 pc=0x4966c1
created by github.com/minio/minio/cmd.(*BatchJobPool).ResizeWorkers in goroutine 200
	github.com/minio/minio/cmd/batch-handlers.go:2044 +0x91

goroutine 628 gp=0x393925c4dc20 m=nil [select, 255 minutes]:
runtime.gopark(0x393925f0cf80?, 0x3?, 0x0?, 0x0?, 0x393925f0cce2?)
	runtime/proc.go:462 +0xce fp=0x393925f0cb20 sp=0x393925f0cb00 pc=0x48eaee
runtime.selectgo(0x393925f0cf80, 0x393925f0ccdc, 0x0?, 0x0, 0x3?, 0x1)
	runtime/select.go:351 +0xaa5 fp=0x393925f0cc50 sp=0x393925f0cb20 pc=0x46a9a5
github.com/minio/minio/cmd.(*BatchJobPool).AddWorker(0x39391bf78480)
	github.com/minio/minio/cmd/batch-handlers.go:1983 +0xce fp=0x393925f0cfc8 sp=0x393925f0cc50 pc=0x26d446e
github.com/minio/minio/cmd.(*BatchJobPool).ResizeWorkers.gowrap2()
	github.com/minio/minio/cmd/batch-handlers.go:2044 +0x17 fp=0x393925f0cfe0 sp=0x393925f0cfc8 pc=0x26d4bf7
runtime.goexit({})
	runtime/asm_amd64.s:1771 +0x1 fp=0x393925f0cfe8 sp=0x393925f0cfe0 pc=0x4966c1
created by github.com/minio/minio/cmd.(*BatchJobPool).ResizeWorkers in goroutine 200
	github.com/minio/minio/cmd/batch-handlers.go:2044 +0x91

goroutine 629 gp=0x393925c4e000 m=nil [select, 255 minutes]:
runtime.gopark(0x393925f0df80?, 0x3?, 0x0?, 0x0?, 0x393925f0dce2?)
	runtime/proc.go:462 +0xce fp=0x393925f0db20 sp=0x393925f0db00 pc=0x48eaee
runtime.selectgo(0x393925f0df80, 0x393925f0dcdc, 0x0?, 0x0, 0x3?, 0x1)
	runtime/select.go:351 +0xaa5 fp=0x393925f0dc50 sp=0x393925f0db20 pc=0x46a9a5
github.com/minio/minio/cmd.(*BatchJobPool).AddWorker(0x39391bf78480)
	github.com/minio/minio/cmd/batch-handlers.go:1983 +0xce fp=0x393925f0dfc8 sp=0x393925f0dc50 pc=0x26d446e
github.com/minio/minio/cmd.(*BatchJobPool).ResizeWorkers.gowrap2()
	github.com/minio/minio/cmd/batch-handlers.go:2044 +0x17 fp=0x393925f0dfe0 sp=0x393925f0dfc8 pc=0x26d4bf7
runtime.goexit({})
	runtime/asm_amd64.s:1771 +0x1 fp=0x393925f0dfe8 sp=0x393925f0dfe0 pc=0x4966c1
created by github.com/minio/minio/cmd.(*BatchJobPool).ResizeWorkers in goroutine 200
	github.com/minio/minio/cmd/batch-handlers.go:2044 +0x91

goroutine 630 gp=0x393925c4e1e0 m=nil [select, 255 minutes]:
runtime.gopark(0x393925f0ef80?, 0x3?, 0x0?, 0x0?, 0x393925f0ece2?)
	runtime/proc.go:462 +0xce fp=0x393925f0eb20 sp=0x393925f0eb00 pc=0x48eaee
runtime.selectgo(0x393925f0ef80, 0x393925f0ecdc, 0x0?, 0x0, 0x3?, 0x1)
	runtime/select.go:351 +0xaa5 fp=0x393925f0ec50 sp=0x393925f0eb20 pc=0x46a9a5
github.com/minio/minio/cmd.(*BatchJobPool).AddWorker(0x39391bf78480)
	github.com/minio/minio/cmd/batch-handlers.go:1983 +0xce fp=0x393925f0efc8 sp=0x393925f0ec50 pc=0x26d446e
github.com/minio/minio/cmd.(*BatchJobPool).ResizeWorkers.gowrap2()
	github.com/minio/minio/cmd/batch-handlers.go:2044 +0x17 fp=0x393925f0efe0 sp=0x393925f0efc8 pc=0x26d4bf7
runtime.goexit({})
	runtime/asm_amd64.s:1771 +0x1 fp=0x393925f0efe8 sp=0x393925f0efe0 pc=0x4966c1
created by github.com/minio/minio/cmd.(*BatchJobPool).ResizeWorkers in goroutine 200
	github.com/minio/minio/cmd/batch-handlers.go:2044 +0x91

goroutine 631 gp=0x393925c4e3c0 m=nil [select, 255 minutes]:
runtime.gopark(0x393925eb9f80?, 0x3?, 0x0?, 0x0?, 0x393925eb9ce2?)
	runtime/proc.go:462 +0xce fp=0x393925eb9b20 sp=0x393925eb9b00 pc=0x48eaee
runtime.selectgo(0x393925eb9f80, 0x393925eb9cdc, 0x0?, 0x0, 0x3?, 0x1)
	runtime/select.go:351 +0xaa5 fp=0x393925eb9c50 sp=0x393925eb9b20 pc=0x46a9a5
github.com/minio/minio/cmd.(*BatchJobPool).AddWorker(0x39391bf78480)
	github.com/minio/minio/cmd/batch-handlers.go:1983 +0xce fp=0x393925eb9fc8 sp=0x393925eb9c50 pc=0x26d446e
github.com/minio/minio/cmd.(*BatchJobPool).ResizeWorkers.gowrap2()
	github.com/minio/minio/cmd/batch-handlers.go:2044 +0x17 fp=0x393925eb9fe0 sp=0x393925eb9fc8 pc=0x26d4bf7
runtime.goexit({})
	runtime/asm_amd64.s:1771 +0x1 fp=0x393925eb9fe8 sp=0x393925eb9fe0 pc=0x4966c1
created by github.com/minio/minio/cmd.(*BatchJobPool).ResizeWorkers in goroutine 200
	github.com/minio/minio/cmd/batch-handlers.go:2044 +0x91

goroutine 632 gp=0x393925c4e5a0 m=nil [select, 255 minutes]:
runtime.gopark(0x393925f08f80?, 0x3?, 0x0?, 0x0?, 0x393925f08ce2?)
	runtime/proc.go:462 +0xce fp=0x393925f08b20 sp=0x393925f08b00 pc=0x48eaee
runtime.selectgo(0x393925f08f80, 0x393925f08cdc, 0x0?, 0x0, 0x3?, 0x1)
	runtime/select.go:351 +0xaa5 fp=0x393925f08c50 sp=0x393925f08b20 pc=0x46a9a5
github.com/minio/minio/cmd.(*BatchJobPool).AddWorker(0x39391bf78480)
	github.com/minio/minio/cmd/batch-handlers.go:1983 +0xce fp=0x393925f08fc8 sp=0x393925f08c50 pc=0x26d446e
github.com/minio/minio/cmd.(*BatchJobPool).ResizeWorkers.gowrap2()
	github.com/minio/minio/cmd/batch-handlers.go:2044 +0x17 fp=0x393925f08fe0 sp=0x393925f08fc8 pc=0x26d4bf7
runtime.goexit({})
	runtime/asm_amd64.s:1771 +0x1 fp=0x393925f08fe8 sp=0x393925f08fe0 pc=0x4966c1
created by github.com/minio/minio/cmd.(*BatchJobPool).ResizeWorkers in goroutine 200
	github.com/minio/minio/cmd/batch-handlers.go:2044 +0x91

goroutine 633 gp=0x393925c4e780 m=nil [select, 255 minutes]:
runtime.gopark(0x393925f09f80?, 0x3?, 0x0?, 0x0?, 0x393925f09ce2?)
	runtime/proc.go:462 +0xce fp=0x393925f09b20 sp=0x393925f09b00 pc=0x48eaee
runtime.selectgo(0x393925f09f80, 0x393925f09cdc, 0x0?, 0x0, 0x3?, 0x1)
	runtime/select.go:351 +0xaa5 fp=0x393925f09c50 sp=0x393925f09b20 pc=0x46a9a5
github.com/minio/minio/cmd.(*BatchJobPool).AddWorker(0x39391bf78480)
	github.com/minio/minio/cmd/batch-handlers.go:1983 +0xce fp=0x393925f09fc8 sp=0x393925f09c50 pc=0x26d446e
github.com/minio/minio/cmd.(*BatchJobPool).ResizeWorkers.gowrap2()
	github.com/minio/minio/cmd/batch-handlers.go:2044 +0x17 fp=0x393925f09fe0 sp=0x393925f09fc8 pc=0x26d4bf7
runtime.goexit({})
	runtime/asm_amd64.s:1771 +0x1 fp=0x393925f09fe8 sp=0x393925f09fe0 pc=0x4966c1
created by github.com/minio/minio/cmd.(*BatchJobPool).ResizeWorkers in goroutine 200
	github.com/minio/minio/cmd/batch-handlers.go:2044 +0x91

goroutine 634 gp=0x393925c4e960 m=nil [select, 255 minutes]:
runtime.gopark(0x393925f0af80?, 0x3?, 0x0?, 0x0?, 0x393925f0ace2?)
	runtime/proc.go:462 +0xce fp=0x393925f0ab20 sp=0x393925f0ab00 pc=0x48eaee
runtime.selectgo(0x393925f0af80, 0x393925f0acdc, 0x0?, 0x0, 0x3?, 0x1)
	runtime/select.go:351 +0xaa5 fp=0x393925f0ac50 sp=0x393925f0ab20 pc=0x46a9a5
github.com/minio/minio/cmd.(*BatchJobPool).AddWorker(0x39391bf78480)
	github.com/minio/minio/cmd/batch-handlers.go:1983 +0xce fp=0x393925f0afc8 sp=0x393925f0ac50 pc=0x26d446e
github.com/minio/minio/cmd.(*BatchJobPool).ResizeWorkers.gowrap2()
	github.com/minio/minio/cmd/batch-handlers.go:2044 +0x17 fp=0x393925f0afe0 sp=0x393925f0afc8 pc=0x26d4bf7
runtime.goexit({})
	runtime/asm_amd64.s:1771 +0x1 fp=0x393925f0afe8 sp=0x393925f0afe0 pc=0x4966c1
created by github.com/minio/minio/cmd.(*BatchJobPool).ResizeWorkers in goroutine 200
	github.com/minio/minio/cmd/batch-handlers.go:2044 +0x91

goroutine 635 gp=0x393925c4eb40 m=nil [select, 255 minutes]:
runtime.gopark(0x393925cebf80?, 0x3?, 0x1b?, 0xa5?, 0x393925cebce2?)
	runtime/proc.go:462 +0xce fp=0x393925cebb20 sp=0x393925cebb00 pc=0x48eaee
runtime.selectgo(0x393925cebf80, 0x393925cebcdc, 0x0?, 0x0, 0x3?, 0x1)
	runtime/select.go:351 +0xaa5 fp=0x393925cebc50 sp=0x393925cebb20 pc=0x46a9a5
github.com/minio/minio/cmd.(*BatchJobPool).AddWorker(0x39391bf78480)
	github.com/minio/minio/cmd/batch-handlers.go:1983 +0xce fp=0x393925cebfc8 sp=0x393925cebc50 pc=0x26d446e
github.com/minio/minio/cmd.(*BatchJobPool).ResizeWorkers.gowrap2()
	github.com/minio/minio/cmd/batch-handlers.go:2044 +0x17 fp=0x393925cebfe0 sp=0x393925cebfc8 pc=0x26d4bf7
runtime.goexit({})
	runtime/asm_amd64.s:1771 +0x1 fp=0x393925cebfe8 sp=0x393925cebfe0 pc=0x4966c1
created by github.com/minio/minio/cmd.(*BatchJobPool).ResizeWorkers in goroutine 200
	github.com/minio/minio/cmd/batch-handlers.go:2044 +0x91

goroutine 636 gp=0x393925c4ed20 m=nil [select, 255 minutes]:
runtime.gopark(0x393925cecf80?, 0x3?, 0x0?, 0x0?, 0x393925cecce2?)
	runtime/proc.go:462 +0xce fp=0x393925cecb20 sp=0x393925cecb00 pc=0x48eaee
runtime.selectgo(0x393925cecf80, 0x393925ceccdc, 0x0?, 0x0, 0x3?, 0x1)
	runtime/select.go:351 +0xaa5 fp=0x393925cecc50 sp=0x393925cecb20 pc=0x46a9a5
github.com/minio/minio/cmd.(*BatchJobPool).AddWorker(0x39391bf78480)
	github.com/minio/minio/cmd/batch-handlers.go:1983 +0xce fp=0x393925cecfc8 sp=0x393925cecc50 pc=0x26d446e
github.com/minio/minio/cmd.(*BatchJobPool).ResizeWorkers.gowrap2()
	github.com/minio/minio/cmd/batch-handlers.go:2044 +0x17 fp=0x393925cecfe0 sp=0x393925cecfc8 pc=0x26d4bf7
runtime.goexit({})
	runtime/asm_amd64.s:1771 +0x1 fp=0x393925cecfe8 sp=0x393925cecfe0 pc=0x4966c1
created by github.com/minio/minio/cmd.(*BatchJobPool).ResizeWorkers in goroutine 200
	github.com/minio/minio/cmd/batch-handlers.go:2044 +0x91

goroutine 637 gp=0x393925c4ef00 m=nil [select, 255 minutes]:
runtime.gopark(0x393925eb3f80?, 0x3?, 0x0?, 0x0?, 0x393925eb3ce2?)
	runtime/proc.go:462 +0xce fp=0x393925eb3b20 sp=0x393925eb3b00 pc=0x48eaee
runtime.selectgo(0x393925eb3f80, 0x393925eb3cdc, 0x0?, 0x0, 0x3?, 0x1)
	runtime/select.go:351 +0xaa5 fp=0x393925eb3c50 sp=0x393925eb3b20 pc=0x46a9a5
github.com/minio/minio/cmd.(*BatchJobPool).AddWorker(0x39391bf78480)
	github.com/minio/minio/cmd/batch-handlers.go:1983 +0xce fp=0x393925eb3fc8 sp=0x393925eb3c50 pc=0x26d446e
github.com/minio/minio/cmd.(*BatchJobPool).ResizeWorkers.gowrap2()
	github.com/minio/minio/cmd/batch-handlers.go:2044 +0x17 fp=0x393925eb3fe0 sp=0x393925eb3fc8 pc=0x26d4bf7
runtime.goexit({})
	runtime/asm_amd64.s:1771 +0x1 fp=0x393925eb3fe8 sp=0x393925eb3fe0 pc=0x4966c1
created by github.com/minio/minio/cmd.(*BatchJobPool).ResizeWorkers in goroutine 200
	github.com/minio/minio/cmd/batch-handlers.go:2044 +0x91

goroutine 638 gp=0x393925c4f0e0 m=nil [select, 255 minutes]:
runtime.gopark(0x393925eb4f80?, 0x3?, 0x0?, 0x0?, 0x393925eb4ce2?)
	runtime/proc.go:462 +0xce fp=0x393925eb4b20 sp=0x393925eb4b00 pc=0x48eaee
runtime.selectgo(0x393925eb4f80, 0x393925eb4cdc, 0x0?, 0x0, 0x3?, 0x1)
	runtime/select.go:351 +0xaa5 fp=0x393925eb4c50 sp=0x393925eb4b20 pc=0x46a9a5
github.com/minio/minio/cmd.(*BatchJobPool).AddWorker(0x39391bf78480)
	github.com/minio/minio/cmd/batch-handlers.go:1983 +0xce fp=0x393925eb4fc8 sp=0x393925eb4c50 pc=0x26d446e
github.com/minio/minio/cmd.(*BatchJobPool).ResizeWorkers.gowrap2()
	github.com/minio/minio/cmd/batch-handlers.go:2044 +0x17 fp=0x393925eb4fe0 sp=0x393925eb4fc8 pc=0x26d4bf7
runtime.goexit({})
	runtime/asm_amd64.s:1771 +0x1 fp=0x393925eb4fe8 sp=0x393925eb4fe0 pc=0x4966c1
created by github.com/minio/minio/cmd.(*BatchJobPool).ResizeWorkers in goroutine 200
	github.com/minio/minio/cmd/batch-handlers.go:2044 +0x91

goroutine 639 gp=0x393925c4f2c0 m=nil [select, 255 minutes]:
runtime.gopark(0x393925eb2f80?, 0x3?, 0x0?, 0x0?, 0x393925eb2ce2?)
	runtime/proc.go:462 +0xce fp=0x393925eb2b20 sp=0x393925eb2b00 pc=0x48eaee
runtime.selectgo(0x393925eb2f80, 0x393925eb2cdc, 0x0?, 0x0, 0x3?, 0x1)
	runtime/select.go:351 +0xaa5 fp=0x393925eb2c50 sp=0x393925eb2b20 pc=0x46a9a5
github.com/minio/minio/cmd.(*BatchJobPool).AddWorker(0x39391bf78480)
	github.com/minio/minio/cmd/batch-handlers.go:1983 +0xce fp=0x393925eb2fc8 sp=0x393925eb2c50 pc=0x26d446e
github.com/minio/minio/cmd.(*BatchJobPool).ResizeWorkers.gowrap2()
	github.com/minio/minio/cmd/batch-handlers.go:2044 +0x17 fp=0x393925eb2fe0 sp=0x393925eb2fc8 pc=0x26d4bf7
runtime.goexit({})
	runtime/asm_amd64.s:1771 +0x1 fp=0x393925eb2fe8 sp=0x393925eb2fe0 pc=0x4966c1
created by github.com/minio/minio/cmd.(*BatchJobPool).ResizeWorkers in goroutine 200
	github.com/minio/minio/cmd/batch-handlers.go:2044 +0x91

goroutine 640 gp=0x393925c4f4a0 m=nil [select, 255 minutes]:
runtime.gopark(0x393925cedf80?, 0x3?, 0x0?, 0x0?, 0x393925cedce2?)
	runtime/proc.go:462 +0xce fp=0x393925cedb20 sp=0x393925cedb00 pc=0x48eaee
runtime.selectgo(0x393925cedf80, 0x393925cedcdc, 0x0?, 0x0, 0x3?, 0x1)
	runtime/select.go:351 +0xaa5 fp=0x393925cedc50 sp=0x393925cedb20 pc=0x46a9a5
github.com/minio/minio/cmd.(*BatchJobPool).AddWorker(0x39391bf78480)
	github.com/minio/minio/cmd/batch-handlers.go:1983 +0xce fp=0x393925cedfc8 sp=0x393925cedc50 pc=0x26d446e
github.com/minio/minio/cmd.(*BatchJobPool).ResizeWorkers.gowrap2()
	github.com/minio/minio/cmd/batch-handlers.go:2044 +0x17 fp=0x393925cedfe0 sp=0x393925cedfc8 pc=0x26d4bf7
runtime.goexit({})
	runtime/asm_amd64.s:1771 +0x1 fp=0x393925cedfe8 sp=0x393925cedfe0 pc=0x4966c1
created by github.com/minio/minio/cmd.(*BatchJobPool).ResizeWorkers in goroutine 200
	github.com/minio/minio/cmd/batch-handlers.go:2044 +0x91

goroutine 641 gp=0x393925c4f680 m=nil [select, 255 minutes]:
runtime.gopark(0x393925ceef80?, 0x3?, 0xe9?, 0x98?, 0x393925ceece2?)
	runtime/proc.go:462 +0xce fp=0x393925ceeb20 sp=0x393925ceeb00 pc=0x48eaee
runtime.selectgo(0x393925ceef80, 0x393925ceecdc, 0x0?, 0x0, 0x3?, 0x1)
	runtime/select.go:351 +0xaa5 fp=0x393925ceec50 sp=0x393925ceeb20 pc=0x46a9a5
github.com/minio/minio/cmd.(*BatchJobPool).AddWorker(0x39391bf78480)
	github.com/minio/minio/cmd/batch-handlers.go:1983 +0xce fp=0x393925ceefc8 sp=0x393925ceec50 pc=0x26d446e
github.com/minio/minio/cmd.(*BatchJobPool).ResizeWorkers.gowrap2()
	github.com/minio/minio/cmd/batch-handlers.go:2044 +0x17 fp=0x393925ceefe0 sp=0x393925ceefc8 pc=0x26d4bf7
runtime.goexit({})
	runtime/asm_amd64.s:1771 +0x1 fp=0x393925ceefe8 sp=0x393925ceefe0 pc=0x4966c1
created by github.com/minio/minio/cmd.(*BatchJobPool).ResizeWorkers in goroutine 200
	github.com/minio/minio/cmd/batch-handlers.go:2044 +0x91

goroutine 642 gp=0x393925c4f860 m=nil [select, 255 minutes]:
runtime.gopark(0x393925ea2f80?, 0x3?, 0x0?, 0x0?, 0x393925ea2ce2?)
	runtime/proc.go:462 +0xce fp=0x393925ea2b20 sp=0x393925ea2b00 pc=0x48eaee
runtime.selectgo(0x393925ea2f80, 0x393925ea2cdc, 0x0?, 0x0, 0x3?, 0x1)
	runtime/select.go:351 +0xaa5 fp=0x393925ea2c50 sp=0x393925ea2b20 pc=0x46a9a5
github.com/minio/minio/cmd.(*BatchJobPool).AddWorker(0x39391bf78480)
	github.com/minio/minio/cmd/batch-handlers.go:1983 +0xce fp=0x393925ea2fc8 sp=0x393925ea2c50 pc=0x26d446e
github.com/minio/minio/cmd.(*BatchJobPool).ResizeWorkers.gowrap2()
	github.com/minio/minio/cmd/batch-handlers.go:2044 +0x17 fp=0x393925ea2fe0 sp=0x393925ea2fc8 pc=0x26d4bf7
runtime.goexit({})
	runtime/asm_amd64.s:1771 +0x1 fp=0x393925ea2fe8 sp=0x393925ea2fe0 pc=0x4966c1
created by github.com/minio/minio/cmd.(*BatchJobPool).ResizeWorkers in goroutine 200
	github.com/minio/minio/cmd/batch-handlers.go:2044 +0x91

goroutine 643 gp=0x393925c4fa40 m=nil [select, 255 minutes]:
runtime.gopark(0x39391b616f80?, 0x3?, 0x1?, 0x2?, 0x39391b616ce2?)
	runtime/proc.go:462 +0xce fp=0x39391b616b20 sp=0x39391b616b00 pc=0x48eaee
runtime.selectgo(0x39391b616f80, 0x39391b616cdc, 0x0?, 0x0, 0x3?, 0x1)
	runtime/select.go:351 +0xaa5 fp=0x39391b616c50 sp=0x39391b616b20 pc=0x46a9a5
github.com/minio/minio/cmd.(*BatchJobPool).AddWorker(0x39391bf78480)
	github.com/minio/minio/cmd/batch-handlers.go:1983 +0xce fp=0x39391b616fc8 sp=0x39391b616c50 pc=0x26d446e
github.com/minio/minio/cmd.(*BatchJobPool).ResizeWorkers.gowrap2()
	github.com/minio/minio/cmd/batch-handlers.go:2044 +0x17 fp=0x39391b616fe0 sp=0x39391b616fc8 pc=0x26d4bf7
runtime.goexit({})
	runtime/asm_amd64.s:1771 +0x1 fp=0x39391b616fe8 sp=0x39391b616fe0 pc=0x4966c1
created by github.com/minio/minio/cmd.(*BatchJobPool).ResizeWorkers in goroutine 200
	github.com/minio/minio/cmd/batch-handlers.go:2044 +0x91

goroutine 644 gp=0x393925c4fc20 m=nil [select, 255 minutes]:
runtime.gopark(0x393925eabf80?, 0x3?, 0x0?, 0x0?, 0x393925eabce2?)
	runtime/proc.go:462 +0xce fp=0x393925eabb20 sp=0x393925eabb00 pc=0x48eaee
runtime.selectgo(0x393925eabf80, 0x393925eabcdc, 0x0?, 0x0, 0x3?, 0x1)
	runtime/select.go:351 +0xaa5 fp=0x393925eabc50 sp=0x393925eabb20 pc=0x46a9a5
github.com/minio/minio/cmd.(*BatchJobPool).AddWorker(0x39391bf78480)
	github.com/minio/minio/cmd/batch-handlers.go:1983 +0xce fp=0x393925eabfc8 sp=0x393925eabc50 pc=0x26d446e
github.com/minio/minio/cmd.(*BatchJobPool).ResizeWorkers.gowrap2()
	github.com/minio/minio/cmd/batch-handlers.go:2044 +0x17 fp=0x393925eabfe0 sp=0x393925eabfc8 pc=0x26d4bf7
runtime.goexit({})
	runtime/asm_amd64.s:1771 +0x1 fp=0x393925eabfe8 sp=0x393925eabfe0 pc=0x4966c1
created by github.com/minio/minio/cmd.(*BatchJobPool).ResizeWorkers in goroutine 200
	github.com/minio/minio/cmd/batch-handlers.go:2044 +0x91

goroutine 645 gp=0x393925c50000 m=nil [select, 255 minutes]:
runtime.gopark(0x393925eacf80?, 0x3?, 0x0?, 0x0?, 0x393925eacce2?)
	runtime/proc.go:462 +0xce fp=0x393925eacb20 sp=0x393925eacb00 pc=0x48eaee
runtime.selectgo(0x393925eacf80, 0x393925eaccdc, 0x0?, 0x0, 0x3?, 0x1)
	runtime/select.go:351 +0xaa5 fp=0x393925eacc50 sp=0x393925eacb20 pc=0x46a9a5
github.com/minio/minio/cmd.(*BatchJobPool).AddWorker(0x39391bf78480)
	github.com/minio/minio/cmd/batch-handlers.go:1983 +0xce fp=0x393925eacfc8 sp=0x393925eacc50 pc=0x26d446e
github.com/minio/minio/cmd.(*BatchJobPool).ResizeWorkers.gowrap2()
	github.com/minio/minio/cmd/batch-handlers.go:2044 +0x17 fp=0x393925eacfe0 sp=0x393925eacfc8 pc=0x26d4bf7
runtime.goexit({})
	runtime/asm_amd64.s:1771 +0x1 fp=0x393925eacfe8 sp=0x393925eacfe0 pc=0x4966c1
created by github.com/minio/minio/cmd.(*BatchJobPool).ResizeWorkers in goroutine 200
	github.com/minio/minio/cmd/batch-handlers.go:2044 +0x91

goroutine 646 gp=0x393925c501e0 m=nil [select, 255 minutes]:
runtime.gopark(0x393925eadf80?, 0x3?, 0x0?, 0x0?, 0x393925eadce2?)
	runtime/proc.go:462 +0xce fp=0x393925eadb20 sp=0x393925eadb00 pc=0x48eaee
runtime.selectgo(0x393925eadf80, 0x393925eadcdc, 0x0?, 0x0, 0x3?, 0x1)
	runtime/select.go:351 +0xaa5 fp=0x393925eadc50 sp=0x393925eadb20 pc=0x46a9a5
github.com/minio/minio/cmd.(*BatchJobPool).AddWorker(0x39391bf78480)
	github.com/minio/minio/cmd/batch-handlers.go:1983 +0xce fp=0x393925eadfc8 sp=0x393925eadc50 pc=0x26d446e
github.com/minio/minio/cmd.(*BatchJobPool).ResizeWorkers.gowrap2()
	github.com/minio/minio/cmd/batch-handlers.go:2044 +0x17 fp=0x393925eadfe0 sp=0x393925eadfc8 pc=0x26d4bf7
runtime.goexit({})
	runtime/asm_amd64.s:1771 +0x1 fp=0x393925eadfe8 sp=0x393925eadfe0 pc=0x4966c1
created by github.com/minio/minio/cmd.(*BatchJobPool).ResizeWorkers in goroutine 200
	github.com/minio/minio/cmd/batch-handlers.go:2044 +0x91

goroutine 647 gp=0x393925c503c0 m=nil [select, 255 minutes]:
runtime.gopark(0x393925eaef80?, 0x3?, 0x0?, 0x0?, 0x393925eaece2?)
	runtime/proc.go:462 +0xce fp=0x393925eaeb20 sp=0x393925eaeb00 pc=0x48eaee
runtime.selectgo(0x393925eaef80, 0x393925eaecdc, 0x0?, 0x0, 0x3?, 0x1)
	runtime/select.go:351 +0xaa5 fp=0x393925eaec50 sp=0x393925eaeb20 pc=0x46a9a5
github.com/minio/minio/cmd.(*BatchJobPool).AddWorker(0x39391bf78480)
	github.com/minio/minio/cmd/batch-handlers.go:1983 +0xce fp=0x393925eaefc8 sp=0x393925eaec50 pc=0x26d446e
github.com/minio/minio/cmd.(*BatchJobPool).ResizeWorkers.gowrap2()
	github.com/minio/minio/cmd/batch-handlers.go:2044 +0x17 fp=0x393925eaefe0 sp=0x393925eaefc8 pc=0x26d4bf7
runtime.goexit({})
	runtime/asm_amd64.s:1771 +0x1 fp=0x393925eaefe8 sp=0x393925eaefe0 pc=0x4966c1
created by github.com/minio/minio/cmd.(*BatchJobPool).ResizeWorkers in goroutine 200
	github.com/minio/minio/cmd/batch-handlers.go:2044 +0x91

goroutine 648 gp=0x393925c505a0 m=nil [select, 255 minutes]:
runtime.gopark(0x393925c47f80?, 0x3?, 0x0?, 0x0?, 0x393925c47ce2?)
	runtime/proc.go:462 +0xce fp=0x393925c47b20 sp=0x393925c47b00 pc=0x48eaee
runtime.selectgo(0x393925c47f80, 0x393925c47cdc, 0x0?, 0x0, 0x3?, 0x1)
	runtime/select.go:351 +0xaa5 fp=0x393925c47c50 sp=0x393925c47b20 pc=0x46a9a5
github.com/minio/minio/cmd.(*BatchJobPool).AddWorker(0x39391bf78480)
	github.com/minio/minio/cmd/batch-handlers.go:1983 +0xce fp=0x393925c47fc8 sp=0x393925c47c50 pc=0x26d446e
github.com/minio/minio/cmd.(*BatchJobPool).ResizeWorkers.gowrap2()
	github.com/minio/minio/cmd/batch-handlers.go:2044 +0x17 fp=0x393925c47fe0 sp=0x393925c47fc8 pc=0x26d4bf7
runtime.goexit({})
	runtime/asm_amd64.s:1771 +0x1 fp=0x393925c47fe8 sp=0x393925c47fe0 pc=0x4966c1
created by github.com/minio/minio/cmd.(*BatchJobPool).ResizeWorkers in goroutine 200
	github.com/minio/minio/cmd/batch-handlers.go:2044 +0x91

goroutine 649 gp=0x393925c50780 m=nil [select, 255 minutes]:
runtime.gopark(0x393925ea8f80?, 0x3?, 0x0?, 0x0?, 0x393925ea8ce2?)
	runtime/proc.go:462 +0xce fp=0x393925ea8b20 sp=0x393925ea8b00 pc=0x48eaee
runtime.selectgo(0x393925ea8f80, 0x393925ea8cdc, 0x0?, 0x0, 0x3?, 0x1)
	runtime/select.go:351 +0xaa5 fp=0x393925ea8c50 sp=0x393925ea8b20 pc=0x46a9a5
github.com/minio/minio/cmd.(*BatchJobPool).AddWorker(0x39391bf78480)
	github.com/minio/minio/cmd/batch-handlers.go:1983 +0xce fp=0x393925ea8fc8 sp=0x393925ea8c50 pc=0x26d446e
github.com/minio/minio/cmd.(*BatchJobPool).ResizeWorkers.gowrap2()
	github.com/minio/minio/cmd/batch-handlers.go:2044 +0x17 fp=0x393925ea8fe0 sp=0x393925ea8fc8 pc=0x26d4bf7
runtime.goexit({})
	runtime/asm_amd64.s:1771 +0x1 fp=0x393925ea8fe8 sp=0x393925ea8fe0 pc=0x4966c1
created by github.com/minio/minio/cmd.(*BatchJobPool).ResizeWorkers in goroutine 200
	github.com/minio/minio/cmd/batch-handlers.go:2044 +0x91

goroutine 650 gp=0x393925c50960 m=nil [select, 255 minutes]:
runtime.gopark(0x393925ea9f80?, 0x3?, 0x0?, 0x0?, 0x393925ea9ce2?)
	runtime/proc.go:462 +0xce fp=0x393925ea9b20 sp=0x393925ea9b00 pc=0x48eaee
runtime.selectgo(0x393925ea9f80, 0x393925ea9cdc, 0x0?, 0x0, 0x3?, 0x1)
	runtime/select.go:351 +0xaa5 fp=0x393925ea9c50 sp=0x393925ea9b20 pc=0x46a9a5
github.com/minio/minio/cmd.(*BatchJobPool).AddWorker(0x39391bf78480)
	github.com/minio/minio/cmd/batch-handlers.go:1983 +0xce fp=0x393925ea9fc8 sp=0x393925ea9c50 pc=0x26d446e
github.com/minio/minio/cmd.(*BatchJobPool).ResizeWorkers.gowrap2()
	github.com/minio/minio/cmd/batch-handlers.go:2044 +0x17 fp=0x393925ea9fe0 sp=0x393925ea9fc8 pc=0x26d4bf7
runtime.goexit({})
	runtime/asm_amd64.s:1771 +0x1 fp=0x393925ea9fe8 sp=0x393925ea9fe0 pc=0x4966c1
created by github.com/minio/minio/cmd.(*BatchJobPool).ResizeWorkers in goroutine 200
	github.com/minio/minio/cmd/batch-handlers.go:2044 +0x91

goroutine 651 gp=0x393925c50b40 m=nil [select, 255 minutes]:
runtime.gopark(0x393925eaaf80?, 0x3?, 0x0?, 0x0?, 0x393925eaace2?)
	runtime/proc.go:462 +0xce fp=0x393925eaab20 sp=0x393925eaab00 pc=0x48eaee
runtime.selectgo(0x393925eaaf80, 0x393925eaacdc, 0x0?, 0x0, 0x3?, 0x1)
	runtime/select.go:351 +0xaa5 fp=0x393925eaac50 sp=0x393925eaab20 pc=0x46a9a5
github.com/minio/minio/cmd.(*BatchJobPool).AddWorker(0x39391bf78480)
	github.com/minio/minio/cmd/batch-handlers.go:1983 +0xce fp=0x393925eaafc8 sp=0x393925eaac50 pc=0x26d446e
github.com/minio/minio/cmd.(*BatchJobPool).ResizeWorkers.gowrap2()
	github.com/minio/minio/cmd/batch-handlers.go:2044 +0x17 fp=0x393925eaafe0 sp=0x393925eaafc8 pc=0x26d4bf7
runtime.goexit({})
	runtime/asm_amd64.s:1771 +0x1 fp=0x393925eaafe8 sp=0x393925eaafe0 pc=0x4966c1
created by github.com/minio/minio/cmd.(*BatchJobPool).ResizeWorkers in goroutine 200
	github.com/minio/minio/cmd/batch-handlers.go:2044 +0x91

goroutine 652 gp=0x393925c50d20 m=nil [select, 255 minutes]:
runtime.gopark(0x393925f07f80?, 0x3?, 0x0?, 0x0?, 0x393925f07ce2?)
	runtime/proc.go:462 +0xce fp=0x393925f07b20 sp=0x393925f07b00 pc=0x48eaee
runtime.selectgo(0x393925f07f80, 0x393925f07cdc, 0x0?, 0x0, 0x3?, 0x1)
	runtime/select.go:351 +0xaa5 fp=0x393925f07c50 sp=0x393925f07b20 pc=0x46a9a5
github.com/minio/minio/cmd.(*BatchJobPool).AddWorker(0x39391bf78480)
	github.com/minio/minio/cmd/batch-handlers.go:1983 +0xce fp=0x393925f07fc8 sp=0x393925f07c50 pc=0x26d446e
github.com/minio/minio/cmd.(*BatchJobPool).ResizeWorkers.gowrap2()
	github.com/minio/minio/cmd/batch-handlers.go:2044 +0x17 fp=0x393925f07fe0 sp=0x393925f07fc8 pc=0x26d4bf7
runtime.goexit({})
	runtime/asm_amd64.s:1771 +0x1 fp=0x393925f07fe8 sp=0x393925f07fe0 pc=0x4966c1
created by github.com/minio/minio/cmd.(*BatchJobPool).ResizeWorkers in goroutine 200
	github.com/minio/minio/cmd/batch-handlers.go:2044 +0x91

goroutine 653 gp=0x393925c50f00 m=nil [select, 255 minutes]:
runtime.gopark(0x393925c40f80?, 0x3?, 0x0?, 0x0?, 0x393925c40ce2?)
	runtime/proc.go:462 +0xce fp=0x393925c40b20 sp=0x393925c40b00 pc=0x48eaee
runtime.selectgo(0x393925c40f80, 0x393925c40cdc, 0x0?, 0x0, 0x3?, 0x1)
	runtime/select.go:351 +0xaa5 fp=0x393925c40c50 sp=0x393925c40b20 pc=0x46a9a5
github.com/minio/minio/cmd.(*BatchJobPool).AddWorker(0x39391bf78480)
	github.com/minio/minio/cmd/batch-handlers.go:1983 +0xce fp=0x393925c40fc8 sp=0x393925c40c50 pc=0x26d446e
github.com/minio/minio/cmd.(*BatchJobPool).ResizeWorkers.gowrap2()
	github.com/minio/minio/cmd/batch-handlers.go:2044 +0x17 fp=0x393925c40fe0 sp=0x393925c40fc8 pc=0x26d4bf7
runtime.goexit({})
	runtime/asm_amd64.s:1771 +0x1 fp=0x393925c40fe8 sp=0x393925c40fe0 pc=0x4966c1
created by github.com/minio/minio/cmd.(*BatchJobPool).ResizeWorkers in goroutine 200
	github.com/minio/minio/cmd/batch-handlers.go:2044 +0x91

goroutine 654 gp=0x393925c510e0 m=nil [select, 255 minutes]:
runtime.gopark(0x393925c41f80?, 0x3?, 0x0?, 0x0?, 0x393925c41ce2?)
	runtime/proc.go:462 +0xce fp=0x393925c41b20 sp=0x393925c41b00 pc=0x48eaee
runtime.selectgo(0x393925c41f80, 0x393925c41cdc, 0x0?, 0x0, 0x3?, 0x1)
	runtime/select.go:351 +0xaa5 fp=0x393925c41c50 sp=0x393925c41b20 pc=0x46a9a5
github.com/minio/minio/cmd.(*BatchJobPool).AddWorker(0x39391bf78480)
	github.com/minio/minio/cmd/batch-handlers.go:1983 +0xce fp=0x393925c41fc8 sp=0x393925c41c50 pc=0x26d446e
github.com/minio/minio/cmd.(*BatchJobPool).ResizeWorkers.gowrap2()
	github.com/minio/minio/cmd/batch-handlers.go:2044 +0x17 fp=0x393925c41fe0 sp=0x393925c41fc8 pc=0x26d4bf7
runtime.goexit({})
	runtime/asm_amd64.s:1771 +0x1 fp=0x393925c41fe8 sp=0x393925c41fe0 pc=0x4966c1
created by github.com/minio/minio/cmd.(*BatchJobPool).ResizeWorkers in goroutine 200
	github.com/minio/minio/cmd/batch-handlers.go:2044 +0x91

goroutine 655 gp=0x393925c512c0 m=nil [select, 255 minutes]:
runtime.gopark(0x39391b615f80?, 0x3?, 0x0?, 0x0?, 0x39391b615ce2?)
	runtime/proc.go:462 +0xce fp=0x39391b615b20 sp=0x39391b615b00 pc=0x48eaee
runtime.selectgo(0x39391b615f80, 0x39391b615cdc, 0x0?, 0x0, 0x3?, 0x1)
	runtime/select.go:351 +0xaa5 fp=0x39391b615c50 sp=0x39391b615b20 pc=0x46a9a5
github.com/minio/minio/cmd.(*BatchJobPool).AddWorker(0x39391bf78480)
	github.com/minio/minio/cmd/batch-handlers.go:1983 +0xce fp=0x39391b615fc8 sp=0x39391b615c50 pc=0x26d446e
github.com/minio/minio/cmd.(*BatchJobPool).ResizeWorkers.gowrap2()
	github.com/minio/minio/cmd/batch-handlers.go:2044 +0x17 fp=0x39391b615fe0 sp=0x39391b615fc8 pc=0x26d4bf7
runtime.goexit({})
	runtime/asm_amd64.s:1771 +0x1 fp=0x39391b615fe8 sp=0x39391b615fe0 pc=0x4966c1
created by github.com/minio/minio/cmd.(*BatchJobPool).ResizeWorkers in goroutine 200
	github.com/minio/minio/cmd/batch-handlers.go:2044 +0x91

goroutine 656 gp=0x393925c514a0 m=nil [select, 255 minutes]:
runtime.gopark(0x393925f0ff80?, 0x3?, 0x0?, 0x0?, 0x393925f0fce2?)
	runtime/proc.go:462 +0xce fp=0x393925f0fb20 sp=0x393925f0fb00 pc=0x48eaee
runtime.selectgo(0x393925f0ff80, 0x393925f0fcdc, 0x0?, 0x0, 0x3?, 0x1)
	runtime/select.go:351 +0xaa5 fp=0x393925f0fc50 sp=0x393925f0fb20 pc=0x46a9a5
github.com/minio/minio/cmd.(*BatchJobPool).AddWorker(0x39391bf78480)
	github.com/minio/minio/cmd/batch-handlers.go:1983 +0xce fp=0x393925f0ffc8 sp=0x393925f0fc50 pc=0x26d446e
github.com/minio/minio/cmd.(*BatchJobPool).ResizeWorkers.gowrap2()
	github.com/minio/minio/cmd/batch-handlers.go:2044 +0x17 fp=0x393925f0ffe0 sp=0x393925f0ffc8 pc=0x26d4bf7
runtime.goexit({})
	runtime/asm_amd64.s:1771 +0x1 fp=0x393925f0ffe8 sp=0x393925f0ffe0 pc=0x4966c1
created by github.com/minio/minio/cmd.(*BatchJobPool).ResizeWorkers in goroutine 200
	github.com/minio/minio/cmd/batch-handlers.go:2044 +0x91

goroutine 657 gp=0x393925c51680 m=nil [select, 255 minutes]:
runtime.gopark(0x393925f00f80?, 0x3?, 0x0?, 0x0?, 0x393925f00ce2?)
	runtime/proc.go:462 +0xce fp=0x393925f00b20 sp=0x393925f00b00 pc=0x48eaee
runtime.selectgo(0x393925f00f80, 0x393925f00cdc, 0x0?, 0x0, 0x3?, 0x1)
	runtime/select.go:351 +0xaa5 fp=0x393925f00c50 sp=0x393925f00b20 pc=0x46a9a5
github.com/minio/minio/cmd.(*BatchJobPool).AddWorker(0x39391bf78480)
	github.com/minio/minio/cmd/batch-handlers.go:1983 +0xce fp=0x393925f00fc8 sp=0x393925f00c50 pc=0x26d446e
github.com/minio/minio/cmd.(*BatchJobPool).ResizeWorkers.gowrap2()
	github.com/minio/minio/cmd/batch-handlers.go:2044 +0x17 fp=0x393925f00fe0 sp=0x393925f00fc8 pc=0x26d4bf7
runtime.goexit({})
	runtime/asm_amd64.s:1771 +0x1 fp=0x393925f00fe8 sp=0x393925f00fe0 pc=0x4966c1
created by github.com/minio/minio/cmd.(*BatchJobPool).ResizeWorkers in goroutine 200
	github.com/minio/minio/cmd/batch-handlers.go:2044 +0x91

goroutine 658 gp=0x393925c51860 m=nil [select, 255 minutes]:
runtime.gopark(0x393925f01f80?, 0x3?, 0x0?, 0x0?, 0x393925f01ce2?)
	runtime/proc.go:462 +0xce fp=0x393925f01b20 sp=0x393925f01b00 pc=0x48eaee
runtime.selectgo(0x393925f01f80, 0x393925f01cdc, 0x0?, 0x0, 0x3?, 0x1)
	runtime/select.go:351 +0xaa5 fp=0x393925f01c50 sp=0x393925f01b20 pc=0x46a9a5
github.com/minio/minio/cmd.(*BatchJobPool).AddWorker(0x39391bf78480)
	github.com/minio/minio/cmd/batch-handlers.go:1983 +0xce fp=0x393925f01fc8 sp=0x393925f01c50 pc=0x26d446e
github.com/minio/minio/cmd.(*BatchJobPool).ResizeWorkers.gowrap2()
	github.com/minio/minio/cmd/batch-handlers.go:2044 +0x17 fp=0x393925f01fe0 sp=0x393925f01fc8 pc=0x26d4bf7
runtime.goexit({})
	runtime/asm_amd64.s:1771 +0x1 fp=0x393925f01fe8 sp=0x393925f01fe0 pc=0x4966c1
created by github.com/minio/minio/cmd.(*BatchJobPool).ResizeWorkers in goroutine 200
	github.com/minio/minio/cmd/batch-handlers.go:2044 +0x91

goroutine 659 gp=0x393925c51a40 m=nil [select, 255 minutes]:
runtime.gopark(0x393925f02f80?, 0x3?, 0x0?, 0x0?, 0x393925f02ce2?)
	runtime/proc.go:462 +0xce fp=0x393925f02b20 sp=0x393925f02b00 pc=0x48eaee
runtime.selectgo(0x393925f02f80, 0x393925f02cdc, 0x0?, 0x0, 0x3?, 0x1)
	runtime/select.go:351 +0xaa5 fp=0x393925f02c50 sp=0x393925f02b20 pc=0x46a9a5
github.com/minio/minio/cmd.(*BatchJobPool).AddWorker(0x39391bf78480)
	github.com/minio/minio/cmd/batch-handlers.go:1983 +0xce fp=0x393925f02fc8 sp=0x393925f02c50 pc=0x26d446e
github.com/minio/minio/cmd.(*BatchJobPool).ResizeWorkers.gowrap2()
	github.com/minio/minio/cmd/batch-handlers.go:2044 +0x17 fp=0x393925f02fe0 sp=0x393925f02fc8 pc=0x26d4bf7
runtime.goexit({})
	runtime/asm_amd64.s:1771 +0x1 fp=0x393925f02fe8 sp=0x393925f02fe0 pc=0x4966c1
created by github.com/minio/minio/cmd.(*BatchJobPool).ResizeWorkers in goroutine 200
	github.com/minio/minio/cmd/batch-handlers.go:2044 +0x91

goroutine 660 gp=0x393925c51c20 m=nil [select, 255 minutes]:
runtime.gopark(0x393925eb5f80?, 0x3?, 0x0?, 0x0?, 0x393925eb5ce2?)
	runtime/proc.go:462 +0xce fp=0x393925eb5b20 sp=0x393925eb5b00 pc=0x48eaee
runtime.selectgo(0x393925eb5f80, 0x393925eb5cdc, 0x0?, 0x0, 0x3?, 0x1)
	runtime/select.go:351 +0xaa5 fp=0x393925eb5c50 sp=0x393925eb5b20 pc=0x46a9a5
github.com/minio/minio/cmd.(*BatchJobPool).AddWorker(0x39391bf78480)
	github.com/minio/minio/cmd/batch-handlers.go:1983 +0xce fp=0x393925eb5fc8 sp=0x393925eb5c50 pc=0x26d446e
github.com/minio/minio/cmd.(*BatchJobPool).ResizeWorkers.gowrap2()
	github.com/minio/minio/cmd/batch-handlers.go:2044 +0x17 fp=0x393925eb5fe0 sp=0x393925eb5fc8 pc=0x26d4bf7
runtime.goexit({})
	runtime/asm_amd64.s:1771 +0x1 fp=0x393925eb5fe8 sp=0x393925eb5fe0 pc=0x4966c1
created by github.com/minio/minio/cmd.(*BatchJobPool).ResizeWorkers in goroutine 200
	github.com/minio/minio/cmd/batch-handlers.go:2044 +0x91

goroutine 661 gp=0x393925e2c000 m=nil [select, 255 minutes]:
runtime.gopark(0x393925eb6f80?, 0x3?, 0x0?, 0x0?, 0x393925eb6ce2?)
	runtime/proc.go:462 +0xce fp=0x393925eb6b20 sp=0x393925eb6b00 pc=0x48eaee
runtime.selectgo(0x393925eb6f80, 0x393925eb6cdc, 0x0?, 0x0, 0x3?, 0x1)
	runtime/select.go:351 +0xaa5 fp=0x393925eb6c50 sp=0x393925eb6b20 pc=0x46a9a5
github.com/minio/minio/cmd.(*BatchJobPool).AddWorker(0x39391bf78480)
	github.com/minio/minio/cmd/batch-handlers.go:1983 +0xce fp=0x393925eb6fc8 sp=0x393925eb6c50 pc=0x26d446e
github.com/minio/minio/cmd.(*BatchJobPool).ResizeWorkers.gowrap2()
	github.com/minio/minio/cmd/batch-handlers.go:2044 +0x17 fp=0x393925eb6fe0 sp=0x393925eb6fc8 pc=0x26d4bf7
runtime.goexit({})
	runtime/asm_amd64.s:1771 +0x1 fp=0x393925eb6fe8 sp=0x393925eb6fe0 pc=0x4966c1
created by github.com/minio/minio/cmd.(*BatchJobPool).ResizeWorkers in goroutine 200
	github.com/minio/minio/cmd/batch-handlers.go:2044 +0x91

goroutine 662 gp=0x393925e2c1e0 m=nil [select, 255 minutes]:
runtime.gopark(0x393925c42f80?, 0x3?, 0x0?, 0x0?, 0x393925c42ce2?)
	runtime/proc.go:462 +0xce fp=0x393925c42b20 sp=0x393925c42b00 pc=0x48eaee
runtime.selectgo(0x393925c42f80, 0x393925c42cdc, 0x0?, 0x0, 0x3?, 0x1)
	runtime/select.go:351 +0xaa5 fp=0x393925c42c50 sp=0x393925c42b20 pc=0x46a9a5
github.com/minio/minio/cmd.(*BatchJobPool).AddWorker(0x39391bf78480)
	github.com/minio/minio/cmd/batch-handlers.go:1983 +0xce fp=0x393925c42fc8 sp=0x393925c42c50 pc=0x26d446e
github.com/minio/minio/cmd.(*BatchJobPool).ResizeWorkers.gowrap2()
	github.com/minio/minio/cmd/batch-handlers.go:2044 +0x17 fp=0x393925c42fe0 sp=0x393925c42fc8 pc=0x26d4bf7
runtime.goexit({})
	runtime/asm_amd64.s:1771 +0x1 fp=0x393925c42fe8 sp=0x393925c42fe0 pc=0x4966c1
created by github.com/minio/minio/cmd.(*BatchJobPool).ResizeWorkers in goroutine 200
	github.com/minio/minio/cmd/batch-handlers.go:2044 +0x91

goroutine 663 gp=0x393925e2c3c0 m=nil [select, 255 minutes]:
runtime.gopark(0x393925eb8f80?, 0x3?, 0x0?, 0x0?, 0x393925eb8ce2?)
	runtime/proc.go:462 +0xce fp=0x393925eb8b20 sp=0x393925eb8b00 pc=0x48eaee
runtime.selectgo(0x393925eb8f80, 0x393925eb8cdc, 0x0?, 0x0, 0x3?, 0x1)
	runtime/select.go:351 +0xaa5 fp=0x393925eb8c50 sp=0x393925eb8b20 pc=0x46a9a5
github.com/minio/minio/cmd.(*BatchJobPool).AddWorker(0x39391bf78480)
	github.com/minio/minio/cmd/batch-handlers.go:1983 +0xce fp=0x393925eb8fc8 sp=0x393925eb8c50 pc=0x26d446e
github.com/minio/minio/cmd.(*BatchJobPool).ResizeWorkers.gowrap2()
	github.com/minio/minio/cmd/batch-handlers.go:2044 +0x17 fp=0x393925eb8fe0 sp=0x393925eb8fc8 pc=0x26d4bf7
runtime.goexit({})
	runtime/asm_amd64.s:1771 +0x1 fp=0x393925eb8fe8 sp=0x393925eb8fe0 pc=0x4966c1
created by github.com/minio/minio/cmd.(*BatchJobPool).ResizeWorkers in goroutine 200
	github.com/minio/minio/cmd/batch-handlers.go:2044 +0x91

goroutine 664 gp=0x393925e2c5a0 m=nil [select, 255 minutes]:
runtime.gopark(0x393925ceff80?, 0x3?, 0x0?, 0x0?, 0x393925cefce2?)
	runtime/proc.go:462 +0xce fp=0x393925cefb20 sp=0x393925cefb00 pc=0x48eaee
runtime.selectgo(0x393925ceff80, 0x393925cefcdc, 0x0?, 0x0, 0x3?, 0x1)
	runtime/select.go:351 +0xaa5 fp=0x393925cefc50 sp=0x393925cefb20 pc=0x46a9a5
github.com/minio/minio/cmd.(*BatchJobPool).AddWorker(0x39391bf78480)
	github.com/minio/minio/cmd/batch-handlers.go:1983 +0xce fp=0x393925ceffc8 sp=0x393925cefc50 pc=0x26d446e
github.com/minio/minio/cmd.(*BatchJobPool).ResizeWorkers.gowrap2()
	github.com/minio/minio/cmd/batch-handlers.go:2044 +0x17 fp=0x393925ceffe0 sp=0x393925ceffc8 pc=0x26d4bf7
runtime.goexit({})
	runtime/asm_amd64.s:1771 +0x1 fp=0x393925ceffe8 sp=0x393925ceffe0 pc=0x4966c1
created by github.com/minio/minio/cmd.(*BatchJobPool).ResizeWorkers in goroutine 200
	github.com/minio/minio/cmd/batch-handlers.go:2044 +0x91

goroutine 665 gp=0x393925e2c780 m=nil [select, 255 minutes]:
runtime.gopark(0x393925eb7f80?, 0x3?, 0x0?, 0x0?, 0x393925eb7ce2?)
	runtime/proc.go:462 +0xce fp=0x393925eb7b20 sp=0x393925eb7b00 pc=0x48eaee
runtime.selectgo(0x393925eb7f80, 0x393925eb7cdc, 0x0?, 0x0, 0x3?, 0x1)
	runtime/select.go:351 +0xaa5 fp=0x393925eb7c50 sp=0x393925eb7b20 pc=0x46a9a5
github.com/minio/minio/cmd.(*BatchJobPool).AddWorker(0x39391bf78480)
	github.com/minio/minio/cmd/batch-handlers.go:1983 +0xce fp=0x393925eb7fc8 sp=0x393925eb7c50 pc=0x26d446e
github.com/minio/minio/cmd.(*BatchJobPool).ResizeWorkers.gowrap2()
	github.com/minio/minio/cmd/batch-handlers.go:2044 +0x17 fp=0x393925eb7fe0 sp=0x393925eb7fc8 pc=0x26d4bf7
runtime.goexit({})
	runtime/asm_amd64.s:1771 +0x1 fp=0x393925eb7fe8 sp=0x393925eb7fe0 pc=0x4966c1
created by github.com/minio/minio/cmd.(*BatchJobPool).ResizeWorkers in goroutine 200
	github.com/minio/minio/cmd/batch-handlers.go:2044 +0x91

goroutine 666 gp=0x393925e2c960 m=nil [select, 255 minutes]:
runtime.gopark(0x393925ce8f80?, 0x3?, 0x0?, 0x0?, 0x393925ce8ce2?)
	runtime/proc.go:462 +0xce fp=0x393925ce8b20 sp=0x393925ce8b00 pc=0x48eaee
runtime.selectgo(0x393925ce8f80, 0x393925ce8cdc, 0x0?, 0x0, 0x3?, 0x1)
	runtime/select.go:351 +0xaa5 fp=0x393925ce8c50 sp=0x393925ce8b20 pc=0x46a9a5
github.com/minio/minio/cmd.(*BatchJobPool).AddWorker(0x39391bf78480)
	github.com/minio/minio/cmd/batch-handlers.go:1983 +0xce fp=0x393925ce8fc8 sp=0x393925ce8c50 pc=0x26d446e
github.com/minio/minio/cmd.(*BatchJobPool).ResizeWorkers.gowrap2()
	github.com/minio/minio/cmd/batch-handlers.go:2044 +0x17 fp=0x393925ce8fe0 sp=0x393925ce8fc8 pc=0x26d4bf7
runtime.goexit({})
	runtime/asm_amd64.s:1771 +0x1 fp=0x393925ce8fe8 sp=0x393925ce8fe0 pc=0x4966c1
created by github.com/minio/minio/cmd.(*BatchJobPool).ResizeWorkers in goroutine 200
	github.com/minio/minio/cmd/batch-handlers.go:2044 +0x91

goroutine 667 gp=0x393925e2cb40 m=nil [select, 255 minutes]:
runtime.gopark(0x393925f17f80?, 0x3?, 0x0?, 0x0?, 0x393925f17ce2?)
	runtime/proc.go:462 +0xce fp=0x393925f17b20 sp=0x393925f17b00 pc=0x48eaee
runtime.selectgo(0x393925f17f80, 0x393925f17cdc, 0x0?, 0x0, 0x3?, 0x1)
	runtime/select.go:351 +0xaa5 fp=0x393925f17c50 sp=0x393925f17b20 pc=0x46a9a5
github.com/minio/minio/cmd.(*BatchJobPool).AddWorker(0x39391bf78480)
	github.com/minio/minio/cmd/batch-handlers.go:1983 +0xce fp=0x393925f17fc8 sp=0x393925f17c50 pc=0x26d446e
github.com/minio/minio/cmd.(*BatchJobPool).ResizeWorkers.gowrap2()
	github.com/minio/minio/cmd/batch-handlers.go:2044 +0x17 fp=0x393925f17fe0 sp=0x393925f17fc8 pc=0x26d4bf7
runtime.goexit({})
	runtime/asm_amd64.s:1771 +0x1 fp=0x393925f17fe8 sp=0x393925f17fe0 pc=0x4966c1
created by github.com/minio/minio/cmd.(*BatchJobPool).ResizeWorkers in goroutine 200
	github.com/minio/minio/cmd/batch-handlers.go:2044 +0x91

goroutine 668 gp=0x393925e2cd20 m=nil [select, 3 minutes]:
runtime.gopark(0x39391b787f70?, 0x2?, 0xe0?, 0xe1?, 0x39391b787a4c?)
	runtime/proc.go:462 +0xce fp=0x39391b787898 sp=0x39391b787878 pc=0x48eaee
runtime.selectgo(0x39391b787f70, 0x39391b787a48, 0x0?, 0x0, 0x0?, 0x1)
	runtime/select.go:351 +0xaa5 fp=0x39391b7879c8 sp=0x39391b787898 pc=0x46a9a5
github.com/minio/minio/cmd.(*BatchJobPool).cleanupReports(0x39391bf78480, 0x4b46828)
	github.com/minio/minio/cmd/batch-handlers.go:1906 +0xea fp=0x39391b787fb0 sp=0x39391b7879c8 pc=0x26d3aaa
github.com/minio/minio/cmd.newBatchJobPool.func2()
	github.com/minio/minio/cmd/batch-handlers.go:1895 +0x34 fp=0x39391b787fe0 sp=0x39391b787fb0 pc=0x26d3994
runtime.goexit({})
	runtime/asm_amd64.s:1771 +0x1 fp=0x39391b787fe8 sp=0x39391b787fe0 pc=0x4966c1
created by github.com/minio/minio/cmd.newBatchJobPool in goroutine 200
	github.com/minio/minio/cmd/batch-handlers.go:1893 +0x145

goroutine 553 gp=0x393925e2cf00 m=nil [IO wait, 255 minutes]:
runtime.gopark(0x0?, 0x0?, 0x0?, 0x0?, 0x0?)
	runtime/proc.go:462 +0xce fp=0x393925cdfb90 sp=0x393925cdfb70 pc=0x48eaee
runtime.netpollblock(0x48c393?, 0x41a946?, 0x0?)
	runtime/netpoll.go:575 +0xf7 fp=0x393925cdfbc8 sp=0x393925cdfb90 pc=0x44fb77
internal/poll.runtime_pollWait(0x4047439a00, 0x72)
	runtime/netpoll.go:351 +0x85 fp=0x393925cdfbe8 sp=0x393925cdfbc8 pc=0x48dcc5
internal/poll.(*pollDesc).wait(0x3939194e4000?, 0x370016?, 0x0)
	internal/poll/fd_poll_runtime.go:84 +0x27 fp=0x393925cdfc10 sp=0x393925cdfbe8 pc=0x4d9307
internal/poll.(*pollDesc).waitRead(...)
	internal/poll/fd_poll_runtime.go:89
internal/poll.(*FD).Accept(0x3939194e4000)
	internal/poll/fd_unix.go:613 +0x28c fp=0x393925cdfcb8 sp=0x393925cdfc10 pc=0x4de38c
net.(*netFD).accept(0x3939194e4000)
	net/fd_unix.go:150 +0x29 fp=0x393925cdfd70 sp=0x393925cdfcb8 pc=0x5e6669
net.(*TCPListener).accept(0x393926500600)
	net/tcpsock_posix.go:159 +0x1b fp=0x393925cdfdc0 sp=0x393925cdfd70 pc=0x60077b
net.(*TCPListener).Accept(0x393926500600)
	net/tcpsock.go:387 +0x30 fp=0x393925cdfdf0 sp=0x393925cdfdc0 pc=0x5ff6d0
net/http.(*onceCloseListener).Accept(0x4ba9100?)
	<autogenerated>:1 +0x1b fp=0x393925cdfe08 sp=0x393925cdfdf0 pc=0x77cafb
net/http.(*Server).Serve(0x39391950e100, {0x4ba25f0, 0x393926500600})
	net/http/server.go:3434 +0x30c fp=0x393925cdff38 sp=0x393925cdfe08 pc=0x754d2c
github.com/minio/console/api.(*Server).Serve.func2({0x4ba25f0, 0x393926500600})
	github.com/minio/console@v1.7.7-0.20250905210349-2017f33b26e1/api/custom-server.go:238 +0x6d fp=0x393925cdffc0 sp=0x393925cdff38 pc=0x182cd4d
github.com/minio/console/api.(*Server).Serve.gowrap3()
	github.com/minio/console@v1.7.7-0.20250905210349-2017f33b26e1/api/custom-server.go:242 +0x1f fp=0x393925cdffe0 sp=0x393925cdffc0 pc=0x182ccbf
runtime.goexit({})
	runtime/asm_amd64.s:1771 +0x1 fp=0x393925cdffe8 sp=0x393925cdffe0 pc=0x4966c1
created by github.com/minio/console/api.(*Server).Serve in goroutine 674
	github.com/minio/console@v1.7.7-0.20250905210349-2017f33b26e1/api/custom-server.go:236 +0x7db

goroutine 670 gp=0x393925e2d0e0 m=nil [select, 255 minutes]:
runtime.gopark(0x393925e24f20?, 0x2?, 0x70?, 0x0?, 0x393925e24e44?)
	runtime/proc.go:462 +0xce fp=0x393925e24c88 sp=0x393925e24c68 pc=0x48eaee
runtime.selectgo(0x393925e24f20, 0x393925e24e40, 0x0?, 0x0, 0x0?, 0x1)
	runtime/select.go:351 +0xaa5 fp=0x393925e24db8 sp=0x393925e24c88 pc=0x46a9a5
github.com/minio/minio/cmd.(*batchJobMetrics).purgeJobMetrics(0x6ed9320)
	github.com/minio/minio/cmd/batch-handlers.go:2204 +0xef fp=0x393925e24fc8 sp=0x393925e24db8 pc=0x26d5fef
github.com/minio/minio/cmd.serverMain.func16.14.gowrap2()
	github.com/minio/minio/cmd/server-main.go:1145 +0x17 fp=0x393925e24fe0 sp=0x393925e24fc8 pc=0x2a5b1f7
runtime.goexit({})
	runtime/asm_amd64.s:1771 +0x1 fp=0x393925e24fe8 sp=0x393925e24fe0 pc=0x4966c1
created by github.com/minio/minio/cmd.serverMain.func16.14 in goroutine 200
	github.com/minio/minio/cmd/server-main.go:1145 +0x174

goroutine 52546 gp=0x39391a224d20 m=nil [sync.WaitGroup.Wait]:
runtime.gopark(0x39391b9e5898?, 0x425654?, 0x10?, 0xc3?, 0x3939269079f0?)
	runtime/proc.go:462 +0xce fp=0x39391b9e5838 sp=0x39391b9e5818 pc=0x48eaee
runtime.goparkunlock(...)
	runtime/proc.go:468
runtime.semacquire1(0x3939262ba948, 0x0, 0x1, 0x0, 0x19)
	runtime/sema.go:192 +0x232 fp=0x39391b9e58a0 sp=0x39391b9e5838 pc=0x46b832
sync.runtime_SemacquireWaitGroup(0x3939267007e0?, 0x20?)
	runtime/sema.go:114 +0x2e fp=0x39391b9e58d8 sp=0x39391b9e58a0 pc=0x49054e
sync.(*WaitGroup).Wait(0x3939262ba940)
	sync/waitgroup.go:206 +0x85 fp=0x39391b9e5900 sp=0x39391b9e58d8 pc=0x4a1ca5
github.com/minio/minio/cmd.erasureObjects.getObjectFileInfo.func1()
	github.com/minio/minio/cmd/erasure-object.go:773 +0x46a fp=0x39391b9e5fe0 sp=0x39391b9e5900 pc=0x282eeaa
runtime.goexit({})
	runtime/asm_amd64.s:1771 +0x1 fp=0x39391b9e5fe8 sp=0x39391b9e5fe0 pc=0x4966c1
created by github.com/minio/minio/cmd.erasureObjects.getObjectFileInfo in goroutine 52545
	github.com/minio/minio/cmd/erasure-object.go:729 +0x5bb

goroutine 52506 gp=0x39391a2643c0 m=9 mp=0x39391a35d808 [running]:
	goroutine running on other thread; stack unavailable
created by github.com/minio/minio/cmd.erasureObjects.getObjectFileInfo.func1 in goroutine 52546
	github.com/minio/minio/cmd/erasure-object.go:744 +0x42c

goroutine 52544 gp=0x39391a76e780 m=nil [IO wait]:
runtime.gopark(0x393919811048?, 0x39391b748da0?, 0x60?, 0xf6?, 0xb?)
	runtime/proc.go:462 +0xce fp=0x39391b748da8 sp=0x39391b748d88 pc=0x48eaee
runtime.netpollblock(0x4b2e38?, 0x41a946?, 0x0?)
	runtime/netpoll.go:575 +0xf7 fp=0x39391b748de0 sp=0x39391b748da8 pc=0x44fb77
internal/poll.runtime_pollWait(0x4047439800, 0x72)
	runtime/netpoll.go:351 +0x85 fp=0x39391b748e00 sp=0x39391b748de0 pc=0x48dcc5
internal/poll.(*pollDesc).wait(0x39392677dc00?, 0x3939267a1ba1?, 0x0)
	internal/poll/fd_poll_runtime.go:84 +0x27 fp=0x39391b748e28 sp=0x39391b748e00 pc=0x4d9307
internal/poll.(*pollDesc).waitRead(...)
	internal/poll/fd_poll_runtime.go:89
internal/poll.(*FD).Read(0x39392677dc00, {0x3939267a1ba1, 0x1, 0x1})
	internal/poll/fd_unix.go:165 +0x2ae fp=0x39391b748ec0 sp=0x39391b748e28 pc=0x4da52e
net.(*netFD).Read(0x39392677dc00, {0x3939267a1ba1?, 0x490905?, 0x55a76f?})
	net/fd_posix.go:68 +0x25 fp=0x39391b748f08 sp=0x39391b748ec0 pc=0x5e4925
net.(*conn).Read(0x39391b79b300, {0x3939267a1ba1?, 0x3939266824d0?, 0x39391b748fa8?})
	net/net.go:196 +0x45 fp=0x39391b748f50 sp=0x39391b748f08 pc=0x5f54e5
github.com/minio/minio/internal/deadlineconn.(*DeadlineConn).Read(0x39391a4b3b90, {0x3939267a1ba1, 0x1, 0x1})
	github.com/minio/minio/internal/deadlineconn/deadlineconn.go:97 +0x6d fp=0x39391b748f80 sp=0x39391b748f50 pc=0x8861ad
net/http.(*connReader).backgroundRead(0x3939267a1b80)
	net/http/server.go:702 +0x33 fp=0x39391b748fc8 sp=0x39391b748f80 pc=0x749053
net/http.(*connReader).startBackgroundRead.gowrap2()
	net/http/server.go:698 +0x17 fp=0x39391b748fe0 sp=0x39391b748fc8 pc=0x748fb7
runtime.goexit({})
	runtime/asm_amd64.s:1771 +0x1 fp=0x39391b748fe8 sp=0x39391b748fe0 pc=0x4966c1
created by net/http.(*connReader).startBackgroundRead in goroutine 52485
	net/http/server.go:698 +0xb6
